{
"type": "FeatureCollection",
"name": "edges",
"crs": { "type": "name", "properties": { "name": "urn:ogc:def:crs:EPSG::32647" } },
"features": [
{ "type": "Feature", "properties": { "edge_id": 0, "u": 0, "v": 4, "length_m": 17211.433761407257, "source": "osm", "waterway_tag": "river", "name": "แคววังทอง" }, "geometry": { "type": "LineString", "coordinates": [ [ 641722.313056932063773, 1844367.096856391755864 ], [ 641735.691658509196714, 1844119.769291414180771 ], [ 641722.515750413993374, 1843968.199764158809558 ], [ 641618.240439595887437, 1843770.878390456549823 ], [ 641606.829023736994714, 1843706.624710950767621 ], [ 641608.413608508999459, 1843612.692260154988617 ], [ 641621.990319592179731, 1843495.713437679456547 ], [ 641641.524789361283183, 1843429.120602627051994 ], [ 641656.123776937718503, 1843399.009891003370285 ], [ 641679.982444095658138, 1843371.837720868876204 ], [ 641719.71697251056321, 1843347.094889944652095 ], [ 641748.950271602137946, 1843329.695872402284294 ], [ 641845.420682225842029, 1843305.884208521572873 ], [ 641972.696408587507904, 1843284.933925998164341 ], [ 642013.308723261463456, 1843272.590419801883399 ], [ 642049.047507964656688, 1843255.345817126333714 ], [ 642071.007393939304166, 1843241.1075955752749 ], [ 642085.201533979736269, 1843223.829996492248029 ], [ 642120.486653588130139, 1843146.720009620767087 ], [ 642133.184449764899909, 1843113.941240046173334 ], [ 642136.002162625896744, 1843091.276483197929338 ], [ 642131.112713061273098, 1843072.765055297641084 ], [ 642102.84491549548693, 1843041.262080776505172 ], [ 642072.574949332978576, 1843006.09429892199114 ], [ 642045.84768997807987, 1842951.475536268670112 ], [ 642037.082712176605128, 1842922.315759887220338 ], [ 642036.573680649627931, 1842886.682599727762863 ], [ 642067.971363973803818, 1842752.782406944315881 ], [ 642074.180543613852933, 1842701.370891267899424 ], [ 642078.702756299171597, 1842631.02673148107715 ], [ 642076.658495091018267, 1842601.690468880347908 ], [ 642065.744006182183512, 1842574.950696292333305 ], [ 642020.778758482891135, 1842504.055333348689601 ], [ 641978.325549798668362, 1842456.302969613578171 ], [ 641934.954031225875951, 1842418.281910430407152 ], [ 641847.678578557563014, 1842358.059691985370591 ], [ 641829.583580855163746, 1842352.406682729022577 ], [ 641809.534862943692133, 1842351.830647581489757 ], [ 641793.612667604233138, 1842356.261397184571251 ], [ 641777.846373776090331, 1842369.323995637940243 ], [ 641709.299147690064274, 1842444.000239716144279 ], [ 641642.900984399369918, 1842532.411710394313559 ], [ 641495.943812391255051, 1842705.710918137105182 ], [ 641468.506921688560396, 1842725.556580259930342 ], [ 641370.385666648158804, 1842772.817206034203991 ], [ 641287.851697322446853, 1842801.813534818356857 ], [ 641251.559540802845731, 1842805.998918482568115 ], [ 641201.200642613344826, 1842808.320706131635234 ], [ 641168.486804362386465, 1842803.677860662573949 ], [ 641097.712744527379982, 1842780.304231374990195 ], [ 641059.173100737389177, 1842769.537169099319726 ], [ 641000.435999406618066, 1842764.611649092053995 ], [ 640936.830584756913595, 1842770.055277837906033 ], [ 640822.953141355188563, 1842796.964961613761261 ], [ 640783.237100094556808, 1842818.943299887469038 ], [ 640755.448952271137387, 1842843.656134481774643 ], [ 640617.458184503833763, 1843049.661943270126358 ], [ 640576.717998769134283, 1843097.636805252404884 ], [ 640531.439351681270637, 1843138.389483272330835 ], [ 640486.986269964836538, 1843167.197401482844725 ], [ 640437.891647756099701, 1843188.229241926688701 ], [ 640387.592412542551756, 1843197.856217208318412 ], [ 640339.372858906630427, 1843199.419504915596917 ], [ 640272.694080579793081, 1843185.923472812166438 ], [ 640227.129629883915186, 1843173.009258589008823 ], [ 640192.499827304272912, 1843151.647011732216924 ], [ 640162.8393533998169, 1843120.690917836036533 ], [ 640142.85913859331049, 1843077.405686152400449 ], [ 640105.880792721640319, 1843007.673815652728081 ], [ 640070.944033500272781, 1842968.052427947288379 ], [ 640044.115499467705376, 1842944.307450477266684 ], [ 639990.87954891868867, 1842913.860570836579427 ], [ 639935.793448278564028, 1842872.779229510808364 ], [ 639915.490925651276484, 1842845.979091143701226 ], [ 639904.234383738832548, 1842822.225946330698207 ], [ 639900.265947156818584, 1842793.098792714299634 ], [ 639907.360552252037451, 1842768.47031266358681 ], [ 639922.305501707014628, 1842750.311123507330194 ], [ 639956.197302005253732, 1842738.030231266049668 ], [ 640012.163143429905176, 1842726.447699869982898 ], [ 640073.333343488862738, 1842718.219045385951176 ], [ 640145.402831605519168, 1842706.964038694510236 ], [ 640202.690264840610325, 1842689.083599009783939 ], [ 640256.900817540939897, 1842668.748735019704327 ], [ 640293.126006909180433, 1842642.320426137885079 ], [ 640324.147010528715327, 1842612.5383751464542 ], [ 640348.931512679555453, 1842574.195176950888708 ], [ 640364.832282344577834, 1842540.551456649554893 ], [ 640374.391296538058668, 1842498.124558256473392 ], [ 640376.484370650490746, 1842455.648475936148316 ], [ 640357.912391575635411, 1842279.480886176461354 ], [ 640354.729860754217952, 1842082.501733852084726 ], [ 640353.688954857294448, 1842046.201463406672701 ], [ 640351.449570182827301, 1842029.921070292126387 ], [ 640345.034167869482189, 1841999.892498813569546 ], [ 640320.48607319558505, 1841937.434562339214608 ], [ 640312.779337899759412, 1841925.322908940957859 ], [ 640295.591558013344184, 1841911.378441671840847 ], [ 640278.04663986095693, 1841903.074820887530223 ], [ 640256.97175257652998, 1841896.297095713904127 ], [ 640238.85056049504783, 1841894.518102411180735 ], [ 640215.163421023869887, 1841895.690075365127996 ], [ 640203.003513651085086, 1841895.720737954135984 ], [ 640187.781046604039147, 1841891.083940784214064 ], [ 640170.349284348310903, 1841881.785302603850141 ], [ 640149.051129344967194, 1841860.289696939988062 ], [ 640047.613639287301339, 1841730.383193504530936 ], [ 639998.686861430178396, 1841676.728281752206385 ], [ 639973.758231883868575, 1841655.762295802123845 ], [ 639938.494362879777327, 1841633.068740204907954 ], [ 639893.834833550732583, 1841611.752047046553344 ], [ 639862.76393182342872, 1841600.261836120625958 ], [ 639828.898771092994139, 1841591.962206803495064 ], [ 639795.455878246109933, 1841584.32930466439575 ], [ 639745.928928514942527, 1841573.271507803816348 ], [ 639716.771277589024976, 1841562.789915336994454 ], [ 639700.216274491162039, 1841549.845986984670162 ], [ 639686.039693591883406, 1841532.049042468192056 ], [ 639679.752391325891949, 1841514.857048270758241 ], [ 639677.312857311568223, 1841496.47311207652092 ], [ 639677.073856512899511, 1841451.54751765076071 ], [ 639678.083511457894929, 1841395.1224731199909 ], [ 639701.638248912990093, 1841251.431392795871943 ], [ 639749.60438240878284, 1841061.316517657833174 ], [ 639849.287570556160063, 1840955.303076436044648 ], [ 639901.419594800216146, 1840878.411052998853847 ], [ 639969.808384157717228, 1840681.238215222721919 ], [ 640000.991281360969879, 1840627.113534836098552 ], [ 640030.992904044454917, 1840590.463894565822557 ], [ 640062.503805833403021, 1840567.655497707193717 ], [ 640099.276142955524847, 1840555.836087324656546 ], [ 640135.561529138940386, 1840553.197522650239989 ], [ 640166.229037087410688, 1840561.365845652064309 ], [ 640191.571715774829499, 1840584.437027948908508 ], [ 640211.911703084362671, 1840622.081220533698797 ], [ 640234.218798933550715, 1840701.23229858581908 ], [ 640248.377375768730417, 1840721.795730010839179 ], [ 640272.859169031842612, 1840745.967878781026229 ], [ 640364.416482407017611, 1840837.967558823758736 ], [ 640408.520259535056539, 1840879.087921326747164 ], [ 640476.43292866460979, 1840981.665634059812874 ], [ 640559.351469301851466, 1841008.436188217252493 ], [ 640643.838156069861725, 1841007.665405894163996 ], [ 640713.260265935445204, 1840978.247670830925927 ], [ 640753.931386900832877, 1840941.337424643337727 ], [ 640760.076122266240418, 1840883.06505467905663 ], [ 640700.441640930017456, 1840625.298085772898048 ], [ 640692.820687353378162, 1840600.13011875981465 ], [ 640689.221530600218102, 1840563.591665072366595 ], [ 640719.488975040614605, 1840308.962870398536325 ], [ 640721.506672663846985, 1840277.994001116370782 ], [ 640718.707531383261085, 1840249.538326112087816 ], [ 640715.220937052858062, 1840228.27040946460329 ], [ 640707.800748899229802, 1840204.98484075604938 ], [ 640690.523873435799032, 1840172.007675050292164 ], [ 640570.312891522306018, 1840008.669674400938675 ], [ 640526.30319288733881, 1839969.209506969200447 ], [ 640476.813131097122096, 1839935.799143477110192 ], [ 640217.43089758430142, 1839830.967009738786146 ], [ 640174.194352218764834, 1839803.573625208809972 ], [ 640115.902814066037536, 1839762.028894823975861 ], [ 639824.720384582527913, 1839446.647101144306362 ], [ 639808.129487004829571, 1839422.637988006230444 ], [ 639798.274668660596944, 1839379.973129883641377 ], [ 639805.273273042985238, 1839337.529305038042367 ], [ 639820.764375015744008, 1839301.448165253968909 ], [ 639852.786861354135908, 1839265.917931521311402 ], [ 639891.524031322798692, 1839231.316940588178113 ], [ 639977.770633331732824, 1839174.676133182132617 ], [ 640026.476680582854897, 1839132.837810927303508 ], [ 640141.225224637426436, 1838992.179711092496291 ], [ 640280.092005033628084, 1838623.077048821607605 ], [ 640332.028705902048387, 1838560.67956026038155 ], [ 640394.841618323465809, 1838499.128225268330425 ], [ 640494.737269735545851, 1838427.86242697830312 ], [ 640605.586073373560794, 1838345.825411606114358 ], [ 640673.335281882667914, 1838280.102572243195027 ], [ 640923.128441818407737, 1838143.214748323662207 ], [ 641118.934105016058311, 1838088.407578590558842 ], [ 641280.507132461993024, 1838031.826587163377553 ], [ 641371.217346251360141, 1837979.093068336835131 ], [ 641404.668820369173773, 1837921.776103969430551 ], [ 641397.610596183105372, 1837859.875656026182696 ], [ 641358.155551755917259, 1837760.360924407606944 ], [ 641295.693437540438026, 1837671.316608633613214 ], [ 641272.171698022517376, 1837582.197990036802366 ], [ 641297.528320130892098, 1837490.636298092780635 ], [ 641354.923157932818867, 1837426.506574736908078 ], [ 641416.066217084415257, 1837408.653751395875588 ], [ 641574.00637244025711, 1837418.219613255932927 ], [ 641771.784243991831318, 1837308.658709052018821 ], [ 641805.838189118541777, 1837257.321372997947037 ], [ 641794.206057659699582, 1837161.309967358596623 ], [ 641750.021447563776746, 1837083.229400086449459 ], [ 641685.567518646130338, 1837020.94829220790416 ], [ 641592.419604336493649, 1837022.21211118856445 ], [ 641435.733700583921745, 1837096.749120774678886 ], [ 641315.066048428881913, 1837113.32311151153408 ], [ 641249.211521878954954, 1837101.380147562595084 ], [ 641135.1080280484166, 1837044.85854578926228 ], [ 641042.796859508380294, 1837000.2103364050854 ], [ 640935.685547886416316, 1836967.193912882823497 ], [ 640866.154598141554743, 1836930.220961320446804 ], [ 640833.183468261035159, 1836898.468358103418723 ], [ 640813.069264009012841, 1836826.081180057954043 ], [ 640788.873299661208875, 1836725.451325290137902 ], [ 640827.180053440504707, 1836643.711743141058832 ], [ 640925.530124245327897, 1836436.115850502625108 ], [ 641006.080394320655614, 1836371.695132950553671 ], [ 641064.245339435641654, 1836352.825607768259943 ], [ 641111.179805576102808, 1836354.352443303912878 ], [ 641270.250740765943192, 1836420.02266574697569 ], [ 641323.667322575696744, 1836441.620550229679793 ], [ 641385.645973052247427, 1836443.02614441793412 ], [ 641465.844171638833359, 1836432.04894085158594 ], [ 641539.386846556095406, 1836427.224407140864059 ], [ 641586.017989351414144, 1836426.20532812946476 ], [ 641651.239531962783076, 1836437.370419803541154 ], [ 641735.647125580115244, 1836451.318504441529512 ], [ 641831.414386441814713, 1836473.751735870260745 ], [ 641873.847250309539959, 1836478.348630602937192 ], [ 641909.702951695304364, 1836477.258768130792305 ], [ 641944.557898340979591, 1836466.203752246452495 ], [ 641968.347525103832595, 1836450.538634835043922 ], [ 641985.635132919996977, 1836433.945157640380785 ], [ 642013.09382588241715, 1836379.908623954514042 ] ] } },
{ "type": "Feature", "properties": { "edge_id": 1, "u": 2, "v": 3, "length_m": 12884.813044396213, "source": "osm", "waterway_tag": "river", "name": "แคววังทอง" }, "geometry": { "type": "LineString", "coordinates": [ [ 641545.788049227325246, 1826744.053323180181906 ], [ 641728.124479176942259, 1826837.536283670226112 ], [ 641749.250005542649888, 1826838.892696535680443 ], [ 641767.636895951582119, 1826834.698585198959336 ], [ 641824.665944492910057, 1826797.785717053106055 ], [ 641896.077476700651459, 1826765.061937425518408 ], [ 641947.440550507162698, 1826745.705293918261304 ], [ 641975.429398037376814, 1826742.238640495808795 ], [ 642016.894033963792026, 1826750.921857080189511 ], [ 642061.985464263008907, 1826776.11594825820066 ], [ 642128.261458136490546, 1826842.169330917764455 ], [ 642177.008462493075058, 1826895.60358789563179 ], [ 642213.701393782976083, 1826964.006631825584918 ], [ 642255.363892377354205, 1827023.369347323663533 ], [ 642289.724668933544308, 1827057.013037397060543 ], [ 642340.496237036422826, 1827078.593944316031411 ], [ 642410.936094900360331, 1827095.879262781469151 ], [ 642443.678224625764415, 1827116.013200024375692 ], [ 642448.608940008911304, 1827128.991929594194517 ], [ 642447.43455660471227, 1827145.139057022985071 ], [ 642416.069336018757895, 1827191.072312988573685 ], [ 642393.897239681566134, 1827234.964150518877432 ], [ 642353.031787779415026, 1827264.900944697204977 ], [ 642288.709150999202393, 1827307.185968983452767 ], [ 642242.164452770724893, 1827340.515507652191445 ], [ 642211.929494603769854, 1827377.051240600645542 ], [ 642200.842784809530713, 1827423.340233747847378 ], [ 642198.521912239142694, 1827483.739773419452831 ], [ 642202.867610004497692, 1827520.614974486874416 ], [ 642228.98728786164429, 1827557.523614702746272 ], [ 642281.27587893686723, 1827591.617977461311966 ], [ 642320.160848671104759, 1827618.874060818692669 ], [ 642395.764351416495629, 1827678.130063782446086 ], [ 642425.214162333635613, 1827711.741553466068581 ], [ 642429.365732796490192, 1827745.628003751393408 ], [ 642424.594441288500093, 1827773.037609370658174 ], [ 642386.082904106355272, 1827850.569421677151695 ], [ 642352.235780133167282, 1827916.845876369858161 ], [ 642295.62147993023973, 1828004.216397833544761 ], [ 642275.091325129847974, 1828058.188332175835967 ], [ 642274.177657323540188, 1828099.454763095127419 ], [ 642293.759586302214302, 1828140.303679256699979 ], [ 642321.604985510697588, 1828174.347053953679278 ], [ 642381.40832227258943, 1828201.631289337063208 ], [ 642411.929782251711003, 1828234.475384924793616 ], [ 642419.533178818761371, 1828262.852230192394927 ], [ 642410.808613984845579, 1828290.899534052470699 ], [ 642391.613724811468273, 1828320.537189335562289 ], [ 642359.525350206997246, 1828346.991205682046711 ], [ 642341.632572578731924, 1828373.428672245703638 ], [ 642298.719695738400333, 1828390.516434747260064 ], [ 642262.857502865954302, 1828406.655119794653729 ], [ 642237.326441030949354, 1828442.226034015417099 ], [ 642225.505385490949266, 1828486.629103255691007 ], [ 642230.511316898860969, 1828536.565447833854705 ], [ 642250.317298310110345, 1828575.756098010344431 ], [ 642274.36468962719664, 1828603.024653778411448 ], [ 642314.891984660644084, 1828655.962616913253441 ], [ 642343.102710447623394, 1828731.391678815940395 ], [ 642367.730011930456385, 1828767.737525907112285 ], [ 642413.814938838477246, 1828803.34048705548048 ], [ 642472.384389539714903, 1828839.358331125229597 ], [ 642516.397382111637853, 1828849.387585026444867 ], [ 642531.703421092359349, 1828858.894436791073531 ], [ 642548.417672311188653, 1828881.356730452971533 ], [ 642553.261384155484848, 1828923.435989917023107 ], [ 642547.635753080947325, 1828966.994858856778592 ], [ 642524.892100123804994, 1829000.702882119221613 ], [ 642493.374085359391756, 1829021.73856708756648 ], [ 642436.129248960642144, 1829059.643765864195302 ], [ 642384.568539212807082, 1829077.337800397071987 ], [ 642345.049410961102694, 1829097.878029149025679 ], [ 642321.553279321291484, 1829132.466447282582521 ], [ 642318.100749697070569, 1829170.2859345683828 ], [ 642320.493464574916288, 1829227.950555164599791 ], [ 642306.33086299081333, 1829287.49714790773578 ], [ 642286.178250992903486, 1829332.951470903819427 ], [ 642269.389436469646171, 1829353.97440222883597 ], [ 642236.253024023957551, 1829377.765938096679747 ], [ 642178.116241910262033, 1829421.640921036247164 ], [ 642144.729232663172297, 1829451.074081330094486 ], [ 642116.514052253682166, 1829473.127963138278574 ], [ 642098.429993709782138, 1829512.510358350351453 ], [ 642102.196334579959512, 1829540.08717719418928 ], [ 642128.874125595437363, 1829572.905587611719966 ], [ 642166.936858202214353, 1829594.84506731457077 ], [ 642229.681079769623466, 1829596.477850896539167 ], [ 642285.657109580934048, 1829604.815620394423604 ], [ 642331.958863147068769, 1829607.446228618500754 ], [ 642380.542130033834837, 1829604.006304828915745 ], [ 642416.055466026300564, 1829608.003994782222435 ], [ 642444.049563744105399, 1829603.210473468294367 ], [ 642478.197312088450417, 1829587.835399519186467 ], [ 642528.954377877293155, 1829546.346517725847661 ], [ 642555.915905937086791, 1829536.345711837988347 ], [ 642591.299106030957773, 1829543.883632085286081 ], [ 642608.265243636909872, 1829576.52754231588915 ], [ 642605.211161901359446, 1829618.554395348066464 ], [ 642566.311519585317001, 1829690.550696945982054 ], [ 642510.612335167825222, 1829785.22947886143811 ], [ 642493.850779043626972, 1829802.158350429264829 ], [ 642445.23805815866217, 1829826.17874857946299 ], [ 642411.799568991875276, 1829847.31236749724485 ], [ 642394.724133169744164, 1829879.39831692003645 ], [ 642395.184882012894377, 1829922.554996233200654 ], [ 642393.022681416478008, 1829974.988901596516371 ], [ 642388.073293391382322, 1830029.285371901933104 ], [ 642368.293331396300346, 1830066.885904749855399 ], [ 642344.363001216202974, 1830134.887758105993271 ], [ 642338.272124738898128, 1830184.308048689970747 ], [ 642341.50687246164307, 1830227.593780656578019 ], [ 642375.735215850407258, 1830296.424066742183641 ], [ 642409.937148210825399, 1830337.038411337416619 ], [ 642461.584635735722259, 1830370.133767925435677 ], [ 642520.61018808290828, 1830401.065260677831247 ], [ 642538.538897044025362, 1830417.228667916962877 ], [ 642539.920480538159609, 1830434.167361459229141 ], [ 642531.971336531685665, 1830458.015046006068587 ], [ 642518.019581389031373, 1830485.806274587055668 ], [ 642496.645014614216052, 1830538.55520371068269 ], [ 642487.834294254542328, 1830579.658642687136307 ], [ 642492.465480715618469, 1830621.515261443564668 ], [ 642528.938196168746799, 1830705.741227173944935 ], [ 642560.460402605356649, 1830780.086492778733373 ], [ 642585.215096905361861, 1830844.981550893979147 ], [ 642603.070597482379526, 1830888.143287807004526 ], [ 642620.136996311834082, 1830905.518231643596664 ], [ 642647.377360339276493, 1830917.538972782436758 ], [ 642667.933653504471295, 1830939.695141836302355 ], [ 642694.020645378739573, 1830996.743049332406372 ], [ 642699.095035005942918, 1831052.102085033431649 ], [ 642694.453237038338557, 1831108.171035505598411 ], [ 642704.550491904257797, 1831162.456993988482282 ], [ 642738.683305594604462, 1831213.140801833709702 ], [ 642797.190832328400575, 1831257.347927997354418 ], [ 642843.838353727711365, 1831287.64490418904461 ], [ 642867.074265216011554, 1831323.982449557399377 ], [ 642878.543645448982716, 1831364.446353079052642 ], [ 642872.266389166237786, 1831393.616305337287486 ], [ 642841.996154895517975, 1831452.059497177600861 ], [ 642826.483322921441868, 1831505.953685128828511 ], [ 642826.814055482740514, 1831552.429164263419807 ], [ 642836.977008882677183, 1831596.757128725759685 ], [ 642862.234911233768798, 1831633.882730434415862 ], [ 642901.191097768140025, 1831649.190825024619699 ], [ 642955.851058594998904, 1831646.014371792552993 ], [ 643000.656674096477218, 1831648.304868184262887 ], [ 643038.522756739635952, 1831667.036125692306086 ], [ 643069.483193807071075, 1831697.11840444477275 ], [ 643081.210046423249878, 1831746.878861846867949 ], [ 643103.003491653129458, 1831775.350918261101469 ], [ 643146.287146853283048, 1831797.770032942062244 ], [ 643200.689054072834551, 1831801.231558761326596 ], [ 643312.762964681372978, 1831797.886354853631929 ], [ 643374.615994515828788, 1831788.23067400814034 ], [ 643473.436243175412528, 1831756.139074654318392 ], [ 643514.643843827070668, 1831753.869900676421821 ], [ 643563.243460237048566, 1831763.268655919237062 ], [ 643590.759415457141586, 1831781.710340809077024 ], [ 643603.534365509520285, 1831802.266342593822628 ], [ 643608.684631536249071, 1831829.963595347478986 ], [ 643605.544045965187252, 1831852.736668379977345 ], [ 643592.004341463441961, 1831898.566149602876976 ], [ 643545.476397805148736, 1831978.255230879876763 ], [ 643509.94651732838247, 1832041.088414259022102 ], [ 643509.827256534830667, 1832058.902426790678874 ], [ 643500.991129789035767, 1832071.67878816020675 ], [ 643494.561981637962162, 1832107.486672614468262 ], [ 643497.781137783778831, 1832136.720087236259133 ], [ 643512.006153160124086, 1832163.814168527489528 ], [ 643533.492554097203538, 1832206.116077282698825 ], [ 643540.751009806757793, 1832237.700228112982586 ], [ 643541.039279237040319, 1832258.39390172646381 ], [ 643534.074316988349892, 1832278.59639706579037 ], [ 643521.868048308882862, 1832300.64486347627826 ], [ 643493.083466201322153, 1832328.336189275607467 ], [ 643469.940426234155893, 1832358.167681749677286 ], [ 643462.388689254992642, 1832386.333138857968152 ], [ 643461.682629689690657, 1832428.043845037696883 ], [ 643477.082027942291461, 1832470.968880663393065 ], [ 643496.299840539461002, 1832501.415934171294793 ], [ 643524.040854204911739, 1832533.911809902871028 ], [ 643524.847084944020025, 1832556.932628929847851 ], [ 643517.871835115598515, 1832610.551675881491974 ], [ 643503.149989002617076, 1832657.701084411470219 ], [ 643485.718286602990702, 1832695.205712170572951 ], [ 643458.67117390956264, 1832718.482639072462916 ], [ 643429.249120899359696, 1832729.904037948930636 ], [ 643388.082083142362535, 1832758.287133448524401 ], [ 643359.98967112833634, 1832794.282041736179963 ], [ 643330.648089753929526, 1832841.555026012007147 ], [ 643286.96087529626675, 1832911.747504523722455 ], [ 643258.648181334836408, 1832964.781297896057367 ], [ 643254.930114419781603, 1832994.189598460914567 ], [ 643250.900414588279091, 1833054.246139254188165 ], [ 643261.045083231292665, 1833085.074951082468033 ], [ 643294.60475229122676, 1833125.023109603440389 ], [ 643330.848085037665442, 1833146.621216494357213 ], [ 643366.594035828020424, 1833146.860410157591105 ], [ 643444.52820089913439, 1833125.473198996391147 ], [ 643505.40979248273652, 1833116.918201870750636 ], [ 643555.383109744521789, 1833111.941761784022674 ], [ 643619.319820087519474, 1833125.205830670893192 ], [ 643697.219741657725535, 1833156.710548518225551 ], [ 643833.90674746397417, 1833237.296753524104133 ], [ 643887.42802359291818, 1833260.118397711543366 ], [ 643916.770587982959114, 1833308.116873411694542 ], [ 643950.069595942972228, 1833338.991036619292572 ], [ 643996.804626217694022, 1833355.34960456029512 ], [ 644063.0731950084446, 1833339.086844218662009 ], [ 644095.530456810840406, 1833336.428226597374305 ], [ 644149.554984739632346, 1833363.680012371158227 ], [ 644221.483545797993429, 1833426.018344157841057 ], [ 644275.471429652534425, 1833490.338476394070312 ], [ 644316.368938099127263, 1833565.303760183509439 ], [ 644319.838098495616578, 1833604.719069847138599 ], [ 644300.14027726824861, 1833661.682514459826052 ], [ 644245.968053063726984, 1833799.078669922892004 ], [ 644235.82969654945191, 1833862.634985966375098 ], [ 644240.299582202453166, 1833911.905008741654456 ], [ 644253.214545912109315, 1833974.731411831686273 ], [ 644275.409270683885552, 1834022.239797660615295 ], [ 644278.856652471004054, 1834049.04069585679099 ], [ 644266.827296313364059, 1834076.511869708774611 ], [ 644187.815458535449579, 1834147.349851445527747 ], [ 644085.945927821449004, 1834221.68573825317435 ], [ 643971.594551565940492, 1834279.893655846826732 ], [ 643933.500281253596768, 1834327.660216828109697 ], [ 643938.377370571251959, 1834379.920473449397832 ], [ 643944.288804173585959, 1834405.299395886948332 ], [ 643962.971093321335502, 1834467.389826947124675 ], [ 643960.976904011215083, 1834605.248107363004237 ], [ 643946.80351596721448, 1834697.768044008873403 ], [ 643925.166383735602722, 1834773.640077323419973 ], [ 643931.686151368776336, 1834819.604273998411372 ], [ 643964.252840767614543, 1834847.928788533899933 ], [ 644019.381215542089194, 1834853.279014634899795 ], [ 644096.27184933447279, 1834859.329157089116052 ], [ 644137.712670859415084, 1834884.947423191508278 ], [ 644145.178779026260599, 1834932.909831898519769 ], [ 644143.842153407400474, 1834988.77986593847163 ], [ 644115.395533360657282, 1835077.552124630892649 ], [ 644088.580530822277069, 1835130.041686146752909 ], [ 644059.813694572425447, 1835171.342325944220647 ], [ 644034.309426993713714, 1835187.657711489591748 ], [ 644012.562586827320047, 1835200.568215938052163 ] ] } },
{ "type": "Feature", "properties": { "edge_id": 2, "u": 3, "v": 4, "length_m": 2610.9855765403572, "source": "osm", "waterway_tag": "river", "name": "แคววังทอง" }, "geometry": { "type": "LineString", "coordinates": [ [ 644012.562586827320047, 1835200.568215938052163 ], [ 643942.8986307248706, 1835198.99294609692879 ], [ 643860.135516424197704, 1835177.85517336986959 ], [ 643800.259525348199531, 1835164.617131605977193 ], [ 643765.280104650766589, 1835161.947754354448989 ], [ 643732.071378051186912, 1835165.708110247738659 ], [ 643691.722015360253863, 1835184.137198198121041 ], [ 643595.065713384421542, 1835245.78504240186885 ], [ 643496.999966890318319, 1835310.854018197394907 ], [ 643456.477779984008521, 1835323.307183107361197 ], [ 643380.817171626491472, 1835340.946826426777989 ], [ 643253.588305487879552, 1835379.486419478664175 ], [ 643179.292107715038583, 1835384.632296989904717 ], [ 643126.798465531901456, 1835400.325482138432562 ], [ 643081.984983480302617, 1835464.203402901533991 ], [ 643037.701936828903854, 1835496.660021752119064 ], [ 643014.699439078802243, 1835506.02223600470461 ], [ 642988.103440481121652, 1835510.270503433188424 ], [ 642970.064289468107745, 1835511.367103927768767 ], [ 642949.405888413311914, 1835505.253895921166986 ], [ 642934.505172903765924, 1835499.732431867858395 ], [ 642855.45182828058023, 1835450.407288521761075 ], [ 642840.769611034076661, 1835444.112796731293201 ], [ 642823.303772856132127, 1835439.238196277758107 ], [ 642802.200774255208671, 1835435.777796613518149 ], [ 642781.183048756676726, 1835435.526867099804804 ], [ 642758.746571806957945, 1835440.024484854191542 ], [ 642731.593484423472546, 1835447.810187993105501 ], [ 642710.715353530365974, 1835458.625357614364475 ], [ 642669.524787955451757, 1835491.435274647548795 ], [ 642604.437964235665277, 1835587.710260874824598 ], [ 642538.256036144215614, 1835688.293494916753843 ], [ 642510.593244897783734, 1835772.64650070737116 ], [ 642486.219623293727636, 1835859.787715230835602 ], [ 642450.459979738574475, 1835926.382687931414694 ], [ 642414.035497681703418, 1835980.691026658285409 ], [ 642366.143960792920552, 1836026.624260956421494 ], [ 642292.33889609342441, 1836070.614744591992348 ], [ 642219.186782175442204, 1836144.81748500559479 ], [ 642164.196533292997628, 1836231.534064834238961 ], [ 642124.078892029239796, 1836279.843112391419709 ], [ 642092.39190775481984, 1836311.831921483157203 ], [ 642051.138388364342973, 1836338.445977862225845 ], [ 642019.256597645930015, 1836367.667316923150793 ], [ 642013.09382588241715, 1836379.908623954514042 ] ] } },
{ "type": "Feature", "properties": { "edge_id": 3, "u": 3, "v": 27, "length_m": 198.9739540209184, "source": "osm", "waterway_tag": "river", "name": null }, "geometry": { "type": "LineString", "coordinates": [ [ 644132.256105569540523, 1835359.515049658715725 ], [ 644012.562586827320047, 1835200.568215938052163 ] ] } },
{ "type": "Feature", "properties": { "edge_id": 4, "u": 4, "v": 48, "length_m": 3864.3966575264544, "source": "osm", "waterway_tag": "canal", "name": null }, "geometry": { "type": "LineString", "coordinates": [ [ 642013.09382588241715, 1836379.908623954514042 ], [ 641974.760454018949531, 1836368.478338045766577 ], [ 641932.968970852904022, 1836363.664215470431373 ], [ 641909.619039004086517, 1836361.296223086770624 ], [ 641890.258401396102272, 1836352.647635955596343 ], [ 641865.802179059479386, 1836324.048129899660125 ], [ 641839.059668100671843, 1836286.249483740190044 ], [ 641829.99016762629617, 1836270.255625954363495 ], [ 641818.801275460980833, 1836235.990352600347251 ], [ 641808.584577494882978, 1836216.005474767414853 ], [ 641796.134736334555782, 1836194.899289533263072 ], [ 641787.863750130403787, 1836155.010205379221588 ], [ 641774.353232546593063, 1836116.856803660513833 ], [ 641766.619276280864142, 1836076.418043066048995 ], [ 641758.271550409495831, 1836031.991797450464219 ], [ 641756.76399935700465, 1836001.884828835027292 ], [ 641754.144809735473245, 1835978.520182863110676 ], [ 641743.044698469457217, 1835914.711849694838747 ], [ 641740.855519745964557, 1835842.55313278385438 ], [ 641744.484072952065617, 1835794.112205726094544 ], [ 641741.761799888452515, 1835770.193632587790489 ], [ 641730.504257249762304, 1835746.218505306402221 ], [ 641722.13720840960741, 1835704.669091121992096 ], [ 641705.17472367384471, 1835672.136091627879068 ], [ 641700.752648969879374, 1835647.099765288643539 ], [ 641700.018167002010159, 1835613.01451962464489 ], [ 641687.101352394092828, 1835565.681167023489252 ], [ 641676.945421354146674, 1835552.557137774303555 ], [ 641665.342402746318839, 1835548.496877889148891 ], [ 641636.21922597498633, 1835547.750788528937846 ], [ 641604.73052296123933, 1835549.755344225792214 ], [ 641582.360195848043077, 1835560.4510325610172 ], [ 641541.041794217773713, 1835580.647961304523051 ], [ 641470.226610487443395, 1835640.484051708132029 ], [ 641401.766340270987712, 1835699.229409323306754 ], [ 641317.071941598202102, 1835760.523310024756938 ], [ 641232.763862874591723, 1835811.86152386222966 ], [ 641169.651583415688947, 1835836.451880318811163 ], [ 641117.530607571592554, 1835844.62802188238129 ], [ 641057.993190938956104, 1835844.899201483232901 ], [ 641016.117267349734902, 1835836.545604221988469 ], [ 640987.701770422980189, 1835825.625204298412427 ], [ 640950.473255000077188, 1835808.229050861438736 ], [ 640878.753270387649536, 1835762.832555876579136 ], [ 640847.649636403075419, 1835738.837923803599551 ], [ 640774.705690723028965, 1835652.382533029187471 ], [ 640729.416137999389321, 1835595.21034519886598 ], [ 640671.295253319549374, 1835526.003682527225465 ], [ 640609.91360095073469, 1835465.84909003553912 ], [ 640504.158143930835649, 1835371.323024444049224 ], [ 640401.201904251123779, 1835272.832532699452713 ], [ 640317.017654430237599, 1835191.505807580659166 ], [ 640273.705174411414191, 1835141.65064555243589 ], [ 640233.515604498796165, 1835087.390058567514643 ], [ 640155.777822642121464, 1834982.759212801000103 ], [ 640105.312907639192417, 1834917.034695003181696 ], [ 640071.199225590913557, 1834879.85434277029708 ], [ 640033.089216168038547, 1834850.061443934915587 ], [ 640004.047725697397254, 1834836.704113834071904 ], [ 639973.665801511611789, 1834832.521991308545694 ], [ 639944.946126186638139, 1834835.211068057222292 ], [ 639914.518985047005117, 1834854.265184491639957 ], [ 639887.304339491180144, 1834904.21161943115294 ], [ 639842.704565256368369, 1834985.800943735754117 ], [ 639746.720982142724097, 1835142.296516339527443 ], [ 639658.613017449621111, 1835302.052675119368359 ], [ 639614.889323081588373, 1835380.43924389895983 ] ] } },
{ "type": "Feature", "properties": { "edge_id": 5, "u": 6, "v": 7, "length_m": 1804.6783810733882, "source": "osm", "waterway_tag": "canal", "name": null }, "geometry": { "type": "LineString", "coordinates": [ [ 639425.130705994321033, 1836288.741949600633234 ], [ 639317.463876127498224, 1836274.651604478945956 ], [ 639261.986478034872562, 1836257.914090316276997 ], [ 639163.730612978921272, 1836191.216627859510481 ], [ 639127.278426986187696, 1836152.805342772044241 ], [ 639079.67189239023719, 1836090.531936924206093 ], [ 639009.484286826569587, 1836005.98197849909775 ], [ 638950.093861522618681, 1835950.935201779240742 ], [ 638861.22356064338237, 1835884.410961235640571 ], [ 638827.467290534870699, 1835824.994397521484643 ], [ 638796.25743063155096, 1835701.971032090485096 ], [ 638808.249062737450004, 1835613.308039914583787 ], [ 638863.815137201570906, 1835518.067592572653666 ], [ 638914.299663474084809, 1835466.058179849525914 ], [ 638953.514234727248549, 1835457.23959239362739 ], [ 639026.678061523823999, 1835478.185067697893828 ], [ 639170.682120841811411, 1835467.171219299081713 ], [ 639298.00935254432261, 1835444.763480720110238 ], [ 639361.961430383496918, 1835422.054209375288337 ], [ 639428.880860158707947, 1835386.086503194179386 ], [ 639466.203593867365271, 1835356.565017695305869 ], [ 639489.121566132642329, 1835327.170971346553415 ] ] } },
{ "type": "Feature", "properties": { "edge_id": 6, "u": 6, "v": 48, "length_m": 966.14770303305477, "source": "osm", "waterway_tag": "canal", "name": null }, "geometry": { "type": "LineString", "coordinates": [ [ 639425.130705994321033, 1836288.741949600633234 ], [ 639448.74970644665882, 1836282.588929573539644 ], [ 639473.411178115289658, 1836263.828666121000424 ], [ 639489.111077994573861, 1836228.63381087151356 ], [ 639493.014881423790939, 1836186.280432907864451 ], [ 639471.703961301944219, 1835969.378674350911751 ], [ 639461.704760188120417, 1835833.878266150597483 ], [ 639462.14049395499751, 1835767.048708515707403 ], [ 639473.434800607501529, 1835703.941391207976267 ], [ 639490.323958897497505, 1835633.678332213312387 ], [ 639542.016449534567073, 1835511.194327968172729 ], [ 639582.717626241035759, 1835438.099108661524951 ], [ 639614.889323081588373, 1835380.43924389895983 ] ] } },
{ "type": "Feature", "properties": { "edge_id": 7, "u": 6, "v": 6, "length_m": 9.9729247919050046, "source": "osm", "waterway_tag": "canal", "name": null }, "geometry": { "type": "LineString", "coordinates": [ [ 639587.575774845201522, 1835429.389480595709756 ], [ 639582.717626241035759, 1835438.099108661524951 ] ] } },
{ "type": "Feature", "properties": { "edge_id": 8, "u": 6, "v": 6, "length_m": 12.090725724972945, "source": "osm", "waterway_tag": "stream", "name": null }, "geometry": { "type": "LineString", "coordinates": [ [ 639433.365066888276488, 1836416.706704742042348 ], [ 639432.590219543781132, 1836404.640833030920476 ] ] } },
{ "type": "Feature", "properties": { "edge_id": 9, "u": 6, "v": 6, "length_m": 12.401560578790964, "source": "osm", "waterway_tag": "stream", "name": null }, "geometry": { "type": "LineString", "coordinates": [ [ 638925.128626738907769, 1838560.332908964483067 ], [ 638931.598269218928181, 1838549.752623950829729 ] ] } },
{ "type": "Feature", "properties": { "edge_id": 10, "u": 6, "v": 51, "length_m": 5577.5673247517816, "source": "osm", "waterway_tag": "canal", "name": null }, "geometry": { "type": "LineString", "coordinates": [ [ 639425.130705994321033, 1836288.741949600633234 ], [ 639432.590219543781132, 1836404.640833030920476 ], [ 639434.432554008322768, 1836432.979174290085211 ], [ 639434.235573538462631, 1836463.18526305956766 ], [ 639427.053481489536352, 1836501.091281686676666 ], [ 639415.996898659039289, 1836527.796415502438322 ], [ 639385.872352888109162, 1836566.327402910450473 ], [ 639340.850829640286975, 1836615.162401546258479 ], [ 639322.452579955104738, 1836638.832182797137648 ], [ 639311.859700207365677, 1836659.897245232481509 ], [ 639305.197610000614077, 1836683.532867349451408 ], [ 639302.036673594499007, 1836710.178845735033974 ], [ 639312.230076377745718, 1836750.411108313128352 ], [ 639329.308222656487487, 1836781.946924096439034 ], [ 639347.481348096975125, 1836792.79839875898324 ], [ 639369.98892605653964, 1836793.387724036350846 ], [ 639394.787386134034023, 1836786.246529490454122 ], [ 639563.0806575283641, 1836714.094402281101793 ], [ 639581.349099477403797, 1836710.340927576879039 ], [ 639604.806106190662831, 1836712.596439541783184 ], [ 639628.973050392814912, 1836720.499755595577881 ], [ 639646.283945506438613, 1836732.673657948384061 ], [ 639735.150127400062047, 1836815.245892377570271 ], [ 639786.391596033237875, 1836859.508913826663047 ], [ 639832.845376335200854, 1836918.014598301844671 ], [ 639899.935208683251403, 1837018.4811471181456 ], [ 639934.330712554277852, 1837060.974592393264174 ], [ 639962.965350763057359, 1837119.695930971996859 ], [ 639986.627601410495117, 1837155.701500900555402 ], [ 640057.316824904293753, 1837227.644544791197404 ], [ 640079.170987696386874, 1837262.753193339100108 ], [ 640082.483296886202879, 1837278.265913696493953 ], [ 640077.280587153509259, 1837290.735270175850019 ], [ 640040.108177027199417, 1837330.215027722297236 ], [ 639963.374424779205583, 1837383.04565333831124 ], [ 639874.929981491761282, 1837432.14842027798295 ], [ 639763.745762772392482, 1837500.023923676693812 ], [ 639671.480236019589938, 1837562.601759994868189 ], [ 639615.788230096222833, 1837611.919610205106437 ], [ 639559.94860879285261, 1837667.543666636105627 ], [ 639531.519813485210761, 1837707.966504612704739 ], [ 639516.793118029483594, 1837741.286600665887818 ], [ 639508.408732861047611, 1837783.610756769310683 ], [ 639513.636982061434537, 1837816.175962642766535 ], [ 639535.858218626584858, 1837893.112111027119681 ], [ 639570.715503708459437, 1837979.093496194342151 ], [ 639588.479286859743297, 1838036.083628234220669 ], [ 639586.46548189537134, 1838066.72050288785249 ], [ 639578.09147145296447, 1838091.119421989889815 ], [ 639563.4422635800438, 1838112.600444954121485 ], [ 639545.206508580362424, 1838127.861649584723637 ], [ 639520.629361775703728, 1838134.008153792703524 ], [ 639492.513329975306988, 1838126.632285920204595 ], [ 639473.494538081926294, 1838114.779207614250481 ], [ 639462.713782249251381, 1838099.328484095167369 ], [ 639431.571492332383059, 1837999.87224782933481 ], [ 639408.414290624554269, 1837935.544197414303198 ], [ 639386.909661656012759, 1837879.525706857675686 ], [ 639350.07336917007342, 1837818.759951999410987 ], [ 639298.651934604626149, 1837769.628061717841774 ], [ 639265.034888931084424, 1837755.024439501576126 ], [ 639240.599441899335943, 1837755.750376425916329 ], [ 639221.415796427056193, 1837769.124634835403413 ], [ 639218.500811864272691, 1837790.792993565322831 ], [ 639230.589993593166582, 1837883.817580402130261 ], [ 639232.020633869571611, 1837942.581937200389802 ], [ 639221.881735971663147, 1837975.932094403076917 ], [ 639198.023151045665145, 1838002.775165762752295 ], [ 639166.138516710372642, 1838017.062548270914704 ], [ 639120.770623707212508, 1838021.303684236947447 ], [ 639081.637647978728637, 1838018.282625330612063 ], [ 639045.419553271029145, 1838009.969425214454532 ], [ 638962.925845520221628, 1837981.438274546759203 ], [ 638933.855123926885426, 1837973.171766384970397 ], [ 638899.392179092741571, 1837973.832860821392387 ], [ 638863.887142179533839, 1837987.10129506723024 ], [ 638844.639232584508136, 1838010.433907711412758 ], [ 638835.371661118697375, 1838041.134271570947021 ], [ 638838.758533060434274, 1838078.113260702462867 ], [ 638855.905163407325745, 1838099.026844156440347 ], [ 638893.848186632618308, 1838120.960853900760412 ], [ 638929.089649146073498, 1838148.188551209867001 ], [ 638958.819205332081765, 1838186.334775955416262 ], [ 638980.42389402363915, 1838227.083777624182403 ], [ 638991.84664444020018, 1838275.069430688628927 ], [ 638997.912448377930559, 1838326.561024400172755 ], [ 638997.542331676580943, 1838383.432575200917199 ], [ 638988.192564991535619, 1838426.746421842835844 ], [ 638969.610362522071227, 1838478.962821129476652 ], [ 638942.05595380498562, 1838532.891252284869552 ], [ 638931.598269218928181, 1838549.752623950829729 ], [ 638913.59341594693251, 1838578.847023739479482 ], [ 638851.106674541602843, 1838689.422291583614424 ], [ 638834.532899541198276, 1838728.152572530321777 ], [ 638821.496705419733189, 1838764.25026855384931 ], [ 638811.324216740438715, 1838802.911529553355649 ], [ 638806.5077682150295, 1838838.177471159258857 ], [ 638805.414133608224802, 1838875.127360404469073 ], [ 638817.239333715755492, 1839008.869087694212794 ], [ 638822.069580565439537, 1839102.731459568953142 ], [ 638822.597241524024867, 1839300.465972386766225 ], [ 638828.475125298136845, 1839380.835920193465427 ], [ 638840.722825774573721, 1839449.518436219543219 ], [ 638852.275416775606573, 1839493.853496066527441 ], [ 638863.76231395022478, 1839531.881102420855314 ], [ 638882.044405092252418, 1839574.821526393294334 ] ] } },
{ "type": "Feature", "properties": { "edge_id": 11, "u": 7, "v": 7, "length_m": 11.450683827448991, "source": "osm", "waterway_tag": "canal", "name": null }, "geometry": { "type": "LineString", "coordinates": [ [ 639489.121566132642329, 1835327.170971346553415 ], [ 639496.170213875593618, 1835318.146852269768715 ] ] } },
{ "type": "Feature", "properties": { "edge_id": 12, "u": 7, "v": 7, "length_m": 3.2248582623123041, "source": "osm", "waterway_tag": "canal", "name": null }, "geometry": { "type": "LineString", "coordinates": [ [ 639489.121566132642329, 1835327.170971346553415 ], [ 639491.288322473759763, 1835329.559459941927344 ] ] } },
{ "type": "Feature", "properties": { "edge_id": 13, "u": 7, "v": 7, "length_m": 7.2580367020266046, "source": "mitrearth_supplement", "waterway_tag": "minor_stream", "name": "คลองบางกระท" }, "geometry": { "type": "LineString", "coordinates": [ [ 639488.433800001279451, 1835336.232599999057129 ], [ 639491.288322473759763, 1835329.559459941927344 ] ] } },
{ "type": "Feature", "properties": { "edge_id": 14, "u": 7, "v": 7, "length_m": 12.412915754886654, "source": "mitrearth_supplement", "waterway_tag": "minor_stream", "name": "คลองบางกระท" }, "geometry": { "type": "LineString", "coordinates": [ [ 639491.288322473759763, 1835329.559459941927344 ], [ 639496.170213875593618, 1835318.146852269768715 ] ] } },
{ "type": "Feature", "properties": { "edge_id": 15, "u": 7, "v": 7, "length_m": 12.535538520059278, "source": "osm", "waterway_tag": "canal", "name": null }, "geometry": { "type": "LineString", "coordinates": [ [ 639525.737750987289473, 1835249.025548024801537 ], [ 639529.336521147983149, 1835237.017693124013022 ] ] } },
{ "type": "Feature", "properties": { "edge_id": 16, "u": 7, "v": 7, "length_m": 12.640703027264411, "source": "mitrearth_supplement", "waterway_tag": "minor_stream", "name": "คลองบางกระท" }, "geometry": { "type": "LineString", "coordinates": [ [ 639525.737750987289473, 1835249.025548024801537 ], [ 639528.549800000968389, 1835242.451700000325218 ], [ 639529.336521147983149, 1835237.017693124013022 ] ] } },
{ "type": "Feature", "properties": { "edge_id": 17, "u": 7, "v": 48, "length_m": 143.09317958829882, "source": "osm", "waterway_tag": "canal", "name": null }, "geometry": { "type": "LineString", "coordinates": [ [ 639491.288322473759763, 1835329.559459941927344 ], [ 639519.313058933592401, 1835360.452072161249816 ], [ 639541.294359258143231, 1835376.528976425528526 ], [ 639563.028450350277126, 1835381.428677076706663 ], [ 639614.889323081588373, 1835380.43924389895983 ] ] } },
{ "type": "Feature", "properties": { "edge_id": 18, "u": 7, "v": 12, "length_m": 1477.2734384287871, "source": "osm", "waterway_tag": "canal", "name": null }, "geometry": { "type": "LineString", "coordinates": [ [ 638863.609066270291805, 1834270.162855441216379 ], [ 638904.138448231737129, 1834269.872797327348962 ], [ 638907.556402863934636, 1834268.717916881665587 ], [ 638973.540000985143706, 1834246.422955303220078 ], [ 639018.288788770092651, 1834237.761612962232903 ], [ 639060.931892568129115, 1834229.507835848489776 ], [ 639107.321512939990498, 1834233.460636786185205 ], [ 639125.381337568163872, 1834238.320887419162318 ], [ 639164.200799045851454, 1834248.767960749100894 ], [ 639200.439969525439665, 1834271.244089311221614 ], [ 639226.147716858307831, 1834288.783218488562852 ], [ 639245.441367474501021, 1834308.161701927892864 ], [ 639262.774131161277182, 1834333.723818321013823 ], [ 639286.769145130761899, 1834384.889323104871437 ], [ 639306.928725983016193, 1834435.144710297463462 ], [ 639332.524666272103786, 1834486.210057771997526 ], [ 639408.052940689725801, 1834619.702536537544802 ], [ 639426.753560484852642, 1834664.526757470099255 ], [ 639461.320614625117742, 1834796.092989675002173 ], [ 639481.384795188438147, 1834893.59537360817194 ], [ 639532.789682946982794, 1835060.900739596923813 ], [ 639549.478087032679468, 1835136.030016323551536 ], [ 639544.126541238743812, 1835187.668496788712218 ], [ 639525.737750987289473, 1835249.025548024801537 ], [ 639510.532923123682849, 1835299.758814841276035 ], [ 639496.170213875593618, 1835318.146852269768715 ] ] } },
{ "type": "Feature", "properties": { "edge_id": 19, "u": 12, "v": 12, "length_m": 33.828415125289283, "source": "osm", "waterway_tag": "canal", "name": null }, "geometry": { "type": "LineString", "coordinates": [ [ 638863.609066270291805, 1834270.162855441216379 ], [ 638863.589972618967295, 1834270.16299208952114 ], [ 638830.116514811175875, 1834265.409276925958693 ] ] } },
{ "type": "Feature", "properties": { "edge_id": 20, "u": 12, "v": 106, "length_m": 918.37272984976607, "source": "mitrearth_supplement", "waterway_tag": "minor_stream", "name": "คลองบางกระท" }, "geometry": { "type": "LineString", "coordinates": [ [ 638863.609066270291805, 1834270.162855441216379 ], [ 638840.326900000916794, 1834272.259199999272823 ], [ 638812.843500001821667, 1834263.7410000001546 ], [ 638768.654000002308749, 1834229.157999999821186 ], [ 638742.786800000816584, 1834200.7738 ], [ 638726.130200000014156, 1834162.481599999358878 ], [ 638726.385800001095049, 1834102.103900000685826 ], [ 638735.15940000070259, 1834012.711999999126419 ], [ 638747.726100000785664, 1833933.268200000515208 ], [ 638758.717800000915304, 1833862.232699999585748 ], [ 638764.366200001444668, 1833790.407299998914823 ], [ 638766.881200001109391, 1833738.437899998854846 ], [ 638772.381100000464357, 1833701.775299999862909 ], [ 638792.600000000325963, 1833619.312100000679493 ], [ 638833.350900001358241, 1833442.568099999800324 ] ] } },
{ "type": "Feature", "properties": { "edge_id": 21, "u": 14, "v": 52, "length_m": 4390.8064549801911, "source": "osm", "waterway_tag": "river", "name": null }, "geometry": { "type": "LineString", "coordinates": [ [ 644891.801362542784773, 1841142.014394949423149 ], [ 644846.879014403210022, 1841142.578516274923459 ], [ 644812.666607521125115, 1841138.362664611777291 ], [ 644782.968678838806227, 1841129.087507328717038 ], [ 644746.56808635010384, 1841101.50924593070522 ], [ 644713.688063025241718, 1841058.131651372648776 ], [ 644660.499904060270637, 1840973.564321365673095 ], [ 644604.963898583548144, 1840889.09189851093106 ], [ 644528.841539804125205, 1840804.369500273372978 ], [ 644454.708284265361726, 1840756.618757309624925 ], [ 644372.5884846172994, 1840722.535117642721161 ], [ 644287.892349765403196, 1840706.581347386119887 ], [ 644205.702262601815164, 1840698.611821493599564 ], [ 644138.204516556928866, 1840694.836025733500719 ], [ 644094.48205793928355, 1840708.704080125316978 ], [ 644045.139760459191166, 1840733.378170453710482 ], [ 643925.880106094991788, 1840780.928035283926874 ], [ 643887.951489501050673, 1840805.679484336171299 ], [ 643867.062681538634934, 1840834.529401041800156 ], [ 643856.51972529431805, 1840879.383006221847609 ], [ 643861.964717748574913, 1840926.114888973068446 ], [ 643879.988736724248156, 1840974.038159385323524 ], [ 643918.346780421910807, 1841043.675822249380872 ], [ 643951.079105281969532, 1841093.358226975658908 ], [ 643985.182969734538347, 1841145.262999600730836 ], [ 644054.364360451931134, 1841246.976943886373192 ], [ 644162.10132144135423, 1841388.786618675338104 ], [ 644228.811677402816713, 1841508.631544809555635 ], [ 644255.96160882874392, 1841563.36679512495175 ], [ 644285.089193337131292, 1841656.843777029775083 ], [ 644307.38309846795164, 1841735.55780901806429 ], [ 644323.54906938818749, 1841774.063603174639866 ], [ 644346.941729770740494, 1841816.491183211561292 ], [ 644384.329629254876636, 1841871.406655635917559 ], [ 644510.628672770224512, 1841980.591251076199114 ], [ 644532.931371682090685, 1841994.905986804282293 ], [ 644549.300823583849706, 1842003.315929568372667 ], [ 644577.272993522929028, 1842015.234813660383224 ], [ 644662.433940761722624, 1842040.488163030706346 ], [ 644707.697760792565532, 1842050.64350908389315 ], [ 644736.857335425913334, 1842060.468279710970819 ], [ 644755.987811177503318, 1842070.667583217145875 ], [ 644767.330567621393129, 1842081.035310944076627 ], [ 644776.082651467993855, 1842095.922201199922711 ], [ 644780.865748542826623, 1842114.101709718583152 ], [ 644782.541414152248763, 1842134.362508265767246 ], [ 644781.588834315771237, 1842164.674834129633382 ], [ 644777.380916750989854, 1842187.440672307508066 ], [ 644772.578899381682277, 1842203.45266983914189 ], [ 644758.242098338087089, 1842225.596442037494853 ], [ 644509.045659511582926, 1842544.354690595064312 ], [ 644467.410469645867124, 1842596.964224457275122 ], [ 644446.707790219923481, 1842614.196294866967946 ], [ 644420.376304412493482, 1842627.849349960451946 ], [ 644382.640020740916952, 1842640.318621349288151 ], [ 644342.391987741459161, 1842645.689185324124992 ], [ 644305.37367475987412, 1842646.655602900544181 ], [ 644264.638850033050403, 1842645.162566957063973 ], [ 644230.969619493931532, 1842639.844606499420479 ], [ 644189.225874221185222, 1842629.824656243203208 ], [ 644089.816006577224471, 1842598.390791478566825 ], [ 644055.610721084289253, 1842577.688826341181993 ], [ 644017.017742407508194, 1842543.347036913270131 ], [ 643962.534611619310454, 1842477.030120890820399 ], [ 643908.266342278104275, 1842378.846995332743973 ], [ 643859.524386674747802, 1842283.578319754684344 ], [ 643796.253897313261405, 1842191.531328871380538 ] ] } },
{ "type": "Feature", "properties": { "edge_id": 22, "u": 14, "v": 14, "length_m": 13.986263083615254, "source": "osm", "waterway_tag": "river", "name": null }, "geometry": { "type": "LineString", "coordinates": [ [ 643958.787211937364191, 1841105.028730256715789 ], [ 643951.079105281969532, 1841093.358226975658908 ] ] } },
{ "type": "Feature", "properties": { "edge_id": 23, "u": 14, "v": 18, "length_m": 8038.7818498417855, "source": "osm", "waterway_tag": "river", "name": null }, "geometry": { "type": "LineString", "coordinates": [ [ 645337.845926681882702, 1837332.671735289506614 ], [ 645285.672743145260029, 1837328.550675067352131 ], [ 645280.31509801291395, 1837328.127484900644049 ], [ 645222.071620116592385, 1837311.133788005914539 ], [ 645118.27160410117358, 1837262.737598050385714 ], [ 645022.411687022540718, 1837223.358653825242072 ], [ 644927.494495946913958, 1837202.244161648675799 ], [ 644871.508280669339001, 1837198.434378489851952 ], [ 644787.797774322563782, 1837208.157764583360404 ], [ 644677.870688062277623, 1837213.609861826058477 ], [ 644597.899204415152781, 1837206.87214565416798 ], [ 644534.899836020427756, 1837183.09845003276132 ], [ 644487.091462669195607, 1837153.231133458670229 ], [ 644425.847103391075507, 1837090.741485438542441 ], [ 644389.385131303220987, 1837055.307844354538247 ], [ 644344.860197579255328, 1837044.716491794679314 ], [ 644310.392498965957202, 1837061.524137923493981 ], [ 644291.87309216381982, 1837086.517076398944482 ], [ 644283.580414635594934, 1837129.615309700369835 ], [ 644289.049330284469761, 1837172.917097135912627 ], [ 644300.134389177663252, 1837221.90005151508376 ], [ 644318.982346039032564, 1837306.23338231141679 ], [ 644330.687766878982075, 1837437.102949885651469 ], [ 644332.386298960540444, 1837517.337040677666664 ], [ 644316.046094309422188, 1837567.241332234116271 ], [ 644280.231485556112602, 1837625.644972508307546 ], [ 644237.499291440937668, 1837665.744402691023424 ], [ 644180.087713049259037, 1837699.437689998187125 ], [ 644107.863268562592566, 1837714.884306018007919 ], [ 644024.209059821208939, 1837716.643939941190183 ], [ 643964.749284709338099, 1837721.88645990123041 ], [ 643935.921453752904199, 1837741.056293420260772 ], [ 643924.394815520616248, 1837773.3996051766444 ], [ 643926.473475685692392, 1837813.2482360356953 ], [ 643944.516932011465542, 1837842.913812952116132 ], [ 643991.077760357991792, 1837883.615466515533626 ], [ 644094.902065033325925, 1837944.067464596824721 ], [ 644230.450543419923633, 1838046.117990908678621 ], [ 644286.164513838361017, 1838105.693006511777639 ], [ 644366.705602786038071, 1838201.287215000484139 ], [ 644461.988358078990132, 1838341.242305412422866 ], [ 644548.185022426885553, 1838452.14559838664718 ], [ 644642.549733020248823, 1838554.031169969355687 ], [ 644724.480629708850756, 1838617.215364891337231 ], [ 644800.881701044389047, 1838661.994153733598068 ], [ 644851.094573126640171, 1838682.805356370983645 ], [ 644892.256240897113457, 1838685.408300495240837 ], [ 644994.302853501401842, 1838661.093525286065415 ], [ 645087.121336944052018, 1838644.683487686794251 ], [ 645112.297242782544345, 1838644.854549789335579 ], [ 645133.966973032336682, 1838658.612051332602277 ], [ 645144.105620421702042, 1838689.442314364016056 ], [ 645144.969967951532453, 1838734.926309357630089 ], [ 645131.531503314618021, 1838859.982792821712792 ], [ 645112.355946147115901, 1838981.570068582426757 ], [ 645113.892967905849218, 1839085.040489180479199 ], [ 645124.549058229662478, 1839196.650534990476444 ], [ 645144.362263169954531, 1839326.469863970531151 ], [ 645162.05217849672772, 1839391.985739810625091 ], [ 645197.795933774206787, 1839469.464258762309328 ], [ 645223.072352649411187, 1839517.438084007706493 ], [ 645228.509209977230057, 1839549.342989915283397 ], [ 645213.560224188724533, 1839582.768978400388733 ], [ 645184.582206153078005, 1839624.177168213995174 ], [ 645163.693731201812625, 1839636.870770339621231 ], [ 645137.537868856918067, 1839639.79115456272848 ], [ 645107.909967279294506, 1839635.606207777746022 ], [ 645061.074791756574996, 1839620.460406469879672 ], [ 644902.125026357243769, 1839573.349293358856812 ], [ 644815.310536508681253, 1839554.502452190732583 ], [ 644760.196667343378067, 1839548.817271410487592 ], [ 644713.260586464079097, 1839548.498988148523495 ], [ 644657.641264060977846, 1839554.429132981691509 ], [ 644593.32676799048204, 1839568.378123658709228 ], [ 644490.748958581825718, 1839608.846055407542735 ], [ 644395.048753344453871, 1839641.947286211652681 ], [ 644346.211205433239229, 1839654.673877286026254 ], [ 644305.844216242898256, 1839661.040025820722803 ], [ 644180.662454570760019, 1839668.382232169620693 ], [ 644091.717204882530496, 1839680.727820854634047 ], [ 644048.981192487059161, 1839690.398009732132778 ], [ 644035.307614056859165, 1839696.06787130003795 ], [ 643999.879167726263404, 1839710.758567469194531 ], [ 643962.408191628404893, 1839730.64442673465237 ], [ 643928.2067976356484, 1839756.084993530996144 ], [ 643898.184306975919753, 1839794.610714008565992 ], [ 643895.683828066685237, 1839833.211378056555986 ], [ 643908.025541029637679, 1839869.699089449597523 ], [ 643923.728846275364049, 1839879.786873486591503 ], [ 643933.0924291475676, 1839885.802027643658221 ], [ 643986.655239287298173, 1839915.70744790835306 ], [ 644137.263146936660632, 1839981.566307070432231 ], [ 644262.749879525508732, 1840039.289499303326011 ], [ 644363.100032574729994, 1840091.200143007328734 ], [ 644462.267656582407653, 1840160.14373470749706 ], [ 644576.154491637018509, 1840245.010855586268008 ], [ 644658.040362967527471, 1840313.838376554427668 ], [ 644808.240365837235004, 1840454.832598523003981 ], [ 644847.955527401762083, 1840497.150140224955976 ], [ 644925.351999216945842, 1840567.054895256645977 ], [ 644953.691621774574742, 1840603.65211437898688 ], [ 644969.413542304304428, 1840644.70037365378812 ], [ 644979.210784041322768, 1840694.228621485177428 ], [ 644978.592399111017585, 1840973.511325092986226 ], [ 644971.075430886936374, 1841059.326575870160013 ], [ 644952.538559049600735, 1841102.908311012201011 ], [ 644932.955533617874607, 1841127.782673268346116 ], [ 644904.058969004894607, 1841141.86046761716716 ], [ 644891.801362542784773, 1841142.014394949423149 ] ] } },
{ "type": "Feature", "properties": { "edge_id": 24, "u": 14, "v": 37, "length_m": 13262.331422308092, "source": "mitrearth_supplement", "waterway_tag": "major_river", "name": null }, "geometry": { "type": "LineString", "coordinates": [ [ 644891.801362542784773, 1841142.014394949423149 ], [ 644890.805820883018896, 1841154.458381125004962 ], [ 644894.368067386676557, 1841181.772810780443251 ], [ 644916.920460484107025, 1841179.393229500157759 ], [ 644958.463006057194434, 1841152.08881308301352 ], [ 644985.764945584814996, 1841111.707104693865404 ], [ 645007.12999773863703, 1841047.580071942647919 ], [ 645021.370525270700455, 1840978.714154436485842 ], [ 645028.494885957567021, 1840883.71340678515844 ], [ 645033.236256657866761, 1840778.025020597036928 ], [ 645023.745280375354923, 1840700.830707031534985 ], [ 645017.808310931315646, 1840643.832299295580015 ], [ 644982.202785467728972, 1840571.397042148280889 ], [ 644928.786167753860354, 1840520.337415928021073 ], [ 644826.710881253122352, 1840450.271635800134391 ], [ 644715.136392740299925, 1840338.64446065062657 ], [ 644640.363020872347988, 1840262.649831045651808 ], [ 644548.372376253944822, 1840193.17401241348125 ], [ 644496.143206545268185, 1840169.428901924053207 ], [ 644452.225864496780559, 1840144.493924672948197 ], [ 644410.683293584967032, 1840096.993554092943668 ], [ 644340.651342090917751, 1840042.364756163675338 ], [ 644269.431957093067467, 1840017.429763586493209 ], [ 644212.461478761164472, 1839984.176558397943154 ], [ 644118.697941689519212, 1839941.425259365234524 ], [ 644049.853387196315452, 1839892.735165583668277 ], [ 644005.936023443355225, 1839852.363369531463832 ], [ 643988.125030990340747, 1839811.99164910800755 ], [ 644039.166777028003708, 1839772.799587449291721 ], [ 644110.386149949394166, 1839744.305389034096152 ], [ 644259.941005349624902, 1839700.364279839443043 ], [ 644369.140706337289885, 1839690.866262878291309 ], [ 644449.851107098627836, 1839663.551831312011927 ], [ 644545.403904372127727, 1839645.145565865561366 ], [ 644618.998079698998481, 1839607.143340796697885 ], [ 644694.958768924116157, 1839588.147199577419087 ], [ 644754.304088746663183, 1839585.767699097283185 ], [ 644817.211644538096152, 1839592.896209385013208 ], [ 644915.733039269573055, 1839617.831090118270367 ], [ 645013.058676795568317, 1839655.83333938405849 ], [ 645100.893403630005196, 1839690.266395720886067 ], [ 645155.49746826721821, 1839691.456094179768115 ], [ 645218.404930966557004, 1839672.459995964542031 ], [ 645249.260877042426728, 1839624.95971092232503 ], [ 645264.697177967056632, 1839579.828809151425958 ], [ 645259.947491622180678, 1839519.27122921962291 ], [ 645237.395102596725337, 1839483.648438683710992 ], [ 645214.842779340222478, 1839438.517645615153015 ], [ 645197.040023363777436, 1839363.71288325637579 ], [ 645180.424638251308352, 1839240.20802244101651 ], [ 645164.988429022487253, 1839097.70700296247378 ], [ 645165.582140789483674, 1838977.171514505054802 ], [ 645169.144249820150435, 1838903.546496673952788 ], [ 645173.893913161475211, 1838802.6070485052187 ], [ 645186.95532142650336, 1838712.365445090224966 ], [ 645184.580487670609728, 1838664.865155630744994 ], [ 645170.331703790696338, 1838625.673035948304459 ], [ 645128.789135507773608, 1838613.795525378081948 ], [ 645070.631167350453325, 1838617.364819238660857 ], [ 644976.859447105787694, 1838631.611852512927726 ], [ 644917.514145746128634, 1838632.8016651654616 ], [ 644874.784193360828795, 1838632.801647065440193 ], [ 644820.180149395600893, 1838623.303576670354232 ], [ 644734.720260719768703, 1838578.17275943630375 ], [ 644684.874098325497471, 1838542.550015842076391 ], [ 644626.114242029376328, 1838494.459837887901813 ], [ 644576.268052582978271, 1838429.143118777545169 ], [ 644525.226342506939545, 1838378.083497492130846 ], [ 644468.255831838119775, 1838292.580874517327175 ], [ 644414.839213049272075, 1838213.017045491375029 ], [ 644345.994630188681185, 1838127.514452282572165 ], [ 644292.586361001129262, 1838066.956754725426435 ], [ 644252.2311536076013, 1838024.205492711625993 ], [ 644220.773278754204512, 1838012.927793622715399 ], [ 644176.295188519638032, 1837995.041441413108259 ], [ 644168.428671131143346, 1837986.753086995333433 ], [ 644156.101131931180134, 1837979.044656693469733 ], [ 644145.323756400495768, 1837972.106097469804808 ], [ 644132.996201049769297, 1837964.397681873291731 ], [ 644111.425126366782933, 1837951.290400829631835 ], [ 644090.629066779860295, 1837936.653298256685957 ], [ 644068.291049643070437, 1837925.085702810436487 ], [ 644048.270192217663862, 1837914.297917818650603 ], [ 644029.783022118150257, 1837901.960413235239685 ], [ 644012.837754038162529, 1837886.553548950934783 ], [ 644004.361055432353169, 1837883.464108818676323 ], [ 643984.340124528855085, 1837864.967944072559476 ], [ 643968.936953503056429, 1837851.870635477593169 ], [ 643956.617682808428071, 1837836.453723513055593 ], [ 643947.374020046903752, 1837821.816723844502121 ], [ 643940.44755137222819, 1837804.87010463885963 ], [ 643936.604925762163475, 1837777.125842746114358 ], [ 643951.249583333265036, 1837752.480783125618473 ], [ 643983.606278863386251, 1837735.544244989054278 ], [ 644015.196112188976258, 1837740.173372280551121 ], [ 644049.086532216053456, 1837746.352023626910523 ], [ 644084.52714580821339, 1837739.423523097066209 ], [ 644114.575028704944998, 1837739.433420877205208 ], [ 644146.931694865226746, 1837734.05459084128961 ], [ 644168.511111614992842, 1837727.125994516303763 ], [ 644213.195367868291214, 1837712.4989534097258 ], [ 644241.701243717805482, 1837697.102074832189828 ], [ 644268.673415620927699, 1837673.996824050787836 ], [ 644292.569820578093641, 1837647.042276624822989 ], [ 644311.8321433365345, 1837616.22856173873879 ], [ 644327.25181167840492, 1837586.19467241037637 ], [ 644341.896505956305191, 1837559.230130166746676 ], [ 644349.614581004716456, 1837521.487782144686207 ], [ 644354.248738934868015, 1837478.346588845364749 ], [ 644352.714972363784909, 1837452.921811173902825 ], [ 644353.498389178188518, 1837428.266779635800049 ], [ 644351.189573867130093, 1837401.302247817395255 ], [ 644348.888885663705878, 1837375.107577448477969 ], [ 644338.119822279317304, 1837336.585414111847058 ], [ 644326.575709715136327, 1837287.275555423460901 ], [ 644315.031540638301522, 1837251.062905662693083 ], [ 644305.796181944548152, 1837206.381956717697904 ], [ 644301.186769656836987, 1837170.939145800890401 ], [ 644305.054029747843742, 1837132.417030677665025 ], [ 644315.847852563951164, 1837109.311777500202879 ], [ 644328.17541637190152, 1837093.135059685679153 ], [ 644352.063638042309321, 1837085.436556119704619 ], [ 644374.401586600346491, 1837083.137044108007103 ], [ 644404.441157825756818, 1837094.704694760031998 ], [ 644428.32115488150157, 1837121.669251760933548 ], [ 644452.192832748871297, 1837154.812476736260578 ], [ 644499.169482902274467, 1837193.344663067022339 ], [ 644561.565803108154796, 1837221.098972318926826 ], [ 644654.776768849231303, 1837241.924746150150895 ], [ 644744.912054453976452, 1837237.325618894770741 ], [ 644785.745520905358717, 1837230.407055738149211 ], [ 644886.674664936726913, 1837228.12755034212023 ], [ 644974.492902008700185, 1837248.953265010146424 ], [ 645053.059280013898388, 1837275.947826119139791 ], [ 645140.877596655045636, 1837321.42856556060724 ], [ 645221.761016572243534, 1837346.10354436468333 ], [ 645311.888156600645743, 1837371.558391875354573 ], [ 645412.042123824940063, 1837367.729114653542638 ], [ 645512.19613438018132, 1837356.211512072943151 ], [ 645576.917841253103688, 1837334.65581372519955 ], [ 645633.921348058618605, 1837334.675828773528337 ], [ 645659.343261021422222, 1837359.330826031975448 ], [ 645654.700893341330811, 1837404.021695907693356 ], [ 645635.430256808060221, 1837440.224418024532497 ], [ 645566.849573332699947, 1837508.760440508602187 ], [ 645452.034520458779298, 1837581.915541282389313 ], [ 645304.095805569319054, 1837668.927865534322336 ], [ 645156.148819158552215, 1837768.25765677425079 ], [ 645016.662167421542108, 1837889.942877382505685 ], [ 644861.005360624403693, 1838029.334452891722322 ], [ 644814.762661234475672, 1838078.62440548138693 ], [ 644780.072396371047944, 1838137.932399254059419 ], [ 644750.008031439152546, 1838221.125397447263822 ], [ 644766.92845279769972, 1838304.338506843429059 ], [ 644801.5775780006079, 1838361.35686586308293 ], [ 644826.991269842139445, 1838384.482202273327857 ], [ 644862.86068480706308, 1838385.282039695419371 ], [ 644914.191048156586476, 1838381.612803014460951 ], [ 644967.970430656336248, 1838376.723771713906899 ], [ 645055.970037203049287, 1838370.61494379863143 ], [ 645129.300415911595337, 1838349.819275571964681 ], [ 645159.859499849379063, 1838325.364199112169445 ], [ 645200.189896164578386, 1838276.454140274552628 ], [ 645293.68952924455516, 1838201.259432720951736 ], [ 645423.239988087094389, 1838134.003147286130115 ], [ 645506.349885851377621, 1838110.77783186128363 ], [ 645605.349429000169039, 1838111.997593281790614 ], [ 645682.349123788066208, 1838126.664639503927901 ], [ 645734.908172020921484, 1838145.010943067725748 ], [ 645864.458680081646889, 1838179.24389478424564 ], [ 645941.458274812321179, 1838195.140707232989371 ], [ 645953.678637712728232, 1838212.267258738400415 ], [ 645978.127629101509228, 1838255.058515951270238 ], [ 646001.347863406641409, 1838323.534524070098996 ], [ 645997.678517706575803, 1838388.3414089709986 ], [ 646008.678406581049785, 1838456.817458997480571 ], [ 646025.788595531834289, 1838492.280237209051847 ], [ 646116.52587201166898, 1838540.880319630960003 ], [ 646130.288119968608953, 1838554.027637641178444 ], [ 646136.398307796451263, 1838601.717971897684038 ], [ 646163.288045427994803, 1838648.178543387912214 ], [ 646168.177796143107116, 1838725.212861671345308 ], [ 646175.508326843031682, 1838805.916436778148636 ], [ 646231.728501074481755, 1838860.945179791888222 ], [ 646259.846889569540508, 1838870.723182128975168 ], [ 646302.61804608895909, 1838869.503466470632702 ], [ 646334.397538120858371, 1838882.950677591143176 ], [ 646367.718979258905165, 1838948.577373708831146 ], [ 646375.107256121467799, 1838976.331751918187365 ], [ 646371.685232821619138, 1839008.575125973904505 ], [ 646364.511340847355314, 1839031.560453085694462 ], [ 646351.969471756834537, 1839054.485747014870867 ], [ 646348.563888163072988, 1839084.429646774427965 ], [ 646343.73180070228409, 1839105.125467060366645 ], [ 646331.882592952111736, 1839134.209589461330324 ], [ 646328.493518221192062, 1839163.383681246777996 ], [ 646325.252845510724001, 1839178.720536713022739 ], [ 646328.658448524191044, 1839289.447926371125504 ], [ 646320.049801474902779, 1839303.955048138275743 ], [ 646304.506351456861012, 1839319.161881377454847 ], [ 646292.046930866898037, 1839334.398822443792596 ], [ 646285.070897233323194, 1839339.697764281649143 ], [ 646272.603219939861447, 1839354.944616961060092 ], [ 646264.78616474987939, 1839367.152170002926141 ], [ 646259.64893549552653, 1839415.522307134000584 ], [ 646265.59423460951075, 1839434.03854140941985 ], [ 646283.949482715222985, 1839442.686814432730898 ], [ 646306.22147172014229, 1839444.466391772264615 ], [ 646323.917081635328941, 1839443.126739393919706 ], [ 646340.227312948904, 1839427.929829336469993 ], [ 646364.865881188423373, 1839423.580690427217633 ], [ 646377.820128847844899, 1839434.488393675303087 ], [ 646383.765428157988936, 1839453.004670195048675 ], [ 646371.536864917492494, 1839517.431602029595524 ], [ 646362.111770311021246, 1839535.777853684965521 ], [ 646354.220539233647287, 1839554.913954877061769 ], [ 646344.234829317312688, 1839624.749722844222561 ], [ 646336.953748804982752, 1839658.492884036386386 ], [ 646336.706322348793037, 1839680.778355876449496 ], [ 646336.475518903578632, 1839702.303977461764589 ], [ 646340.90350826154463, 1839719.260482902871445 ], [ 646351.614909025025554, 1839723.989547416800633 ], [ 646369.31866934010759, 1839721.87997325649485 ], [ 646392.382326101767831, 1839721.360082825412974 ], [ 646431.665524379815906, 1839714.101522603072226 ], [ 646462.414248049608432, 1839713.661658105440438 ], [ 646485.527376306592487, 1839708.532622428843752 ], [ 646510.165933007141575, 1839704.953377279220149 ], [ 646525.404288219870068, 1839717.420815849211067 ], [ 646537.467961255577393, 1839739.07645510090515 ], [ 646553.398894701036625, 1839758.462498338660225 ], [ 646569.263925090432167, 1839784.007275548996404 ], [ 646575.868837358546443, 1839812.51150680729188 ], [ 646581.358073760406114, 1839821.718331038951874 ] ] } },
{ "type": "Feature", "properties": { "edge_id": 25, "u": 18, "v": 19, "length_m": 3046.6739890117165, "source": "osm", "waterway_tag": "river", "name": null }, "geometry": { "type": "LineString", "coordinates": [ [ 645337.845926681882702, 1837332.671735289506614 ], [ 645366.153754185885191, 1837334.907716573216021 ], [ 645473.859903362463228, 1837326.56711350614205 ], [ 645590.69691749359481, 1837309.105097080115229 ], [ 645632.986176968552172, 1837303.196695045102388 ], [ 645655.853960945387371, 1837313.532561684725806 ], [ 645675.202232743031345, 1837339.335807313444093 ], [ 645681.935323135228828, 1837368.925910747610033 ], [ 645672.550808465806767, 1837399.623322313651443 ], [ 645644.708857568562962, 1837446.018233740469441 ], [ 645590.521859305794351, 1837507.061090682400391 ], [ 645539.911054092342965, 1837544.338150162482634 ], [ 645442.252203830867074, 1837597.118319424567744 ], [ 645243.421403764281422, 1837717.483409656677395 ], [ 645073.12199125951156, 1837847.117375508183613 ], [ 644967.194402131484821, 1837939.678163159638643 ], [ 644857.761674473644234, 1838045.825855179456994 ], [ 644798.768275927519426, 1838123.988927311031148 ], [ 644773.160586290759966, 1838187.440342738293111 ], [ 644769.383876117877662, 1838240.970386120025069 ], [ 644782.783272794098593, 1838294.506199885625392 ], [ 644813.496685926918872, 1838327.688760955585167 ], [ 644856.799494276987389, 1838345.022838265867904 ], [ 644903.59703573177103, 1838350.430278907297179 ], [ 645012.435890013817698, 1838347.29612741060555 ], [ 645071.898947503534146, 1838341.392749696969986 ], [ 645098.310316498274915, 1838332.498668175423518 ], [ 645117.967915314249694, 1838312.714803145267069 ], [ 645147.992425449425355, 1838258.809833589475602 ], [ 645173.601740680052899, 1838226.673395939171314 ], [ 645222.856446919613518, 1838200.230344963492826 ], [ 645316.989893947727978, 1838163.359380104346201 ], [ 645402.026765702175908, 1838115.02968479366973 ], [ 645449.0070977776777, 1838093.661643407540396 ], [ 645500.618923639063723, 1838081.509396774927154 ], [ 645560.280490657780319, 1838077.932359908241779 ], [ 645650.660382156027481, 1838091.052135339705274 ], [ 645803.64920858561527, 1838137.684671642025933 ], [ 645911.12722408620175, 1838162.20886478270404 ], [ 645969.302768289344385, 1838157.516304884338751 ] ] } },
{ "type": "Feature", "properties": { "edge_id": 26, "u": 18, "v": 25, "length_m": 6857.6400599960134, "source": "mitrearth_supplement", "waterway_tag": "major_river", "name": null }, "geometry": { "type": "LineString", "coordinates": [ [ 645408.567823640652932, 1835311.83844345388934 ], [ 645346.240262896521017, 1835331.403579851379618 ], [ 645303.460909874527715, 1835379.093863246263936 ], [ 645269.240613539004698, 1835451.229278740240261 ], [ 645267.847044333233498, 1835523.194577420130372 ], [ 645271.071223182487302, 1835541.110907224239781 ], [ 645293.071101981215179, 1835583.902203907491639 ], [ 645348.070830966462381, 1835602.248492892365903 ], [ 645403.070683925645426, 1835608.367204014910385 ], [ 645462.960261858999729, 1835599.799025559797883 ], [ 645513.07017279358115, 1835579.013214097823948 ], [ 645598.62909745995421, 1835539.891230521490797 ], [ 645698.849048582138494, 1835511.766885638004169 ], [ 645800.289487176924013, 1835501.978872048668563 ], [ 645874.848359368392266, 1835499.539351775776595 ], [ 645927.399202946340665, 1835499.539447490591556 ], [ 645993.398883673595265, 1835488.531680297106504 ], [ 646027.619119217270054, 1835512.986603238619864 ], [ 646049.61909288156312, 1835531.332911158911884 ], [ 646058.178199193673208, 1835569.235255009261891 ], [ 646048.398659761296585, 1835645.049729346530512 ], [ 646044.729289893992245, 1835684.171854231273755 ], [ 646036.178344600601122, 1835805.227122267941013 ], [ 646025.78852918476332, 1835863.315342507325113 ], [ 646027.009002219885588, 1835959.915641728788614 ], [ 646036.788475552806631, 1836044.278467345284298 ], [ 646063.678278710693121, 1836111.534771494567394 ], [ 646091.788269512238912, 1836188.569195572519675 ], [ 646118.677985194139183, 1836276.611243683146313 ], [ 646127.847419251222163, 1836370.152178918011487 ], [ 646131.508494634879753, 1836492.427255311748013 ], [ 646127.237154112546705, 1836558.113960202783346 ], [ 646126.396100076613948, 1836575.690352573525161 ], [ 646112.510135552147403, 1836637.317788142710924 ], [ 646097.082100240979344, 1836698.945203295443207 ], [ 646077.019985809107311, 1836819.120764688355848 ], [ 646063.109211087226868, 1836953.163525562267751 ], [ 646078.479480789392255, 1837074.888707844773307 ], [ 646110.79502858966589, 1837219.739205377409235 ], [ 646167.567612373270094, 1837413.789703671587631 ], [ 646162.677817954099737, 1837485.935110274702311 ], [ 646152.898250532220118, 1837560.51994090876542 ], [ 646136.398300120024942, 1837600.261752562364563 ], [ 646113.178040056140162, 1837685.854355768533424 ], [ 646048.398640138795599, 1837775.116249193437397 ], [ 645998.288628635229543, 1837891.282595928991213 ], [ 645982.398899218766019, 1838002.559957195073366 ], [ 645987.288677954813465, 1838074.695197315886617 ], [ 645960.399018696742132, 1838119.936024396447465 ], [ 645942.068544964073226, 1838141.95149152749218 ], [ 645872.407672057510354, 1838139.502072824863717 ], [ 645786.848768413998187, 1838118.71624336973764 ], [ 645701.29814247332979, 1838077.14474764210172 ], [ 645610.849450196372345, 1838068.58649414521642 ], [ 645502.688649948569946, 1838064.307300639338791 ], [ 645424.460361147299409, 1838080.204059973591939 ], [ 645349.909691846114583, 1838113.217376436339691 ], [ 645279.020223258063197, 1838158.458134438842535 ], [ 645183.689970558974892, 1838196.360485410084948 ], [ 645125.020735231693834, 1838250.169477914460003 ], [ 645090.800504579907283, 1838307.637858062051237 ], [ 645055.359906520112418, 1838330.873129875864834 ], [ 644979.580616370192729, 1838338.201539845904335 ], [ 644909.911413995432667, 1838330.873069389956072 ], [ 644856.140318149002269, 1838322.304790936876088 ], [ 644813.36083892302122, 1838269.725574332522228 ], [ 644808.47106939938385, 1838197.590253537287936 ], [ 644821.920077592949383, 1838138.89215755276382 ], [ 644851.250531356083229, 1838094.871100766584277 ], [ 644903.801307275309227, 1838033.733547079144046 ], [ 644961.250100606237538, 1837988.492768709780648 ], [ 645026.021176202688366, 1837929.804694251390174 ], [ 645098.749541107099503, 1837870.496737195644528 ], [ 645196.520506290020421, 1837794.682210254482925 ], [ 645295.520135492319241, 1837727.435943528544158 ], [ 645367.630068074213341, 1837678.515838333405554 ], [ 645440.960332946619019, 1837636.944382921559736 ], [ 645522.849771607667208, 1837588.034332313807681 ], [ 645602.298470099573024, 1837539.124200922669843 ], [ 645656.069618558976799, 1837480.436213502427563 ], [ 645690.298194718896411, 1837436.415198471397161 ], [ 645712.298106872010976, 1837385.055582780623809 ], [ 645708.628651455044746, 1837323.91808947478421 ], [ 645675.628829039400443, 1837299.463001797674224 ], [ 645608.408642133232206, 1837295.793777436949313 ], [ 645536.298718618461862, 1837304.351973602315411 ], [ 645477.629568827571347, 1837320.248741921968758 ], [ 645381.07903176615946, 1837328.807070332579315 ], [ 645337.845926681882702, 1837332.671735289506614 ] ] } },
{ "type": "Feature", "properties": { "edge_id": 27, "u": 19, "v": 39, "length_m": 2003.7621869307052, "source": "osm", "waterway_tag": "river", "name": null }, "geometry": { "type": "LineString", "coordinates": [ [ 646446.763807576964609, 1839614.255512948613614 ], [ 646441.367309705703519, 1839653.455545963952318 ], [ 646418.905643945909105, 1839677.645099617308006 ], [ 646383.435597036033869, 1839685.368802323937416 ], [ 646357.821527886670083, 1839671.472164354752749 ], [ 646346.102533208671957, 1839638.085257877130061 ], [ 646350.849113430827856, 1839599.278611868387088 ], [ 646395.466258982429281, 1839471.116483849240467 ], [ 646400.926266611088067, 1839437.18346809130162 ], [ 646386.102239404572174, 1839405.435050445375964 ], [ 646353.352778107160702, 1839389.719070011982694 ], [ 646324.201866023358889, 1839393.724034318700433 ], [ 646297.320450330618769, 1839409.031190522946417 ], [ 646278.567260304349475, 1839390.202325672842562 ], [ 646285.383525995071977, 1839360.704707488184795 ], [ 646339.106847115093842, 1839304.750594709301367 ], [ 646350.946796129923314, 1839273.848941010655835 ], [ 646340.740257642464712, 1839175.40851584635675 ], [ 646358.271313636098057, 1839092.428346917033195 ], [ 646386.235798470443115, 1838997.015938845230266 ], [ 646383.539220705628395, 1838923.5239103063941 ], [ 646349.642351837595925, 1838841.629704792518169 ], [ 646300.504084448912181, 1838804.334910208359361 ], [ 646232.503880605218001, 1838795.127539729699492 ], [ 646196.486639801645651, 1838757.922870760783553 ], [ 646192.055319841136225, 1838672.800518106902018 ], [ 646159.369997906615026, 1838600.76311979512684 ], [ 646151.740354192676023, 1838515.286955946823582 ], [ 646128.235683625680394, 1838473.520677192369476 ], [ 646061.149110218626447, 1838455.357329102233052 ], [ 646035.676310343900695, 1838436.150869652396068 ], [ 646023.091071505565196, 1838295.203924586065114 ], [ 646022.075666078133509, 1838256.468538838904351 ], [ 645992.653107278281823, 1838221.965085956966504 ], [ 645975.584181052166969, 1838190.644376965006813 ], [ 645969.302768289344385, 1838157.516304884338751 ] ] } },
{ "type": "Feature", "properties": { "edge_id": 28, "u": 19, "v": 24, "length_m": 3006.8650442439198, "source": "osm", "waterway_tag": "river", "name": null }, "geometry": { "type": "LineString", "coordinates": [ [ 645969.302768289344385, 1838157.516304884338751 ], [ 645976.167229151935317, 1838120.937182447407395 ], [ 646017.80651517084334, 1838053.834291168022901 ], [ 646006.552420399850234, 1837936.576199227711186 ], [ 646035.482568118954077, 1837855.886839093640447 ], [ 646160.964538636151701, 1837634.886251249583438 ], [ 646187.664323035744019, 1837552.853947478812188 ], [ 646189.417763066245243, 1837436.901921830140054 ], [ 646178.363715497544035, 1837321.636868946021423 ], [ 646148.495828395127319, 1837196.063140927813947 ], [ 646108.959121798397973, 1837033.354777101194486 ], [ 646097.745312557555735, 1836910.121782635804266 ], [ 646115.240652158274315, 1836754.331857356708497 ], [ 646156.755204435554333, 1836534.195673304377124 ], [ 646160.480647706077434, 1836410.62221003533341 ], [ 646145.271382656181231, 1836309.935074186651036 ], [ 646104.165715373004787, 1836204.755578831071034 ], [ 646062.564270592527464, 1836047.123536925530061 ], [ 646046.361103865667246, 1835919.983835411956534 ], [ 646053.865082338918, 1835774.195120145566761 ], [ 646067.605619327980094, 1835621.367243921617046 ], [ 646068.097953940043226, 1835596.141846381360665 ], [ 646066.361060244264081, 1835569.241441677790135 ], [ 646063.191817324142903, 1835548.970405276864767 ], [ 646060.070336430217139, 1835537.3305867719464 ], [ 646053.223643637727946, 1835524.337507359683514 ], [ 646044.174143941490911, 1835505.796771639492363 ], [ 646031.228520265081897, 1835495.307073634350672 ], [ 646014.873972111614421, 1835484.019551204284653 ], [ 645999.251916700624861, 1835474.83943735784851 ], [ 645984.639923231326975, 1835458.363169810036197 ], [ 645953.105094919796102, 1835435.685578233795241 ], [ 645935.861437482410111, 1835429.592720319516957 ], [ 645927.103478232398629, 1835430.860810955055058 ], [ 645917.976385963149369, 1835439.31879155151546 ], [ 645912.253693546401337, 1835449.238474549725652 ], [ 645904.4386332181748, 1835453.058008853346109 ], [ 645896.220191792002879, 1835453.444571698550135 ], [ 645883.65673007897567, 1835449.48606730485335 ], [ 645844.668645626748912, 1835440.146758177084848 ], [ 645817.666065446101129, 1835432.290415275143459 ] ] } },
{ "type": "Feature", "properties": { "edge_id": 29, "u": 21, "v": 21, "length_m": 13.518439175538346, "source": "osm", "waterway_tag": "canal", "name": null }, "geometry": { "type": "LineString", "coordinates": [ [ 642926.857057087356225, 1833577.009609233122319 ], [ 642918.138514051330276, 1833587.340882391436026 ] ] } },
{ "type": "Feature", "properties": { "edge_id": 30, "u": 21, "v": 21, "length_m": 1.2388740227411743, "source": "mitrearth_supplement", "waterway_tag": "minor_stream", "name": "คลองยางโทน" }, "geometry": { "type": "LineString", "coordinates": [ [ 642918.138514051330276, 1833587.340882391436026 ], [ 642918.713200001977384, 1833588.438400000566617 ] ] } },
{ "type": "Feature", "properties": { "edge_id": 31, "u": 21, "v": 22, "length_m": 1151.8694677009653, "source": "osm", "waterway_tag": "canal", "name": null }, "geometry": { "type": "LineString", "coordinates": [ [ 642918.138514051330276, 1833587.340882391436026 ], [ 642913.950186422211118, 1833592.303954390343279 ], [ 642896.802574445959181, 1833603.475927617400885 ], [ 642879.457078719511628, 1833612.322924443986267 ], [ 642858.907592435833067, 1833621.591165385441855 ], [ 642843.794747366337106, 1833631.670241309097037 ], [ 642817.951983835780993, 1833650.640490202466026 ], [ 642806.578899073414505, 1833659.969972995575517 ], [ 642797.429587700404227, 1833671.859258284792304 ], [ 642788.234547439264134, 1833690.608594832709059 ], [ 642772.645557617419399, 1833708.098147027660161 ], [ 642738.729325792519376, 1833753.681509039597586 ], [ 642723.082901650923304, 1833779.801473491825163 ], [ 642715.051352784619667, 1833800.107700230320916 ], [ 642702.732617658562958, 1833823.262280754512176 ], [ 642677.196844871039502, 1833860.270803308812901 ], [ 642649.455830714083277, 1833891.953420248115435 ], [ 642620.911408944404684, 1833916.106461316812783 ], [ 642600.870045477175154, 1833929.251081330934539 ], [ 642581.699253582861274, 1833939.856546917464584 ], [ 642559.858034279779531, 1833950.886852090246975 ], [ 642538.667350256349891, 1833960.372397415107116 ], [ 642522.824202173040248, 1833968.012492260430008 ], [ 642511.246852211537771, 1833976.012941212859005 ], [ 642503.290678289602511, 1833985.033352157101035 ], [ 642495.1895215268014, 1833999.806640270166099 ], [ 642488.354045218555257, 1834016.80136855901219 ], [ 642486.735813692561351, 1834035.490578201133758 ], [ 642487.81599627493415, 1834049.550413238117471 ], [ 642490.606313006952405, 1834063.179026373429224 ], [ 642495.96256506210193, 1834076.05016177194193 ], [ 642505.048131181159988, 1834089.720675599528477 ], [ 642523.371591581730172, 1834110.20238356734626 ], [ 642535.66914839646779, 1834122.234533144626766 ], [ 642557.633580442983657, 1834140.748800875153393 ], [ 642584.696683716028929, 1834162.727224922738969 ], [ 642609.102578367572278, 1834183.138876833720133 ], [ 642633.058780518127605, 1834206.977740830276161 ], [ 642656.152492590015754, 1834232.138699639588594 ], [ 642695.279456717893481, 1834269.135540585266426 ], [ 642707.354578320402652, 1834282.49413375207223 ], [ 642716.531126119545661, 1834298.489033074118197 ], [ 642725.462543288944289, 1834319.240291676484048 ], [ 642733.664488502778113, 1834353.375450560590252 ], [ 642740.633245411561802, 1834380.420735208550468 ], [ 642747.64403746498283, 1834401.159202784998342 ], [ 642755.224458390614018, 1834416.479578121099621 ], [ 642770.982217670069076, 1834437.608342051738873 ] ] } },
{ "type": "Feature", "properties": { "edge_id": 32, "u": 21, "v": 30, "length_m": 697.76326458983579, "source": "osm", "waterway_tag": "drain", "name": null }, "geometry": { "type": "LineString", "coordinates": [ [ 642483.716992650181055, 1833109.87726932624355 ], [ 642484.748707423103042, 1833131.239710478577763 ], [ 642486.889406381058507, 1833146.302440034924075 ], [ 642490.757235290016979, 1833158.389089956413954 ], [ 642499.500317754456773, 1833175.487451105378568 ], [ 642510.885217202361673, 1833196.476166006643325 ], [ 642521.00731640541926, 1833214.800870893988758 ], [ 642531.692363354261033, 1833228.703299944521859 ], [ 642543.732146298512816, 1833247.483381495811045 ], [ 642550.46545170142781, 1833261.912780444137752 ], [ 642556.387828433769755, 1833269.919044215930626 ], [ 642564.357447391026653, 1833274.951365742832422 ], [ 642574.151330296648666, 1833278.446722400607541 ], [ 642588.325204083463177, 1833281.196683772373945 ], [ 642618.389773439848796, 1833285.269606332527474 ], [ 642638.975418974878266, 1833286.623832504963502 ], [ 642653.997751313727349, 1833290.154043579706922 ], [ 642669.744894618634135, 1833297.008616050472483 ], [ 642691.271696106530726, 1833301.246082271914929 ], [ 642710.461338401539251, 1833303.918888836400583 ], [ 642722.596763994079083, 1833308.315122995059937 ], [ 642742.466961773578078, 1833320.951065376866609 ], [ 642756.612773136352189, 1833327.905685782199726 ], [ 642777.343934634118341, 1833339.440893699880689 ], [ 642786.258320456719957, 1833346.803269070573151 ], [ 642802.428990767220967, 1833370.147742874221876 ], [ 642821.501260436256416, 1833390.413355955621228 ], [ 642837.846156260580756, 1833419.6235199382063 ], [ 642866.730680521111935, 1833472.596623601624742 ], [ 642899.34963304118719, 1833525.594696132000536 ], [ 642917.404877237742767, 1833570.3074787161313 ], [ 642926.857057087356225, 1833577.009609233122319 ] ] } },
{ "type": "Feature", "properties": { "edge_id": 33, "u": 21, "v": 31, "length_m": 992.70792864458019, "source": "osm", "waterway_tag": "drain", "name": null }, "geometry": { "type": "LineString", "coordinates": [ [ 642926.857057087356225, 1833577.009609233122319 ], [ 642953.912845706683584, 1833584.161189605714753 ], [ 642974.072877020691521, 1833585.291620560456067 ], [ 643010.845601837849244, 1833575.467900246148929 ], [ 643052.196667697979137, 1833551.179544867714867 ], [ 643066.812380817136727, 1833535.675386144779623 ], [ 643080.889165543369018, 1833505.008453882066533 ], [ 643099.756978698074818, 1833412.077045478858054 ], [ 643118.42827294243034, 1833348.577490135096014 ], [ 643128.826802984927781, 1833309.476529550272971 ], [ 643137.499146557413042, 1833241.262835120782256 ], [ 643138.65072762244381, 1833196.678194388747215 ], [ 643137.967877114424482, 1833171.113261501770467 ], [ 643115.539742627181113, 1833110.105397461447865 ], [ 643096.648524669231847, 1833062.731258260784671 ], [ 643089.411246166215278, 1833027.938530281186104 ], [ 643092.410968041978776, 1832994.210035839350894 ], [ 643098.220501494593918, 1832955.189064967446029 ], [ 643115.814481938257813, 1832925.209533343790099 ], [ 643149.02373586082831, 1832889.912440484855324 ], [ 643172.492802288150415, 1832875.020726855145767 ], [ 643205.106793384882621, 1832864.948147099465132 ], [ 643297.485660424921662, 1832853.836774265160784 ] ] } },
{ "type": "Feature", "properties": { "edge_id": 34, "u": 21, "v": 107, "length_m": 1219.8395205687912, "source": "mitrearth_supplement", "waterway_tag": "minor_stream", "name": "คลองยางโทน" }, "geometry": { "type": "LineString", "coordinates": [ [ 641965.271000001113862, 1833407.57520000054501 ], [ 641976.732700000633486, 1833405.885600000619888 ], [ 641998.262600001879036, 1833412.464199999114498 ], [ 642036.72950000106357, 1833425.701500000664964 ], [ 642101.40990000218153, 1833451.566299999132752 ], [ 642136.702100001391955, 1833457.195100000360981 ], [ 642179.97630000161007, 1833431.310399999609217 ], [ 642242.141700000269338, 1833388.319100000197068 ], [ 642298.666999999899417, 1833325.501900000730529 ], [ 642319.06720000167843, 1833306.8357 ], [ 642378.72590000089258, 1833302.916499999817461 ], [ 642435.19340000115335, 1833289.859200000762939 ], [ 642484.404600001638755, 1833250.8771 ], [ 642513.182600001222454, 1833229.031600000336766 ], [ 642527.027400001767091, 1833233.430700000375509 ], [ 642537.301700001233257, 1833256.255999998888001 ], [ 642548.417100001126528, 1833283.650399999693036 ], [ 642585.28430000168737, 1833292.31870000064373 ], [ 642627.453500001691282, 1833296.307900000596419 ], [ 642695.811600001528859, 1833312.174599999096245 ], [ 642745.072299999766983, 1833330.610899999504909 ], [ 642777.560900000738911, 1833353.886099999304861 ], [ 642809.662000000360422, 1833403.955999999772757 ], [ 642851.130300001474097, 1833466.143300000578165 ], [ 642883.297300000907853, 1833520.802200000500306 ], [ 642918.138514051330276, 1833587.340882391436026 ] ] } },
{ "type": "Feature", "properties": { "edge_id": 35, "u": 24, "v": 24, "length_m": 15.162044614231885, "source": "osm", "waterway_tag": "river", "name": null }, "geometry": { "type": "LineString", "coordinates": [ [ 645817.666065446101129, 1835432.290415275143459 ], [ 645817.407810456119478, 1835432.215276538627222 ], [ 645806.095243083895184, 1835432.580786217469722 ], [ 645802.917886643437669, 1835434.218542187009007 ] ] } },
{ "type": "Feature", "properties": { "edge_id": 36, "u": 24, "v": 24, "length_m": 14.873693743409138, "source": "mitrearth_supplement", "waterway_tag": "major_river", "name": null }, "geometry": { "type": "LineString", "coordinates": [ [ 645817.666065446101129, 1835432.290415275143459 ], [ 645813.119980047806166, 1835432.893010297324508 ], [ 645802.917886643437669, 1835434.218542187009007 ] ] } },
{ "type": "Feature", "properties": { "edge_id": 37, "u": 24, "v": 25, "length_m": 845.65968195535493, "source": "osm", "waterway_tag": "river", "name": null }, "geometry": { "type": "LineString", "coordinates": [ [ 645802.917886643437669, 1835434.218542187009007 ], [ 645796.137273811153136, 1835437.713582592783496 ], [ 645784.763639129931107, 1835447.041524502914399 ], [ 645768.602366160252132, 1835454.34510918147862 ], [ 645753.870336935506202, 1835455.461913400096819 ], [ 645727.86872010549996, 1835450.637389705982059 ], [ 645719.212207131553441, 1835452.68082064203918 ], [ 645711.814920071512461, 1835457.831095187459141 ], [ 645704.800704583059996, 1835469.401813230244443 ], [ 645697.833215446677059, 1835474.112409961875528 ], [ 645686.079587036976591, 1835476.577370508573949 ], [ 645657.497001248411834, 1835474.722966948989779 ], [ 645630.566528753261082, 1835480.957462227204815 ], [ 645587.878335742745548, 1835497.928669494576752 ], [ 645565.734066243865527, 1835506.408858466893435 ], [ 645547.390127178048715, 1835520.890143411466852 ], [ 645530.826880024978891, 1835540.252252935199067 ], [ 645514.202126333140768, 1835552.974822281394154 ], [ 645497.306228238274343, 1835558.503165859961882 ], [ 645460.355048411875032, 1835563.452538214158267 ], [ 645442.961066520074382, 1835563.776883800281212 ], [ 645431.351830244297162, 1835560.710350842913613 ], [ 645417.119638437405229, 1835551.097517153946683 ], [ 645401.43875639163889, 1835550.548324716743082 ], [ 645384.984704409376718, 1835553.866714709671214 ], [ 645357.629920704988763, 1835559.766698697116226 ], [ 645331.605833540903404, 1835558.262063774513081 ], [ 645318.612579753273167, 1835554.743582854280248 ], [ 645310.331855769036338, 1835548.601468353997916 ], [ 645297.518181280698627, 1835534.350965945981443 ], [ 645283.684895926387981, 1835513.122466001659632 ], [ 645277.813011013902724, 1835497.923252886626869 ], [ 645275.365071798209101, 1835465.596217523561791 ], [ 645279.429943875293247, 1835448.362093273783103 ], [ 645284.609844215679914, 1835439.766404880443588 ], [ 645296.398745395708829, 1835432.10081702331081 ], [ 645304.758426610496826, 1835426.624986660666764 ], [ 645311.250982027617283, 1835413.280178173212335 ], [ 645317.055307304719463, 1835391.299832267453894 ], [ 645329.77070219872985, 1835372.907298079458997 ], [ 645351.111802014056593, 1835357.007714061765 ], [ 645384.235155417118222, 1835334.438426882494241 ], [ 645408.567823640652932, 1835311.83844345388934 ] ] } },
{ "type": "Feature", "properties": { "edge_id": 38, "u": 24, "v": 55, "length_m": 1344.617728230088, "source": "mitrearth_supplement", "waterway_tag": "major_river", "name": null }, "geometry": { "type": "LineString", "coordinates": [ [ 645802.917886643437669, 1835434.218542187009007 ], [ 645719.010185655672103, 1835445.120455062948167 ], [ 645621.23092053597793, 1835463.466740265721455 ], [ 645538.121085247257724, 1835490.361210761358961 ], [ 645469.680629660142586, 1835520.934996207943186 ], [ 645397.570695728529245, 1835542.940591963939369 ], [ 645352.350479801301844, 1835535.602022369857877 ], [ 645321.791363619850017, 1835480.583219926571473 ], [ 645346.240305643645115, 1835416.996201418107376 ], [ 645385.350384802790359, 1835379.093918916769326 ], [ 645430.570533958380111, 1835360.747620232403278 ], [ 645462.350069926586002, 1835357.078440186567605 ], [ 645503.900869708857499, 1835354.638931335881352 ], [ 645555.239431114168838, 1835336.292666933732107 ], [ 645598.010712479008362, 1835306.948585098842159 ], [ 645662.789985339972191, 1835283.713350300909951 ], [ 645731.238792352145538, 1835264.147293521324173 ], [ 645818.009789464296773, 1835243.361544797662646 ], [ 645904.78910005860962, 1835223.795468783238903 ], [ 645969.568373922491446, 1835225.025247302604839 ], [ 646023.339529014192522, 1835220.126302394783124 ], [ 646047.466852861223742, 1835211.278111957013607 ] ] } },
{ "type": "Feature", "properties": { "edge_id": 39, "u": 24, "v": 39, "length_m": 6862.7987592373211, "source": "mitrearth_supplement", "waterway_tag": "major_river", "name": null }, "geometry": { "type": "LineString", "coordinates": [ [ 645817.666065446101129, 1835432.290415275143459 ], [ 645914.568668633815832, 1835419.445732168154791 ], [ 645992.788752258406021, 1835424.334736941382289 ], [ 646031.898753494373523, 1835446.340205545071512 ], [ 646078.619664161116816, 1835482.932802499039099 ], [ 646095.911228662822396, 1835510.217271985020489 ], [ 646108.230503734201193, 1835541.030920144403353 ], [ 646114.373690816690214, 1835600.358920855680481 ], [ 646112.823495471151546, 1835631.942490802379325 ], [ 646114.348893370828591, 1835677.393234790768474 ], [ 646110.481688579777256, 1835734.401534966891631 ], [ 646085.793540302780457, 1835837.630574804497883 ], [ 646095.762780768563971, 1835980.931458814768121 ], [ 646103.456218501669355, 1836026.382191449636593 ], [ 646122.693760940455832, 1836103.426526776049286 ], [ 646145.78209579596296, 1836170.46279691462405 ], [ 646167.328477097209543, 1836248.276971752056852 ], [ 646183.490322838770226, 1836313.763641394209117 ], [ 646198.10200088028796, 1836380.030127958161756 ], [ 646200.394360419129953, 1836452.445459217065945 ], [ 646199.594481186475605, 1836541.807232893770561 ], [ 646191.868072179728188, 1836614.222451227484271 ], [ 646171.822485557291657, 1836682.788596753729507 ], [ 646146.359294294961728, 1836812.202210228191689 ], [ 646135.532549665425904, 1836923.909459765069187 ], [ 646143.984498842502944, 1837008.652237534988672 ], [ 646160.896759115159512, 1837117.29011730151251 ], [ 646190.136508175055496, 1837228.23746803519316 ], [ 646203.997708458569832, 1837268.29936716821976 ], [ 646218.609368402976543, 1837340.724581108894199 ], [ 646222.435465535381809, 1837430.086434576194733 ], [ 646223.952705679344945, 1837504.051330076530576 ], [ 646222.402521680225618, 1837540.25403469405137 ], [ 646213.917515069246292, 1837578.776148136239499 ], [ 646205.432586599839851, 1837613.439140285365283 ], [ 646200.798365729278885, 1837635.784618605859578 ], [ 646193.855364621267654, 1837662.739030805649236 ], [ 646186.145511630922556, 1837681.225367904640734 ], [ 646174.584847143851221, 1837700.481397744035348 ], [ 646159.173305012285709, 1837722.046968161361292 ], [ 646146.837523466558196, 1837743.622631304198876 ], [ 646131.426100956974551, 1837768.267572216456756 ], [ 646119.857195395161398, 1837792.142765269847587 ], [ 646110.605308547616005, 1837817.567565205739811 ], [ 646105.212490468169563, 1837817.567533141700551 ], [ 646077.473557892255485, 1837842.982445565285161 ], [ 646067.446586721693166, 1837864.548037642845884 ], [ 646056.652736152638681, 1837891.502486919751391 ], [ 646048.942932505975477, 1837911.538440726231784 ], [ 646045.092093846295029, 1837928.485018523177132 ], [ 646046.625858104671352, 1837934.64369807485491 ], [ 646047.392699498683214, 1837957.7590835634619 ], [ 646050.468370401533321, 1837984.72359484853223 ], [ 646053.544029891723767, 1837999.360513596562669 ], [ 646066.630209926865064, 1838024.785356942564249 ], [ 646073.556714741513133, 1838041.741888365941122 ], [ 646076.632407604367472, 1838064.857244553975761 ], [ 646076.624193282797933, 1838090.272011393215507 ], [ 646076.624173959367909, 1838105.688920427812263 ], [ 646064.288423028308898, 1838117.236601610202342 ], [ 646042.717278486234136, 1838125.704864801373333 ], [ 646021.146117859170772, 1838134.94295895122923 ], [ 646009.585453730542213, 1838148.040345904882997 ], [ 646007.268387298332527, 1838169.60587469371967 ], [ 646011.110970327164978, 1838190.41171815735288 ], [ 646025.74736658053007, 1838204.278846842469648 ], [ 646048.085377270588651, 1838215.846500399988145 ], [ 646068.106239041080698, 1838225.094655003165826 ], [ 646086.593477372429334, 1838239.741599270608276 ], [ 646088.135363314300776, 1838251.289240183541551 ], [ 646092.753025960642844, 1838269.785553777590394 ], [ 646097.362533751875162, 1838288.271744143450633 ], [ 646095.820504902512766, 1838302.138930312125012 ], [ 646088.877517926972359, 1838321.395031704567373 ], [ 646076.550039688125253, 1838339.111422934569418 ], [ 646067.298130874056369, 1838349.129386962391436 ], [ 646054.203738256823272, 1838361.446887688478455 ], [ 646050.344696794170886, 1838376.853676236700267 ], [ 646048.464685101527721, 1838383.612324342830107 ], [ 646090.691647146129981, 1838433.622150741983205 ], [ 646185.287973493104801, 1838486.781360731460154 ], [ 646199.957242875127122, 1838602.937752219149843 ], [ 646248.846896626288071, 1838656.736746300244704 ], [ 646259.846872101654299, 1838749.677812773035839 ], [ 646300.17728069180157, 1838774.132847584085539 ], [ 646367.397371870232746, 1838771.683332647196949 ], [ 646417.507431846810505, 1838799.807615007041022 ], [ 646476.176612971816212, 1838815.704388943267986 ], [ 646495.727511782664806, 1838900.077173335943371 ], [ 646537.286514194332995, 1838977.111595073714852 ], [ 646565.396638905629516, 1839006.455522009404376 ], [ 646610.616840353584848, 1839006.455611908342689 ], [ 646652.167661345563829, 1839011.344584033358842 ], [ 646683.9471348967636, 1839029.690853074658662 ], [ 646696.167458018055186, 1839049.256835986627266 ], [ 646724.277516113477759, 1839077.371090728789568 ], [ 646767.057012413395569, 1839076.151398381451145 ], [ 646848.946487850742415, 1839044.357862570788711 ], [ 646906.38705904816743, 1838952.656514747068286 ], [ 646938.166546344989911, 1838936.759780160617083 ], [ 646967.496942000463605, 1838940.428966136882082 ], [ 646980.945974510163069, 1838995.447792316321284 ], [ 647011.496840219013393, 1839034.579840570222586 ], [ 647053.055880134459585, 1839038.249045544769615 ], [ 647111.724982987158, 1839018.683075008913875 ], [ 647130.05551284935791, 1839024.801813459955156 ], [ 647145.656729280133732, 1839086.15934262261726 ], [ 647145.541229932801798, 1839096.92710128845647 ], [ 647138.507546091801487, 1839107.605020263697952 ], [ 647129.898907190188766, 1839121.352231305092573 ], [ 647118.198067655554041, 1839137.368879950838163 ], [ 647113.431920172763057, 1839150.956124733667821 ], [ 647090.912576998001896, 1839172.241794841364026 ], [ 647065.548274518107064, 1839171.961929930141196 ], [ 647035.681840581470169, 1839161.643940862035379 ], [ 647012.164721686276607, 1839132.949830505298451 ], [ 646989.3649579732446, 1839108.874708191957325 ], [ 646968.18137778446544, 1839077.901002236874774 ], [ 646953.116240831208415, 1839049.29680417268537 ], [ 646934.752748572500423, 1839041.408427504822612 ], [ 646912.398193361703306, 1839047.317278615897521 ], [ 646887.734956470085308, 1839053.196104655740783 ], [ 646859.187834857497364, 1839063.643887893296778 ], [ 646825.973558850353584, 1839077.891084793023765 ], [ 646798.152034220402129, 1839092.18813445745036 ], [ 646770.338825098355301, 1839104.95549539104104 ], [ 646751.076503043528646, 1839109.364616471575573 ], [ 646732.614125428255647, 1839110.694354776758701 ], [ 646712.617919113487005, 1839111.244197410298511 ], [ 646691.277700327453203, 1839094.877588019007817 ], [ 646673.878916887100786, 1839068.552969697397202 ], [ 646658.673601367860101, 1839053.016064829425886 ], [ 646626.457151825190522, 1839047.287252222420648 ], [ 646593.317012018058449, 1839055.375586909009144 ], [ 646574.054803631268442, 1839059.784758165478706 ], [ 646538.614114023279399, 1839067.083252105396241 ], [ 646517.076002084068023, 1839068.382994258776307 ], [ 646494.911195639986545, 1839056.615320135140792 ], [ 646472.779332937556319, 1839041.768425032263622 ], [ 646455.21561331441626, 1839031.590467160800472 ], [ 646436.184274223167449, 1839014.473924693651497 ], [ 646417.911463915603235, 1838998.127215586369857 ], [ 646408.972969523165375, 1839042.618222784949467 ], [ 646392.687398810405284, 1839071.472390403738245 ], [ 646392.250346472603269, 1839128.520721422508359 ], [ 646383.724146328982897, 1839205.295124754076824 ], [ 646384.301412065629847, 1839222.981534742750227 ], [ 646384.688976094359532, 1839258.344338453141972 ], [ 646379.007523363805376, 1839285.958659044234082 ], [ 646365.575115060433745, 1839319.631860548164696 ], [ 646353.857704025809653, 1839337.188273949315771 ], [ 646334.471782391308807, 1839352.345172461820766 ], [ 646319.752932287286967, 1839362.953045522794127 ], [ 646313.444865769939497, 1839377.490101330215111 ], [ 646326.489754025358707, 1839379.929567049955949 ], [ 646348.852481465088204, 1839373.260899681365117 ], [ 646383.336608144571073, 1839382.858924072468653 ], [ 646395.482704574475065, 1839396.826070907060057 ], [ 646415.981968885287642, 1839420.111401474103332 ], [ 646425.761509865289554, 1839440.197270140284672 ], [ 646425.439877540222369, 1839469.401367021491751 ], [ 646419.758509145351127, 1839497.015682303579524 ], [ 646408.725546394009143, 1839522.260613370686769 ], [ 646402.112432327819988, 1839565.231822679983452 ], [ 646388.754176361835562, 1839591.996342479484156 ], [ 646378.455133162555285, 1839620.320589874871075 ], [ 646374.340382412075996, 1839644.87559006572701 ], [ 646381.011343030724674, 1839668.010859236586839 ], [ 646399.391291823820211, 1839674.359611564315856 ], [ 646420.170795139623806, 1839671.510213527129963 ], [ 646430.304919912829064, 1839658.552783647319302 ], [ 646431.29443819320295, 1839638.576856127241626 ], [ 646439.960826970287599, 1839618.680931698065251 ], [ 646446.763807576964609, 1839614.255512948613614 ] ] } },
{ "type": "Feature", "properties": { "edge_id": 40, "u": 25, "v": 27, "length_m": 1920.3990431659122, "source": "osm", "waterway_tag": "river", "name": null }, "geometry": { "type": "LineString", "coordinates": [ [ 645408.567823640652932, 1835311.83844345388934 ], [ 645408.717092443606816, 1835311.699803809402511 ], [ 645422.321512447437271, 1835288.112706542946398 ], [ 645429.497733094147407, 1835257.667501462157816 ], [ 645430.34184193238616, 1835254.086359248962253 ], [ 645434.152308983262628, 1835211.511184629751369 ], [ 645430.439232916804031, 1835176.962481337832287 ], [ 645420.29209535557311, 1835147.128095535328612 ], [ 645401.813671140000224, 1835118.564930312102661 ], [ 645380.248495745239779, 1835104.586892352439463 ], [ 645352.450616274611093, 1835097.095014898339286 ], [ 645324.712826371891424, 1835096.464012226788327 ], [ 645300.875433099339716, 1835102.830610177014023 ], [ 645282.121868402929977, 1835114.764352128608152 ], [ 645263.301474167499691, 1835136.545688276179135 ], [ 645250.947453432250768, 1835164.56744678504765 ], [ 645242.10613088181708, 1835193.830226360820234 ], [ 645235.355163206462748, 1835229.525015963474289 ], [ 645224.726359202293679, 1835254.902845580363646 ], [ 645209.028810998192057, 1835272.500635258853436 ], [ 645190.696215188479982, 1835285.322515676030889 ], [ 645141.159369415603578, 1835305.235745564103127 ], [ 645105.891736500663683, 1835313.627390871988609 ], [ 645067.741143328836188, 1835322.331500747939572 ], [ 645035.535453352029435, 1835335.502053283154964 ], [ 645013.746819992200471, 1835354.497155593009666 ], [ 644978.43704928457737, 1835400.621032567927614 ], [ 644920.760286892997101, 1835456.662761938991025 ], [ 644877.861589748063125, 1835473.301959579344839 ], [ 644841.047903786064126, 1835473.716603422770277 ], [ 644797.742805162677541, 1835455.829812707845122 ], [ 644720.78081572544761, 1835397.548797349212691 ], [ 644684.578311943565495, 1835386.460064323851839 ], [ 644650.166096905595623, 1835394.636915899114683 ], [ 644617.880793513962999, 1835419.647271966328844 ], [ 644572.338446822715923, 1835464.374752609990537 ], [ 644435.490867554908618, 1835520.768027337966487 ], [ 644391.91077469731681, 1835543.600053400499746 ], [ 644361.335336783668026, 1835568.29034164105542 ], [ 644328.570936306146905, 1835585.330932526150718 ], [ 644296.717598650371656, 1835593.857534924289212 ], [ 644248.151628381456248, 1835596.628247956279665 ], [ 644219.901252123527229, 1835593.007573811337352 ], [ 644198.124762677121907, 1835578.697365306084976 ], [ 644172.583371125743724, 1835553.075342112220824 ], [ 644164.534244055277668, 1835512.522604073164985 ], [ 644171.604786370415241, 1835444.962111092638224 ], [ 644166.575148075935431, 1835415.494888468645513 ], [ 644153.848651962354779, 1835388.188840162707493 ], [ 644132.256105569540523, 1835359.515049658715725 ] ] } },
{ "type": "Feature", "properties": { "edge_id": 41, "u": 27, "v": 55, "length_m": 2570.6848787500662, "source": "mitrearth_supplement", "waterway_tag": "major_river", "name": null }, "geometry": { "type": "LineString", "coordinates": [ [ 646047.466852861223742, 1835211.278111957013607 ], [ 646042.8986817112891, 1835185.893258158816025 ], [ 646029.449707465944812, 1835166.32720213313587 ], [ 645978.119377964525484, 1835162.65794096654281 ], [ 645888.899279805249535, 1835181.004202248062938 ], [ 645852.23002228687983, 1835196.900940347695723 ], [ 645689.679683240014128, 1835226.245054996572435 ], [ 645627.349426332395524, 1835239.692330527585 ], [ 645533.239515042398125, 1835276.374784363200888 ], [ 645500.239701621816494, 1835278.824373102746904 ], [ 645480.680567143950611, 1835251.919748064130545 ], [ 645469.680626907618716, 1835165.107502812985331 ], [ 645439.129708707332611, 1835113.747891869163141 ], [ 645391.460545984795317, 1835086.843432503985241 ], [ 645340.130145189119503, 1835077.065406461944804 ], [ 645292.460911330068484, 1835079.514853670960292 ], [ 645249.681447594892234, 1835096.631439971970394 ], [ 645230.13055992743466, 1835134.533720349194482 ], [ 645222.800013102823868, 1835200.570237582782283 ], [ 645187.351167808985338, 1835234.803317487472668 ], [ 645142.130930726765655, 1835258.038516676519066 ], [ 645091.856032906915061, 1835277.134669405641034 ], [ 645062.690499673248269, 1835291.051791310776025 ], [ 645002.800844399258494, 1835322.845332248834893 ], [ 644951.462286883965135, 1835366.86634809221141 ], [ 644928.241947346134111, 1835412.107210673391819 ], [ 644884.24217875325121, 1835434.11275470093824 ], [ 644840.242318258271553, 1835435.342490270966664 ], [ 644839.24457621818874, 1835434.602556059602648 ], [ 644820.155432355124503, 1835425.074559793341905 ], [ 644787.806933499174193, 1835398.869907445041463 ], [ 644764.702175252139568, 1835378.833956454414874 ], [ 644733.120513694826514, 1835368.036108318949118 ], [ 644709.232347634388134, 1835366.496466255746782 ], [ 644663.014337322325446, 1835365.706673679873347 ], [ 644636.042205180390738, 1835379.563821375137195 ], [ 644603.677241705590859, 1835396.500394580885768 ], [ 644582.106163382995874, 1835415.756406293949112 ], [ 644565.919544341391884, 1835435.012526185251772 ], [ 644552.050091456272639, 1835456.578123763902113 ], [ 644528.161805554525927, 1835469.665512179024518 ], [ 644477.317996185622178, 1835461.947044106665999 ], [ 644448.036947676679119, 1835472.724870570003986 ], [ 644367.128792289178818, 1835515.846113594714552 ], [ 644314.734614881803282, 1835558.96732684969902 ], [ 644283.91170045081526, 1835574.364183153025806 ], [ 644260.798589577199891, 1835578.983259422238916 ], [ 644232.29272726632189, 1835574.354139098664746 ], [ 644191.467481883941218, 1835552.768529264256358 ], [ 644179.156494358205236, 1835519.635351341683418 ], [ 644192.267404488171451, 1835474.18459389032796 ], [ 644204.603181402082555, 1835445.690405655419454 ], [ 644203.836305505246855, 1835417.18613464711234 ], [ 644194.600951828993857, 1835388.671925773145631 ], [ 644189.983223976334557, 1835370.185773978941143 ], [ 644172.271230801008642, 1835346.300550143001601 ], [ 644159.176828677300364, 1835337.042509143706411 ], [ 644132.256105569540523, 1835359.515049658715725 ] ] } },
{ "type": "Feature", "properties": { "edge_id": 42, "u": 27, "v": 27, "length_m": 2.0326669270240716, "source": "mitrearth_supplement", "waterway_tag": "major_river", "name": null }, "geometry": { "type": "LineString", "coordinates": [ [ 644132.256105569540523, 1835359.515049658715725 ], [ 644130.695668639848009, 1835360.817651449237019 ] ] } },
{ "type": "Feature", "properties": { "edge_id": 43, "u": 28, "v": 29, "length_m": 2562.3236830489645, "source": "osm", "waterway_tag": "drain", "name": null }, "geometry": { "type": "LineString", "coordinates": [ [ 642823.612443854333833, 1835424.966272548073903 ], [ 642811.113541569560766, 1835411.272759437793866 ], [ 642804.824229085235856, 1835394.411821867106482 ], [ 642807.701641532010399, 1835378.939883832121268 ], [ 642807.805037166923285, 1835363.449429953237996 ], [ 642800.50377173977904, 1835354.327312929555774 ], [ 642786.350508219795302, 1835348.700302278157324 ], [ 642736.617822867934592, 1835334.426433102926239 ], [ 642718.469972893362865, 1835319.810091241961345 ], [ 642705.655288929352537, 1835305.450639286544174 ], [ 642704.771060611587018, 1835294.047690972452983 ], [ 642706.751318149385042, 1835285.098169564269483 ], [ 642716.872754482435994, 1835271.334306757198647 ], [ 642730.786787813063711, 1835248.854319249745458 ], [ 642746.010700181359425, 1835221.957037942949682 ], [ 642768.819866770529188, 1835177.627517673652619 ], [ 642777.611954230815172, 1835155.224030214361846 ], [ 642783.313617529929616, 1835132.246668510371819 ], [ 642792.272235481301323, 1835100.881565732182935 ], [ 642798.717093752929941, 1835078.462421054951847 ], [ 642808.453251459635794, 1835058.499564235797152 ], [ 642817.750093564391136, 1835040.41484571993351 ], [ 642822.429535874747671, 1835026.725352592067793 ], [ 642822.596046559512615, 1835017.763732865219936 ], [ 642818.386591305024922, 1835008.994209986645728 ], [ 642808.130227640969679, 1834994.983737440779805 ], [ 642793.446556757786311, 1834972.86620704154484 ], [ 642783.589973181951791, 1834946.908111483091488 ], [ 642775.52651377255097, 1834924.060213068267331 ], [ 642768.049657632247545, 1834893.24936338653788 ], [ 642765.32167084061075, 1834870.326415663817897 ], [ 642759.056482723448426, 1834849.81419505411759 ], [ 642747.379319190629758, 1834824.839841680368409 ], [ 642733.265093525522389, 1834797.304272633511573 ], [ 642727.00944017036818, 1834775.353668435942382 ], [ 642722.576459643896669, 1834752.087410684907809 ], [ 642721.80729162087664, 1834723.42369076423347 ], [ 642723.019153522793204, 1834685.699805771466345 ], [ 642726.883672830881551, 1834650.20662861969322 ], [ 642732.193257992854342, 1834622.026049279142171 ], [ 642744.963815364986658, 1834579.068001923384145 ], [ 642752.722302116919309, 1834551.678313683951274 ], [ 642756.178972072550096, 1834529.349879952380434 ], [ 642758.682750430773012, 1834505.908582376781851 ], [ 642763.395447373855859, 1834487.240006641950458 ], [ 642768.500995380571112, 1834473.66399415791966 ], [ 642774.43134848959744, 1834464.408869809936732 ], [ 642781.823738109669648, 1834459.921488467836753 ], [ 642800.205245584947988, 1834455.618065125774592 ], [ 642850.533656507730484, 1834444.888765745097771 ], [ 642859.833337746211328, 1834442.405854649841785 ], [ 642869.039616020862013, 1834437.930606712121516 ], [ 642907.472623801673763, 1834418.933875679736957 ], [ 642942.066056010313332, 1834399.69026784459129 ], [ 642960.494209120748565, 1834388.416274013463408 ], [ 642973.760970882955007, 1834383.082976474892348 ], [ 642987.001873251516372, 1834381.62229915196076 ], [ 643003.442241420736536, 1834380.404304488329217 ], [ 643024.58693747036159, 1834377.779288598103449 ], [ 643083.670108560821973, 1834366.334448864683509 ], [ 643099.683707344578579, 1834365.11367420013994 ], [ 643110.765523124951869, 1834367.400775315705687 ], [ 643120.337288825772703, 1834372.112110184039921 ], [ 643126.145025927107781, 1834381.224326309282333 ], [ 643131.58975544013083, 1834396.751879414077848 ], [ 643145.351458935532719, 1834461.021522917319089 ], [ 643149.824031965690665, 1834478.313001047354192 ], [ 643156.128213927382603, 1834492.96110398019664 ], [ 643165.333939013653435, 1834504.530384836252779 ], [ 643188.473350347136147, 1834522.721287804190069 ], [ 643199.535832023248076, 1834527.885242234449834 ], [ 643206.252586051821709, 1834528.704735181760043 ], [ 643215.864234760054387, 1834527.441227462841198 ], [ 643225.076487776008435, 1834522.080960053484887 ], [ 643238.892284920206293, 1834514.427827367326245 ], [ 643245.739434250630438, 1834511.707368849776685 ], [ 643252.56807364069391, 1834511.753066833596677 ], [ 643260.956447081989609, 1834517.895018236944452 ], [ 643273.100015359348617, 1834536.897640232928097 ], [ 643292.542008935939521, 1834581.398893654113635 ], [ 643306.368239218951203, 1834619.998061800375581 ], [ 643345.721602270146832, 1834686.652288529556245 ], [ 643362.491455383133143, 1834715.865872935857624 ], [ 643369.371141468640417, 1834724.210795724065974 ], [ 643379.061990513582714, 1834727.041992671787739 ], [ 643388.13489660131745, 1834726.549517974024639 ], [ 643412.397997348569334, 1834720.294309706427157 ], [ 643424.923010894563049, 1834714.181768968235701 ], [ 643445.102093849680386, 1834696.391500524245203 ], [ 643468.608834407292306, 1834675.635970111936331 ], [ 643483.008559055859223, 1834660.462624092819169 ], [ 643500.90333873569034, 1834649.185511996503919 ], [ 643517.375466351630166, 1834643.210134720662609 ], [ 643537.013639291282743, 1834642.45661030896008 ], [ 643549.365997331682593, 1834646.190941468579695 ], [ 643565.309681494254619, 1834655.371281036175787 ], [ 643574.088335021282546, 1834666.937898645410314 ], [ 643577.929979821317829, 1834682.786802463466302 ], [ 643575.685453633312136, 1834699.258788023842499 ], [ 643576.868581150891259, 1834713.762043642345816 ], [ 643582.74635378154926, 1834728.296793265501037 ], [ 643587.157090003252961, 1834738.838256524642929 ], [ 643587.614114950760268, 1834750.238406396703795 ], [ 643584.269959043478593, 1834771.57167200371623 ], [ 643585.010698882280849, 1834788.395639268681407 ], [ 643590.869882446946576, 1834805.696552182547748 ], [ 643596.804778587073088, 1834811.7115421181079 ], [ 643609.151089188759215, 1834816.331087190890685 ], [ 643615.180051289498806, 1834824.227786551229656 ], [ 643619.049100425909273, 1834835.982789810048416 ], [ 643622.579493646277115, 1834850.501804678933695 ], [ 643621.124647753546014, 1834876.49510284839198 ], [ 643620.981337637989782, 1834897.849847280187532 ], [ 643624.888745844713412, 1834919.785033674445003 ], [ 643627.147681041620672, 1834932.967702754540369 ], [ 643627.095699593308382, 1834940.712947324616835 ], [ 643622.864773357752711, 1834951.085777626372874 ], [ 643610.989423873601481, 1834971.697881166357547 ], [ 643599.859477664344013, 1834992.536294335033745 ], [ 643594.513361862511374, 1835010.093981766374782 ], [ 643592.174761114758439, 1835024.684264783049002 ] ] } },
{ "type": "Feature", "properties": { "edge_id": 44, "u": 32, "v": 33, "length_m": 1539.7071314867287, "source": "osm", "waterway_tag": "river", "name": null }, "geometry": { "type": "LineString", "coordinates": [ [ 648521.323552387184463, 1842679.500536600826308 ], [ 648308.242957543465309, 1842720.61806363821961 ], [ 647929.03278728807345, 1842785.148662782041356 ], [ 647739.956687744706869, 1842825.885111169191077 ], [ 647698.731595535064116, 1842833.566338399192318 ], [ 647660.919527339516208, 1842825.890411878935993 ], [ 647637.035811691195704, 1842809.237458412768319 ], [ 647602.880515119759366, 1842766.39906270802021 ], [ 647557.2821412315825, 1842743.288509926060215 ], [ 647477.441631515161134, 1842705.224054431077093 ], [ 647439.945207711891271, 1842682.723128512967378 ], [ 647389.963796245749108, 1842630.148742893245071 ], [ 647359.186646647169255, 1842607.69446186744608 ], [ 647323.779499880969524, 1842591.515477422391996 ], [ 647289.773484026780352, 1842542.371447053737938 ], [ 647229.902245697798207, 1842439.049774812767282 ], [ 647203.456706020515412, 1842376.237117260694504 ] ] } },
{ "type": "Feature", "properties": { "edge_id": 45, "u": 33, "v": 34, "length_m": 487.13092908519758, "source": "osm", "waterway_tag": "river", "name": null }, "geometry": { "type": "LineString", "coordinates": [ [ 647203.456706020515412, 1842376.237117260694504 ], [ 647173.651367516955361, 1842305.655553188174963 ], [ 647115.86593032150995, 1842224.479443868156523 ], [ 647066.189018391771242, 1842112.044535959837958 ], [ 647037.560905124526471, 1841963.460647311527282 ], [ 647027.820886192494072, 1841928.144878196762875 ] ] } },
{ "type": "Feature", "properties": { "edge_id": 46, "u": 33, "v": 44, "length_m": 1192.5069864742909, "source": "osm", "waterway_tag": "canal", "name": null }, "geometry": { "type": "LineString", "coordinates": [ [ 647203.456706020515412, 1842376.237117260694504 ], [ 647181.630871410714462, 1842385.823874379508197 ], [ 647158.813346339156851, 1842384.559750805376098 ], [ 647067.228354754392058, 1842394.218253199011087 ], [ 646986.710694172652438, 1842361.241219721036032 ], [ 646975.286658292752691, 1842362.822225737851113 ], [ 646956.82367851305753, 1842379.735531663522124 ], [ 646947.638744372292422, 1842381.442646855022758 ], [ 646906.048505420098081, 1842364.668512690579519 ], [ 646895.691077450290322, 1842366.256913859862834 ], [ 646885.906491421745159, 1842377.586774750612676 ], [ 646885.655559229198843, 1842413.990040614269674 ], [ 646893.98846609715838, 1842443.038696618750691 ], [ 646913.373607536777854, 1842462.53670314187184 ], [ 646918.921261159703135, 1842477.845136702759191 ], [ 646925.67709557316266, 1842503.563333322294056 ], [ 646912.370368141098879, 1842530.692344376584515 ], [ 646871.329120496171527, 1842589.055759164271876 ], [ 646841.132911043707281, 1842652.473385517019778 ], [ 646779.440782929072157, 1842720.321477498626336 ], [ 646757.561398018617183, 1842737.764652502257377 ], [ 646693.860068561160006, 1842756.690294471569359 ], [ 646656.103275623754598, 1842756.430351805873215 ], [ 646630.391179554862902, 1842757.359905148856342 ], [ 646609.159524117014371, 1842773.701143649639562 ], [ 646589.013509495300241, 1842787.283536012517288 ], [ 646519.015930492780171, 1842806.719620490912348 ], [ 646434.821685049915686, 1842827.718136418843642 ], [ 646421.596197745762765, 1842827.627232869621366 ], [ 646402.79620231478475, 1842816.100736556807533 ], [ 646394.232452034018934, 1842820.578672820003703 ], [ 646338.253384495270438, 1842864.455387817928568 ] ] } },
{ "type": "Feature", "properties": { "edge_id": 47, "u": 33, "v": 33, "length_m": 34.491601617486467, "source": "osm", "waterway_tag": "canal", "name": null }, "geometry": { "type": "LineString", "coordinates": [ [ 646892.655759843764827, 1842558.994372604647651 ], [ 646912.370368141098879, 1842530.692344376584515 ] ] } },
{ "type": "Feature", "properties": { "edge_id": 48, "u": 34, "v": 38, "length_m": 2812.2417595198194, "source": "mitrearth_supplement", "waterway_tag": "major_river", "name": null }, "geometry": { "type": "LineString", "coordinates": [ [ 647027.820886192494072, 1841928.144878196762875 ], [ 647066.298668767791241, 1841934.749577302252874 ], [ 647066.455347201321274, 1841920.142513321712613 ], [ 647059.677270026644692, 1841907.005216041812673 ], [ 647049.889408200513572, 1841888.448926393641159 ], [ 647043.160799257457256, 1841870.812585145933554 ], [ 647038.658604646334425, 1841860.774578623706475 ], [ 647028.227587144821882, 1841829.910858327522874 ], [ 647026.182653735741042, 1841806.065754693234339 ], [ 647018.720106767956167, 1841785.229908811859787 ], [ 647013.492273936630227, 1841771.332735005067661 ], [ 647002.921155886957422, 1841754.306282261386514 ], [ 646980.162549469387159, 1841726.391929313307628 ], [ 646954.287090609082952, 1841702.276872592512518 ], [ 646919.530857146484777, 1841678.541710297344252 ], [ 646911.878709488781169, 1841675.382268618559465 ], [ 646880.660007051425055, 1841648.137840203940868 ], [ 646857.687034852919169, 1841640.199530334211886 ], [ 646834.664633521810174, 1841636.880131750367582 ], [ 646815.65795775630977, 1841617.454155888641253 ], [ 646816.581538259517401, 1841602.857037373352796 ], [ 646823.681223009945825, 1841586.030517938779667 ], [ 646836.140623675193638, 1841571.55345964524895 ], [ 646853.259092820226215, 1841552.527339092921466 ], [ 646865.76799790689256, 1841532.681401828303933 ], [ 646876.067010018276051, 1841505.116999474586919 ], [ 646891.000290058320388, 1841474.533150951610878 ], [ 646897.465025348588824, 1841445.38909723656252 ], [ 646902.429031382780522, 1841413.165732809575275 ], [ 646901.183887891238555, 1841386.241159324301407 ], [ 646894.496564803295769, 1841365.415375978685915 ], [ 646887.759668281534687, 1841348.438885767478496 ], [ 646875.778405639808625, 1841319.094839646480978 ], [ 646865.421640040352941, 1841282.092387067852542 ], [ 646853.531195927876979, 1841244.290090818889439 ], [ 646844.666862926795147, 1841211.146790724247694 ], [ 646845.120346586918458, 1841169.645282617770135 ], [ 646845.400802481686696, 1841143.51056276075542 ], [ 646842.621893832227215, 1841116.57610880327411 ], [ 646846.827314071822912, 1841082.802908049430698 ], [ 646853.572437166236341, 1841028.294053693534806 ], [ 646856.878934064880013, 1841006.808360323077068 ], [ 646857.975660216412507, 1840976.844462292268872 ], [ 646859.962936828611419, 1840935.362927958602086 ], [ 646867.145073805237189, 1840910.837942049372941 ], [ 646869.808447657618672, 1840877.814646828453988 ], [ 646879.950860346900299, 1840864.087462091585621 ], [ 646883.90064022433944, 1840854.139487496577203 ], [ 646896.467271644156426, 1840829.684455500449985 ], [ 646906.716882619890384, 1840805.959273139480501 ], [ 646913.033149827038869, 1840790.662354198982939 ], [ 646916.372773261042312, 1840766.097412401111796 ], [ 646923.662035900633782, 1840732.354315636912361 ], [ 646936.302965974085964, 1840700.210843298817053 ], [ 646939.073537554359064, 1840657.959359527332708 ], [ 646940.887593885883689, 1840632.614538540830836 ], [ 646962.631906648632139, 1840612.098722625756636 ], [ 646962.904053890495561, 1840586.733873301651329 ], [ 646964.0502521796152, 1840552.160943202208728 ], [ 646965.87252005469054, 1840526.046254180371761 ], [ 646967.851534315617755, 1840485.324524925323203 ], [ 646969.525427839835174, 1840472.277193939778954 ], [ 646971.323003873578273, 1840448.462044067913666 ], [ 646971.636346330400556, 1840420.027847474440932 ], [ 646968.857494939351454, 1840392.323463688837364 ], [ 646963.027773631503806, 1840363.049471634440124 ], [ 646954.056234056595713, 1840339.894104401348159 ], [ 646937.432659992016852, 1840313.57955902419053 ], [ 646922.285051047918387, 1840292.6637886648532 ], [ 646905.570691369590349, 1840274.797360267490149 ], [ 646894.191419606213458, 1840260.840211936272681 ], [ 646877.44415006856434, 1840245.283359817229211 ], [ 646861.414169758325443, 1840235.115515968529508 ], [ 646839.24940224585589, 1840223.347907817224041 ], [ 646809.391194488620386, 1840212.260131351416931 ], [ 646786.352262833737768, 1840210.48054540110752 ], [ 646764.880102509981953, 1840206.401323027443141 ], [ 646744.191281332168728, 1840200.022604354657233 ], [ 646720.492671913350932, 1840188.235062835970894 ], [ 646726.099912227946334, 1840167.549275582190603 ], [ 646729.332260702969506, 1840152.972253962885588 ], [ 646724.937215974321589, 1840132.946224390529096 ], [ 646714.382537330733612, 1840113.610255261650309 ], [ 646699.292668042704463, 1840087.315559634240344 ], [ 646687.27845312282443, 1840061.05087429494597 ], [ 646676.04763234895654, 1840034.02641726564616 ], [ 646651.615148435463198, 1840018.379547056742013 ], [ 646631.792174979578704, 1840003.562634705100209 ], [ 646614.220284425420687, 1839993.384629554580897 ], [ 646596.648384073516354, 1839983.966605905210599 ], [ 646583.718925761408173, 1839970.759304512292147 ], [ 646580.02471868135035, 1839957.651964333606884 ], [ 646593.308841069112532, 1839937.805962849641219 ], [ 646598.025445237755775, 1839927.867966358084232 ], [ 646604.432437284267507, 1839904.112821688409895 ], [ 646605.438466601073742, 1839882.597260483773425 ], [ 646606.469210182083771, 1839858.012241461547092 ], [ 646610.427170298877172, 1839847.294462827267125 ], [ 646613.791469942545518, 1839821.189721614588052 ], [ 646613.263721328810789, 1839798.894253023900092 ], [ 646609.69333820277825, 1839773.489443686092272 ], [ 646606.87316910806112, 1839750.404099426232278 ], [ 646594.883762107347138, 1839721.830008017132059 ], [ 646578.227191430516541, 1839698.594640569761395 ], [ 646562.378645279328339, 1839671.510238813702017 ], [ 646552.615580113837495, 1839649.884548822883517 ], [ 646535.983719611656852, 1839624.339843553025275 ], [ 646510.800867482903413, 1839607.923091968987137 ], [ 646489.295676107751206, 1839606.153527623508126 ], [ 646481.744017435237765, 1839606.073141298023984 ] ] } },
{ "type": "Feature", "properties": { "edge_id": 49, "u": 34, "v": 34, "length_m": 33.992017401035326, "source": "osm", "waterway_tag": "river", "name": null }, "geometry": { "type": "LineString", "coordinates": [ [ 646813.264180756406859, 1841515.889943714719266 ], [ 646834.265837118262425, 1841489.161912042880431 ] ] } },
{ "type": "Feature", "properties": { "edge_id": 50, "u": 34, "v": 34, "length_m": 34.161994122354706, "source": "mitrearth_supplement", "waterway_tag": "major_river", "name": null }, "geometry": { "type": "LineString", "coordinates": [ [ 646834.265837118262425, 1841489.161912042880431 ], [ 646826.559021023334935, 1841501.697723325807601 ], [ 646813.264180756406859, 1841515.889943714719266 ] ] } },
{ "type": "Feature", "properties": { "edge_id": 51, "u": 34, "v": 37, "length_m": 2392.8334112450439, "source": "osm", "waterway_tag": "river", "name": null }, "geometry": { "type": "LineString", "coordinates": [ [ 646582.168665621429682, 1839838.209860426140949 ], [ 646583.594463982619345, 1839867.217794879339635 ], [ 646568.555571630946361, 1839928.969579013530165 ], [ 646568.332134042866528, 1839961.500055784592405 ], [ 646592.027408857597038, 1839990.653938555857167 ], [ 646643.720133659662679, 1840028.299230229342356 ], [ 646672.419834620552137, 1840074.30689245602116 ], [ 646698.418402409995906, 1840125.27542702993378 ], [ 646694.77231927937828, 1840174.601675537182018 ], [ 646706.667840496520512, 1840197.69932751590386 ], [ 646726.219106748700142, 1840208.899091124301776 ], [ 646772.261892873328179, 1840214.859090815065429 ], [ 646832.761571610462852, 1840228.221793960547075 ], [ 646887.401220547966659, 1840271.531366100767627 ], [ 646932.513481324072927, 1840335.13568703760393 ], [ 646949.940860660746694, 1840422.339874138124287 ], [ 646925.265073546674103, 1840504.717281001387164 ], [ 646917.43769892572891, 1840618.968244589166716 ], [ 646903.154695400968194, 1840710.269514532061294 ], [ 646891.311480025877245, 1840741.613492907490581 ], [ 646890.061156635638326, 1840768.272332523716614 ], [ 646883.216119898948818, 1840780.27751233545132 ], [ 646862.095199159695767, 1840817.320476604858413 ], [ 646839.967106596217491, 1840870.613666899967939 ], [ 646810.950219122692943, 1841072.356193949002773 ], [ 646815.898884404683486, 1841205.727521656546742 ], [ 646840.341201885836199, 1841296.520916817942634 ], [ 646864.296483879210427, 1841365.069682482397184 ], [ 646873.432924063177779, 1841416.918396938825026 ], [ 646859.718072672025301, 1841456.769792760722339 ], [ 646813.264180756406859, 1841515.889943714719266 ], [ 646783.098236544989049, 1841554.281025751261041 ], [ 646779.407703922595829, 1841594.533437667414546 ], [ 646803.951713823829778, 1841624.025579001754522 ], [ 646966.684745885431767, 1841738.566600353457034 ], [ 646991.252591125201434, 1841780.009735428029671 ], [ 647007.382215429213829, 1841854.037488597910851 ], [ 647027.820886192494072, 1841928.144878196762875 ] ] } },
{ "type": "Feature", "properties": { "edge_id": 52, "u": 37, "v": 37, "length_m": 16.511438480449804, "source": "osm", "waterway_tag": "river", "name": null }, "geometry": { "type": "LineString", "coordinates": [ [ 646582.168665621429682, 1839838.209860426140949 ], [ 646581.358073760406114, 1839821.718331038951874 ] ] } },
{ "type": "Feature", "properties": { "edge_id": 53, "u": 37, "v": 37, "length_m": 17.436159329504445, "source": "mitrearth_supplement", "waterway_tag": "major_river", "name": null }, "geometry": { "type": "LineString", "coordinates": [ [ 646581.358073760406114, 1839821.718331038951874 ], [ 646584.172414124361239, 1839826.438684684224427 ], [ 646582.168665621429682, 1839838.209860426140949 ] ] } },
{ "type": "Feature", "properties": { "edge_id": 54, "u": 37, "v": 37, "length_m": 22.871367155886638, "source": "osm", "waterway_tag": "river", "name": null }, "geometry": { "type": "LineString", "coordinates": [ [ 646871.887545815669, 1840800.146152067929506 ], [ 646883.216119898948818, 1840780.27751233545132 ] ] } },
{ "type": "Feature", "properties": { "edge_id": 55, "u": 37, "v": 37, "length_m": 25.954813918103344, "source": "mitrearth_supplement", "waterway_tag": "major_river", "name": null }, "geometry": { "type": "LineString", "coordinates": [ [ 646883.216119898948818, 1840780.27751233545132 ], [ 646884.288112558773719, 1840786.693200469715521 ], [ 646879.571523024933413, 1840796.63113674079068 ], [ 646871.887545815669, 1840800.146152067929506 ] ] } },
{ "type": "Feature", "properties": { "edge_id": 56, "u": 37, "v": 38, "length_m": 248.99584456304177, "source": "osm", "waterway_tag": "river", "name": null }, "geometry": { "type": "LineString", "coordinates": [ [ 646581.358073760406114, 1839821.718331038951874 ], [ 646578.072195104672574, 1839754.866975851124153 ], [ 646535.965356199070811, 1839672.694549937034026 ], [ 646507.426876959158108, 1839618.610592452110723 ], [ 646481.744017435237765, 1839606.073141298023984 ] ] } },
{ "type": "Feature", "properties": { "edge_id": 57, "u": 38, "v": 39, "length_m": 41.140865898984266, "source": "osm", "waterway_tag": "river", "name": null }, "geometry": { "type": "LineString", "coordinates": [ [ 646481.744017435237765, 1839606.073141298023984 ], [ 646472.021628634422086, 1839601.327019684016705 ], [ 646447.317838322836906, 1839610.231046702945605 ], [ 646446.763807576964609, 1839614.255512948613614 ] ] } },
{ "type": "Feature", "properties": { "edge_id": 58, "u": 40, "v": 40, "length_m": 20.299857393344759, "source": "osm", "waterway_tag": "canal", "name": null }, "geometry": { "type": "LineString", "coordinates": [ [ 645521.560974214924499, 1842580.900816583773121 ], [ 645528.746818064711988, 1842599.886280980426818 ] ] } },
{ "type": "Feature", "properties": { "edge_id": 59, "u": 40, "v": 63, "length_m": 1509.35452162874, "source": "mitrearth_supplement", "waterway_tag": "minor_stream", "name": null }, "geometry": { "type": "LineString", "coordinates": [ [ 645528.746818064711988, 1842599.886280980426818 ], [ 645504.065800001844764, 1842562.331800000276417 ], [ 645465.76380000077188, 1842550.384199999272823 ], [ 645416.676300002261996, 1842540.626199999591336 ], [ 645378.160000002128072, 1842548.664599999552593 ], [ 645361.775500001152977, 1842570.770099999615923 ], [ 645362.196000001509674, 1842603.063499999465421 ], [ 645377.195200001937337, 1842637.046599999302998 ], [ 645389.225900001241826, 1842661.771600000560284 ], [ 645388.129200002294965, 1842691.7455 ], [ 645386.207900001201779, 1842727.078299999237061 ], [ 645381.491300000809133, 1842737.016200000420213 ], [ 645373.360900001134723, 1842777.668 ], [ 645359.35950000223238, 1842792.894899999722838 ], [ 645345.514700001454912, 1842794.284600000595674 ], [ 645322.525300000794232, 1842787.11600000038743 ], [ 645308.754700002027676, 1842781.57719999877736 ], [ 645284.982000001473352, 1842775.938300000503659 ], [ 645220.986000001081266, 1842653.033299999544397 ], [ 645185.825700001325458, 1842634.197200000518933 ], [ 645087.461000001057982, 1842632.367500000167638 ], [ 645049.10130000137724, 1842625.798900000983849 ], [ 645006.190000001224689, 1842613.031500000273809 ], [ 645002.141300001530908, 1842632.207599999150261 ], [ 644988.93970000196714, 1842644.365099999355152 ], [ 644984.948700001230463, 1842658.152299999725074 ], [ 644998.438900001114234, 1842689.815799999516457 ], [ 644993.087300000479445, 1842758.171900000888854 ], [ 644982.252300001098774, 1842764.970500000286847 ], [ 644959.089700003154576, 1842773.938699999824166 ], [ 644922.090600001742132, 1842783.536800000118092 ], [ 644865.144800001755357, 1842789.8355 ], [ 644832.83760000159964, 1842791.785099999746308 ], [ 644810.483100001234561, 1842797.693900000536814 ], [ 644792.5484000017168, 1842821.329099999507889 ], [ 644771.25760000187438, 1842799.5735 ], [ 644744.466900001978502, 1842789.285599999362603 ], [ 644721.91450000135228, 1842813.6406 ], [ 644697.284100001328625, 1842816.450099998619407 ], [ 644674.17100000125356, 1842821.578999999677762 ], [ 644670.204800002044067, 1842832.296799999894574 ], [ 644669.231800000998192, 1842851.502900000428781 ], [ 644652.286600002087653, 1842854.392300000647083 ], [ 644628.480800000950694, 1842852.602700000628829 ], [ 644580.061200002441183, 1842852.072799999266863 ] ] } },
{ "type": "Feature", "properties": { "edge_id": 60, "u": 40, "v": 42, "length_m": 138.25257576033189, "source": "osm", "waterway_tag": "canal", "name": null }, "geometry": { "type": "LineString", "coordinates": [ [ 645528.746818064711988, 1842599.886280980426818 ], [ 645554.145051016006619, 1842666.990055779460818 ], [ 645566.453290053759702, 1842684.645770651288331 ], [ 645576.85492128552869, 1842699.56652695662342 ], [ 645597.86043318011798, 1842716.197355991927907 ] ] } },
{ "type": "Feature", "properties": { "edge_id": 61, "u": 42, "v": 43, "length_m": 2080.27204556881, "source": "osm", "waterway_tag": "canal", "name": null }, "geometry": { "type": "LineString", "coordinates": [ [ 645597.86043318011798, 1842716.197355991927907 ], [ 645618.902235983638093, 1842743.119182450696826 ], [ 645629.567987760761753, 1842774.396223984891549 ], [ 645643.335070576285943, 1842851.283505643485114 ], [ 645637.988617613795213, 1842868.840779223712161 ], [ 645620.16713733272627, 1842885.75950990524143 ], [ 645572.101374287274666, 1842895.721727551659569 ], [ 645552.073391793761402, 1842892.154635148588568 ], [ 645535.551389326923527, 1842875.001201740233228 ], [ 645523.027892689453438, 1842865.842108394484967 ], [ 645499.06189500389155, 1842861.030986431753263 ], [ 645451.513574603712186, 1842873.320720734307542 ], [ 645405.001672554994002, 1842890.043746226234362 ], [ 645376.270502488478087, 1842911.4249690878205 ], [ 645358.363964265794493, 1842940.847092913463712 ], [ 645351.182922001113184, 1842977.202887947671115 ], [ 645362.251749109709635, 1843043.227534673642367 ], [ 645356.305844311718829, 1843070.518221509177238 ], [ 645365.794023301219568, 1843102.451003269292414 ], [ 645362.175660698441789, 1843132.52389611210674 ], [ 645338.802352036000229, 1843197.206988001707941 ], [ 645319.197146307211369, 1843225.511007813271135 ], [ 645268.615371429477818, 1843260.464217837201431 ], [ 645243.410190837224945, 1843265.382348527666181 ], [ 645209.106669016531669, 1843259.394496396649629 ], [ 645191.397492719814181, 1843259.937682332471013 ], [ 645175.859430163633078, 1843270.565088821575046 ], [ 645174.503712296369486, 1843297.333831836469471 ], [ 645163.982083680573851, 1843338.756924595916644 ], [ 645140.853885811637156, 1843367.590333006111905 ], [ 645105.853651589713991, 1843385.609545901184902 ], [ 645061.693316482007504, 1843401.795971102546901 ], [ 645047.854346627485938, 1843413.541559586534277 ], [ 645041.982763800304383, 1843429.988834402523935 ], [ 645017.60595413390547, 1843485.591825066367164 ], [ 644994.392977511393838, 1843526.928552385652438 ], [ 644985.624180188868195, 1843561.613819092046469 ], [ 644989.896849328535609, 1843607.67446518316865 ], [ 644980.11009313701652, 1843619.558329947525635 ], [ 644933.217580841388553, 1843614.149087016703561 ], [ 644922.269731464679353, 1843624.254628766328096 ], [ 644904.738746907794848, 1843677.027336249826476 ], [ 644887.988804705440998, 1843693.400614949176088 ], [ 644857.680002242675982, 1843696.071372270584106 ], [ 644802.754122713697143, 1843695.697779375361279 ], [ 644742.980768253677525, 1843702.37314773327671 ], [ 644709.428084103623405, 1843711.550570046762004 ], [ 644646.73521371348761, 1843755.496301905950531 ], [ 644555.294718435732648, 1843823.590578562114388 ], [ 644495.262069842545316, 1843899.975978366332129 ], [ 644485.904607030330226, 1843927.243663121480495 ], [ 644482.329584565828554, 1843951.120361634064466 ], [ 644485.495354961953126, 1843987.546550689032301 ] ] } },
{ "type": "Feature", "properties": { "edge_id": 62, "u": 42, "v": 47, "length_m": 281.55743565010988, "source": "osm", "waterway_tag": "canal", "name": null }, "geometry": { "type": "LineString", "coordinates": [ [ 645597.86043318011798, 1842716.197355991927907 ], [ 645618.620008014142513, 1842690.778402240946889 ], [ 645641.036233754828572, 1842672.673885432537645 ], [ 645655.621097531286068, 1842645.552958606276661 ], [ 645667.948035356821492, 1842589.868135157972574 ], [ 645668.286173804779537, 1842540.408569893799722 ], [ 645677.594957066117786, 1842520.554677640087903 ], [ 645691.388693376560695, 1842515.558952163206413 ], [ 645713.696197209181264, 1842513.387780123623088 ], [ 645734.815076671889983, 1842523.978085482027382 ] ] } },
{ "type": "Feature", "properties": { "edge_id": 63, "u": 44, "v": 44, "length_m": 36.060193248786085, "source": "osm", "waterway_tag": "canal", "name": null }, "geometry": { "type": "LineString", "coordinates": [ [ 646335.339939485071227, 1842900.397694022627547 ], [ 646338.253384495270438, 1842864.455387817928568 ] ] } },
{ "type": "Feature", "properties": { "edge_id": 64, "u": 44, "v": 61, "length_m": 715.76876842321292, "source": "mitrearth_supplement", "waterway_tag": "minor_stream", "name": "คลองเป็ด" }, "geometry": { "type": "LineString", "coordinates": [ [ 645826.346400002134033, 1843103.941600000252947 ], [ 645837.816300001577474, 1843109.450400000205263 ], [ 645853.846300001256168, 1843119.618399999802932 ], [ 645885.469100000453182, 1843109.960300000617281 ], [ 645916.242600001511164, 1843107.220899999374524 ], [ 645947.477800001390278, 1843132.925699999323115 ], [ 645985.862199999857694, 1843137.954600000521168 ], [ 646002.114800001843832, 1843127.376800000667572 ], [ 646019.373300001723692, 1843095.273299999069422 ], [ 646039.501400000997819, 1843082.425899998750538 ], [ 646082.379800001741387, 1843097.5029 ], [ 646135.433600001502782, 1843096.533099999418482 ], [ 646176.382500000763685, 1843076.9969999990426 ], [ 646199.437800001120195, 1843077.2469999990426 ], [ 646233.5591000020504, 1843049.942500001285225 ], [ 646243.784000001382083, 1843028.536899999715388 ], [ 646276.792100002174266, 1843032.735999999800697 ], [ 646318.408900002134033, 1843022.428099999437109 ], [ 646328.675000000977889, 1842997.173300000140443 ], [ 646338.908100000815466, 1842974.987799999769777 ], [ 646333.754400001256727, 1842954.181999999796972 ], [ 646331.709400001913309, 1842930.32689999951981 ], [ 646338.174200002336875, 1842901.192799999611452 ], [ 646340.309800001094118, 1842877.497600000817329 ] ] } },
{ "type": "Feature", "properties": { "edge_id": 65, "u": 44, "v": 47, "length_m": 846.8960141620986, "source": "osm", "waterway_tag": "canal", "name": null }, "geometry": { "type": "LineString", "coordinates": [ [ 646338.253384495270438, 1842864.455387817928568 ], [ 646301.725042140227742, 1842871.728918183129281 ], [ 646272.365529918577522, 1842875.732132993638515 ], [ 646253.725648950668983, 1842871.952597924275324 ], [ 646212.683344498276711, 1842837.589671701192856 ], [ 646200.850900389603339, 1842821.021134811919183 ], [ 646192.88659169129096, 1842784.782876898534596 ], [ 646181.691766563919373, 1842768.55069021275267 ], [ 646150.949770062463358, 1842756.389228944666684 ], [ 646136.532046179287136, 1842759.05665700417012 ], [ 646064.041732746642083, 1842815.435265563195571 ], [ 646040.683833903050981, 1842815.275131365284324 ], [ 646014.993405033485033, 1842797.505185909336433 ], [ 646000.370523145538755, 1842767.86058094073087 ], [ 645986.693618839024566, 1842755.816319163423032 ], [ 645936.421086184447631, 1842745.291807432891801 ], [ 645925.624642133014277, 1842733.156667303061113 ], [ 645922.627066083019599, 1842719.193845913512632 ], [ 645935.453666922287084, 1842684.094016624614596 ], [ 645933.534033200470731, 1842668.478781464509666 ], [ 645923.937304784776643, 1842652.479005774250254 ], [ 645850.608785942662507, 1842582.044174733338878 ], [ 645734.815076671889983, 1842523.978085482027382 ] ] } },
{ "type": "Feature", "properties": { "edge_id": 66, "u": 47, "v": 47, "length_m": 0.34949049631799739, "source": "mitrearth_supplement", "waterway_tag": "minor_stream", "name": null }, "geometry": { "type": "LineString", "coordinates": [ [ 645734.594900001655333, 1842524.249500000616536 ], [ 645734.815076671889983, 1842523.978085482027382 ] ] } },
{ "type": "Feature", "properties": { "edge_id": 67, "u": 47, "v": 64, "length_m": 1309.5794602453359, "source": "mitrearth_supplement", "waterway_tag": "minor_stream", "name": null }, "geometry": { "type": "LineString", "coordinates": [ [ 645734.815076671889983, 1842523.978085482027382 ], [ 645756.842100000474602, 1842496.825099999085069 ], [ 645781.835300001548603, 1842460.202600000659004 ], [ 645809.937100000912324, 1842421.3105 ], [ 645814.258000002824701, 1842376.769600000465289 ], [ 645810.984400002169423, 1842324.470199999632314 ], [ 645822.075000001466833, 1842293.836400000378489 ], [ 645819.403400001814589, 1842256.914000001037493 ], [ 645814.530100001371466, 1842210.743399999802932 ], [ 645808.708500001346692, 1842179.92960000038147 ], [ 645803.711500001838431, 1842144.516799999400973 ], [ 645804.84950000140816, 1842110.713699999731034 ], [ 645811.132800001301803, 1842098.4762 ], [ 645830.477500000968575, 1842086.388699998846278 ], [ 645836.884600002667867, 1842062.6335 ], [ 645840.875500002177432, 1842049.606200000271201 ], [ 645867.699300001375377, 1842056.814699999755248 ], [ 645907.576200001989491, 1842064.933000000659376 ], [ 645925.362500001327135, 1842055.135000000707805 ], [ 645945.663700002012774, 1842026.150900000706315 ], [ 645946.793400001712143, 1841993.1077 ], [ 645970.78060000250116, 1841978.76060000108555 ], [ 646006.10580000129994, 1841981.449999999022111 ], [ 646031.404000001959503, 1841987.878699999069795 ], [ 646060.701500001829118, 1841979.740399999544024 ], [ 646080.013300001621246, 1841970.722200001124293 ], [ 646107.702800001599826, 1841969.492499999701977 ], [ 646124.532599999685772, 1841976.59099999954924 ], [ 646145.386300002108328, 1841967.592900000978261 ], [ 646148.791900000884198, 1841936.879100000252947 ], [ 646165.151600001845509, 1841917.073100000852719 ], [ 646180.414700000546873, 1841927.231100000906736 ], [ 646215.203900003572926, 1841909.164699999848381 ], [ 646217.801300003309734, 1841882.290200000628829 ], [ 646226.690400001010858, 1841842.41829999932088 ], [ 646243.058400001842529, 1841821.072699999669567 ], [ 646267.754700002027676, 1841812.1144999996759 ], [ 646293.003400001092814, 1841823.1523 ], [ 646321.385600000619888, 1841828.0713 ], [ 646355.383200002019294, 1841812.29450000077486 ], [ 646367.034600001992658, 1841800.896799999754876 ], [ 646382.668700002250262, 1841777.231599999824539 ], [ 646409.706900000805035, 1841764.46419999958016 ], [ 646432.003600002266467, 1841768.7533 ] ] } },
{ "type": "Feature", "properties": { "edge_id": 68, "u": 55, "v": 56, "length_m": 568.54678301432511, "source": "mitrearth_supplement", "waterway_tag": "major_river", "name": null }, "geometry": { "type": "LineString", "coordinates": [ [ 646047.466852861223742, 1835211.278111957013607 ], [ 646097.238842652179301, 1835213.037671813275665 ], [ 646145.773860219167545, 1835213.047672387678176 ], [ 646181.981327500659972, 1835206.898960772901773 ], [ 646195.850845819455571, 1835199.200576451607049 ], [ 646220.514180666417815, 1835177.634962719632313 ], [ 646240.551539161708206, 1835167.626945462077856 ], [ 646252.103985524736345, 1835167.627007264643908 ], [ 646270.591184108983725, 1835171.486125270137563 ], [ 646283.693876563571393, 1835169.176639845129102 ], [ 646303.722990008536726, 1835158.398812730330974 ], [ 646334.545989601756446, 1835139.922583003528416 ], [ 646337.629857348860241, 1835129.904611963778734 ], [ 646342.255800316575915, 1835122.206173551734537 ], [ 646369.219729849603027, 1835106.039470718009397 ], [ 646403.126705002272502, 1835094.491798947099596 ], [ 646422.388949931482784, 1835084.483836433850229 ], [ 646430.098788211354986, 1835072.156342059606686 ], [ 646432.407684555626474, 1835059.059039011131972 ], [ 646436.266708892653696, 1835044.421990681206807 ], [ 646443.201463652658276, 1835030.554887304781005 ], [ 646449.369389927946031, 1835025.165937582263723 ], [ 646460.930026524933055, 1835015.157969023333862 ], [ 646464.013977641472593, 1835008.989282155176625 ], [ 646468.639865067321807, 1834993.592323792399839 ], [ 646469.414997425745241, 1834979.725227550137788 ], [ 646468.648149731103331, 1834965.848020303994417 ], [ 646472.507200145279057, 1834947.36181632662192 ], [ 646472.507208969560452, 1834947.361802839441225 ] ] } },
{ "type": "Feature", "properties": { "edge_id": 69, "u": 56, "v": 57, "length_m": 1379.9681713206401, "source": "mitrearth_supplement", "waterway_tag": "major_river", "name": null }, "geometry": { "type": "LineString", "coordinates": [ [ 646472.507208969560452, 1834947.361802839441225 ], [ 646485.609795335447416, 1834927.335858164355159 ], [ 646492.544566832133569, 1834910.3893054460641 ], [ 646494.861678563640453, 1834894.212601608363912 ], [ 646497.178727149614133, 1834877.266087612137198 ], [ 646500.262726930202916, 1834873.416792999720201 ], [ 646509.506314653554, 1834873.416888069594279 ], [ 646518.749837665236555, 1834877.276105957571417 ], [ 646527.993447353830561, 1834878.815718638245016 ], [ 646538.012139169848524, 1834876.506170379463583 ], [ 646544.180027096997947, 1834867.26808181614615 ], [ 646550.347948357346468, 1834854.940574620617554 ], [ 646558.05783220124431, 1834838.763844286091626 ], [ 646561.141758578247391, 1834822.587194219231606 ], [ 646568.084820214658976, 1834800.251713913865387 ], [ 646581.179150752490386, 1834784.075016929535195 ], [ 646603.52542652504053, 1834770.987714902032167 ], [ 646618.170036530704238, 1834767.138508714968339 ], [ 646633.573217373108491, 1834759.440035955049098 ], [ 646635.123493907274678, 1834746.342748392140493 ], [ 646626.655030404450372, 1834733.245317068649456 ], [ 646618.178297638311051, 1834726.306757451267913 ], [ 646611.251720482832752, 1834717.828466500388458 ], [ 646607.400962225045078, 1834705.501061295159161 ], [ 646617.419693647651002, 1834687.014796812552959 ], [ 646635.139937575906515, 1834674.697287295712158 ], [ 646654.410559337120503, 1834662.369832161348313 ], [ 646669.822030332754366, 1834653.131704334868118 ], [ 646679.84073769650422, 1834643.893588064238429 ], [ 646689.859392429701984, 1834631.566054129740223 ], [ 646692.168236013967544, 1834615.389414525590837 ], [ 646692.951627921778709, 1834596.133259515045211 ], [ 646694.49359688279219, 1834586.885190005647019 ], [ 646702.970265715499409, 1834577.647025657584891 ], [ 646710.671948207658716, 1834575.33748874347657 ], [ 646720.690553968772292, 1834575.337554109282792 ], [ 646733.785043972078711, 1834576.887154312571511 ], [ 646745.33746389625594, 1834577.657044213730842 ], [ 646759.206936323782429, 1834575.347540059592575 ], [ 646767.683709474280477, 1834569.958562609739602 ], [ 646771.542712208116427, 1834560.720518520567566 ], [ 646771.54272274998948, 1834542.99407397932373 ], [ 646763.841075537959114, 1834530.666568840155378 ], [ 646754.605738441227004, 1834523.728069625329226 ], [ 646736.522594621172175, 1834518.459086140617728 ], [ 646723.436494034016505, 1834499.972832081373781 ], [ 646715.734853939618915, 1834477.627413130830973 ], [ 646711.892291145166382, 1834459.900973279727623 ], [ 646707.274611960863695, 1834436.025900216773152 ], [ 646706.516054031555541, 1834402.892637076321989 ], [ 646707.291066201636568, 1834382.866727495100349 ], [ 646699.589514676597901, 1834366.680024961009622 ], [ 646685.728251817869022, 1834350.503236775053665 ], [ 646677.25975676428061, 1834344.334533867426217 ], [ 646661.848243399406783, 1834337.39592831581831 ], [ 646647.211902164388448, 1834332.766874050488696 ], [ 646631.041745794471353, 1834325.058486273745075 ], [ 646617.172278361860663, 1834320.429395037703216 ], [ 646589.441473711282015, 1834318.879685521591455 ], [ 646554.000848108087666, 1834318.869743196293712 ], [ 646533.971668224548921, 1834318.099817318608984 ], [ 646507.007776901707985, 1834304.992498006671667 ], [ 646470.033428445691243, 1834288.035950592020527 ], [ 646413.805047438596375, 1834273.378931616200134 ], [ 646359.102138479240239, 1834264.890746705466881 ], [ 646290.546123519772664, 1834241.755366844823584 ], [ 646244.336481405305676, 1834204.762931304750964 ], [ 646189.649985713651404, 1834161.601729752263054 ], [ 646189.649961312767118, 1834161.601726555963978 ] ] } },
{ "type": "Feature", "properties": { "edge_id": 70, "u": 56, "v": 56, "length_m": 9.4066553428111891e-06, "source": "mitrearth_supplement", "waterway_tag": "minor_stream", "name": null }, "geometry": { "type": "LineString", "coordinates": [ [ 646472.507200001738966, 1834947.361799999838695 ], [ 646472.507208969560452, 1834947.361802839441225 ] ] } },
{ "type": "Feature", "properties": { "edge_id": 71, "u": 56, "v": 96, "length_m": 285.18487652900427, "source": "mitrearth_supplement", "waterway_tag": "minor_stream", "name": null }, "geometry": { "type": "LineString", "coordinates": [ [ 646472.507208969560452, 1834947.361802839441225 ], [ 646530.698100000619888, 1834965.788099999772385 ], [ 646573.832200001459569, 1834995.072100000688806 ], [ 646634.670000001788139, 1835047.481399999698624 ], [ 646630.81920000188984, 1835064.428 ], [ 646631.577800002181903, 1835086.003599999006838 ], [ 646645.439100001240149, 1835104.489800000796095 ], [ 646671.627900001592934, 1835118.367000000551343 ] ] } },
{ "type": "Feature", "properties": { "edge_id": 72, "u": 57, "v": 58, "length_m": 334.39927076115958, "source": "mitrearth_supplement", "waterway_tag": "major_river", "name": null }, "geometry": { "type": "LineString", "coordinates": [ [ 646189.649961312767118, 1834161.601726555963978 ], [ 646169.117861189879477, 1834158.912225616862997 ], [ 646127.204253957024775, 1834118.9303690767847 ], [ 646069.516315305721946, 1834046.255214241798967 ], [ 646044.473629669286311, 1834008.33292621280998 ], [ 645998.560758300125599, 1833956.163521610898897 ], [ 645979.125286690425128, 1833935.767709246138111 ], [ 645961.066933629917912, 1833927.489430649671704 ] ] } },
{ "type": "Feature", "properties": { "edge_id": 73, "u": 57, "v": 57, "length_m": 4.69266327282018e-05, "source": "mitrearth_supplement", "waterway_tag": "minor_stream", "name": null }, "geometry": { "type": "LineString", "coordinates": [ [ 646189.65000000258442, 1834161.601700000232086 ], [ 646189.649961312767118, 1834161.601726555963978 ] ] } },
{ "type": "Feature", "properties": { "edge_id": 74, "u": 57, "v": 103, "length_m": 1904.2163873708282, "source": "mitrearth_supplement", "waterway_tag": "minor_stream", "name": null }, "geometry": { "type": "LineString", "coordinates": [ [ 646189.649961312767118, 1834161.601726555963978 ], [ 646176.423700001789257, 1834170.679899999639019 ], [ 646140.983100001933053, 1834242.215299999341369 ], [ 646122.03410000144504, 1834260.561599998734891 ], [ 646100.652600001078099, 1834272.78910000086762 ], [ 646057.263000002829358, 1834292.964999999850988 ], [ 645983.314300001249649, 1834324.758500000229105 ], [ 645954.594000002951361, 1834334.536499999230728 ], [ 645921.594100002199411, 1834352.2629 ], [ 645887.984100002096966, 1834373.058700000867248 ], [ 645845.81480000121519, 1834395.064200000604615 ], [ 645815.874100001179613, 1834407.291699999710545 ], [ 645784.09470000222791, 1834419.51920000067912 ], [ 645776.764100001892075, 1834427.467599997995421 ], [ 645760.874400001484901, 1834450.702899998985231 ], [ 645748.959099999861792, 1834465.6798 ], [ 645732.459200001438148, 1834480.356899999082088 ], [ 645713.510200002463534, 1834494.414000000571832 ], [ 645676.239000001340173, 1834518.869000000646338 ], [ 645643.849300001282245, 1834538.435000000754371 ], [ 645613.900400001672097, 1834560.440600000321865 ], [ 645579.680200001690537, 1834584.895600000862032 ], [ 645544.849700001301244, 1834616.079199999803677 ], [ 645516.129500001086853, 1834642.3739 ], [ 645490.460100001189858, 1834674.157400000840425 ], [ 645445.850100001203828, 1834718.17850000038743 ], [ 645391.155400001676753, 1834774.127100000623614 ], [ 645368.545300000347197, 1834794.912799999117851 ], [ 645361.206500002415851, 1834801.021600000560284 ], [ 645337.376100001274608, 1834809.5798 ], [ 645272.596700000576675, 1834831.5954 ], [ 645188.266400001826696, 1834864.608599999686703 ], [ 645134.487100001075305, 1834885.394400000339374 ], [ 645100.26680000196211, 1834901.291200000559911 ], [ 645065.436400001985021, 1834922.686799999326468 ], [ 645003.411100001307204, 1834965.798 ], [ 644967.35200000111945, 1834989.633199998643249 ], [ 644957.572500000940636, 1834998.811300000175834 ], [ 644942.911400001263246, 1835014.708100000396371 ], [ 644920.911400001146831, 1835034.88399999961257 ], [ 644903.191100002499297, 1835048.331199999898672 ], [ 644875.072800001013093, 1835064.837899999227375 ], [ 644845.742300000973046, 1835080.734699999680743 ], [ 644804.801700001815334, 1835096.021500000497326 ], [ 644777.301800000830553, 1835103.359999998705462 ], [ 644741.242700001224875, 1835119.866699999198318 ], [ 644621.46360000106506, 1835171.216199999209493 ] ] } },
{ "type": "Feature", "properties": { "edge_id": 75, "u": 58, "v": 58, "length_m": 1.0737364958294191e-05, "source": "mitrearth_supplement", "waterway_tag": "major_river", "name": null }, "geometry": { "type": "LineString", "coordinates": [ [ 645961.066933629917912, 1833927.489430649671704 ], [ 645961.066923869308084, 1833927.489426175132394 ] ] } },
{ "type": "Feature", "properties": { "edge_id": 76, "u": 58, "v": 58, "length_m": 7.3106379444397114e-05, "source": "mitrearth_supplement", "waterway_tag": "minor_stream", "name": "คลองยาง" }, "geometry": { "type": "LineString", "coordinates": [ [ 645961.067000000970438, 1833927.489399999612942 ], [ 645961.066933629917912, 1833927.489430649671704 ] ] } },
{ "type": "Feature", "properties": { "edge_id": 77, "u": 58, "v": 59, "length_m": 10044.909042867359, "source": "mitrearth_supplement", "waterway_tag": "major_river", "name": null }, "geometry": { "type": "LineString", "coordinates": [ [ 645961.066923869308084, 1833927.489426175132394 ], [ 645946.809850565623492, 1833894.006145997205749 ], [ 645917.578348918352276, 1833884.468108074506745 ], [ 645889.789811865543015, 1833868.791332037420943 ], [ 645861.250966404099017, 1833853.884382223943248 ], [ 645834.921987729379907, 1833832.81868532137014 ], [ 645821.514306481694803, 1833805.454165945062414 ], [ 645812.534501561778598, 1833765.772243244340643 ], [ 645822.775917261606082, 1833732.709069416159764 ], [ 645843.101877441629767, 1833708.683926731813699 ], [ 645868.93613950535655, 1833694.526767499279231 ], [ 645895.669117854791693, 1833690.317636881256476 ], [ 645956.193682644283399, 1833693.287106515374035 ], [ 645981.607298829243518, 1833703.644975524628535 ], [ 646009.981313482974656, 1833707.064251629868522 ], [ 646046.996898652869277, 1833725.680499796988443 ], [ 646085.538010436110198, 1833744.26672526425682 ], [ 646104.041619659867138, 1833753.194903160212561 ], [ 646140.785105499206111, 1833752.664963250746951 ], [ 646169.258044020738453, 1833762.982866289559752 ], [ 646204.83059870544821, 1833783.478725481778383 ], [ 646245.77949883742258, 1833791.806964551797137 ], [ 646282.704312131390907, 1833804.294438776327297 ], [ 646315.300140302511863, 1833835.218182389158756 ], [ 646372.650025308947079, 1833830.569118061801419 ], [ 646464.690123202512041, 1833788.677688861498609 ], [ 646560.308986604446545, 1833782.718845029594377 ], [ 646611.449689819477499, 1833772.041055796900764 ], [ 646662.986186009133235, 1833735.318489954574034 ], [ 646696.274672670522705, 1833653.695149569073692 ], [ 646694.963530055014417, 1833561.843796016648412 ], [ 646655.1279463020619, 1833452.925945262890309 ], [ 646599.377694141236134, 1833354.965862037613988 ], [ 646561.925128021510318, 1833252.136860215570778 ], [ 646516.696612680796534, 1833194.598587204935029 ], [ 646480.373680160264485, 1833117.024305416969582 ], [ 646395.69710515672341, 1832977.362805299926549 ], [ 646346.85701291251462, 1832934.421467864420265 ], [ 646292.871458965586498, 1832906.867177882697433 ], [ 646205.630481043481268, 1832909.646573733305559 ], [ 646126.387873244355433, 1832936.041161874774843 ], [ 646032.566648456617258, 1833013.935314044822007 ], [ 645988.954414179315791, 1833069.68396312254481 ], [ 645937.162239931290969, 1833195.978234557667747 ], [ 645910.940475551178679, 1833289.759225474670529 ], [ 645862.628010156797245, 1833391.498493747785687 ], [ 645826.89057977241464, 1833462.443984211422503 ], [ 645730.059639714309014, 1833544.217435735743493 ], [ 645654.486460057203658, 1833559.844173694960773 ], [ 645590.935733611928299, 1833559.214343044674024 ], [ 645545.954665054334328, 1833518.512665976537392 ], [ 645474.347716088872403, 1833490.448387478711084 ], [ 645467.520122244372033, 1833440.778474903432652 ], [ 645495.17677734955214, 1833393.678089780500159 ], [ 645478.520170187344775, 1833353.346280479803681 ], [ 645465.541216942947358, 1833302.236624562181532 ], [ 645474.586911216960289, 1833238.559646237641573 ], [ 645491.828909487230703, 1833159.455691600451246 ], [ 645515.057453062036075, 1833016.724708163412288 ], [ 645549.764180517871864, 1832927.4228864912875 ], [ 645587.258026684401557, 1832871.764298807363957 ], [ 645610.709271263564005, 1832798.699158617062494 ], [ 645668.768278950359672, 1832682.26287348382175 ], [ 645719.010131923831068, 1832608.817840971285477 ], [ 645786.964199879672378, 1832542.001387616619468 ], [ 645862.158081521978602, 1832499.590015726862475 ], [ 645920.068580284598283, 1832480.393959584180266 ], [ 645967.531711802468635, 1832426.884826071094722 ], [ 646011.712904896819964, 1832410.948028804501519 ], [ 646068.180492293671705, 1832397.890677019022405 ], [ 646102.145123477792367, 1832363.717668776866049 ], [ 646181.890672604436986, 1832265.347683110274374 ], [ 646229.972196388291195, 1832201.120734062744305 ], [ 646266.319881196366623, 1832173.036462023155764 ], [ 646278.771075640805066, 1832133.054599458118901 ], [ 646327.759644906967878, 1832078.765717692673206 ], [ 646393.79230281454511, 1832038.773846838856116 ], [ 646436.514076548395678, 1832028.206011690432206 ], [ 646465.267359730089083, 1832004.070900446502492 ], [ 646499.537062653223984, 1831991.323457439430058 ], [ 646584.601166378124617, 1831997.002371595706791 ], [ 646655.531908172881231, 1831978.386147939832881 ], [ 646726.660647310432978, 1831973.537102489033714 ], [ 646780.943032826879062, 1831968.178239448228851 ], [ 646785.461766298627481, 1831962.749258049298078 ], [ 646798.102606645319611, 1831936.544582242844626 ], [ 646793.806475884048268, 1831903.68127630231902 ], [ 646778.040420807898045, 1831871.747816940071061 ], [ 646728.21901940240059, 1831814.2795011815615 ], [ 646644.968986026477069, 1831774.887536814669147 ], [ 646560.391447060275823, 1831749.292712289839983 ], [ 646487.151851978502236, 1831713.590050008846447 ], [ 646431.047048170003109, 1831698.313120318576694 ], [ 646306.279231761931442, 1831646.503720655106008 ], [ 646234.787721158470958, 1831626.087783126393333 ], [ 646157.326250847894698, 1831616.479732130886987 ], [ 646053.238933472079225, 1831618.729306343942881 ], [ 645985.218983470462263, 1831627.347516522742808 ], [ 645929.081305526313372, 1831663.370214091846719 ], [ 645880.307129094609991, 1831679.376959331566468 ], [ 645832.951290058204904, 1831686.945400509284809 ], [ 645799.275247388053685, 1831687.425320206442848 ], [ 645764.791131048928946, 1831685.615721683716401 ], [ 645737.818965569720604, 1831672.988232010276988 ], [ 645712.207400419050828, 1831648.853153750533238 ], [ 645701.025979490019381, 1831616.089822783367708 ], [ 645707.721668362617493, 1831548.623611852992326 ], [ 645758.705638278275728, 1831473.638854456599802 ], [ 645824.169412014074624, 1831393.075213161995634 ], [ 645872.349898956366815, 1831353.653290054062381 ], [ 645905.414737809216604, 1831341.27176234475337 ], [ 645962.460488248150796, 1831319.910096046049148 ], [ 646037.481203997740522, 1831319.600243954220787 ], [ 646106.754483562079258, 1831345.414951012469828 ], [ 646190.507511299918406, 1831366.420628156280145 ], [ 646297.645817047683522, 1831363.361321474658325 ], [ 646377.927299797418527, 1831356.082730323541909 ], [ 646472.078434269642457, 1831354.743037271080539 ], [ 646531.184663870371878, 1831365.380939007271081 ], [ 646572.784871395444497, 1831383.927059032022953 ], [ 646613.643103964044712, 1831403.253160446882248 ], [ 646630.126451248419471, 1831432.10735074384138 ], [ 646658.5911203174619, 1831441.655334723880515 ], [ 646720.888545739697292, 1831461.441332059446722 ], [ 646763.272162395063788, 1831480.737460455857217 ], [ 646793.847722541657276, 1831477.238124358467758 ], [ 646834.277086085174233, 1831466.710276573663577 ], [ 646889.458312542876229, 1831471.289340716786683 ], [ 646941.497822987963445, 1831469.779615420615301 ], [ 646992.201523414929397, 1831482.06718591786921 ], [ 647044.307041508378461, 1831485.156548655824736 ], [ 647078.32941647595726, 1831454.812725291587412 ], [ 647127.936372791067697, 1831444.154833365231752 ], [ 647168.374037136789411, 1831434.386839936953038 ], [ 647212.934536352637224, 1831391.645545974140987 ], [ 647237.663851700373925, 1831372.45942692970857 ], [ 647237.391748860944062, 1831334.637183730490506 ], [ 647272.80761082447134, 1831295.085174989420921 ], [ 647321.367397847818211, 1831264.541434629121795 ], [ 647356.271999509888701, 1831242.60590572305955 ], [ 647370.957845028024167, 1831198.754834059858695 ], [ 647381.265141787356697, 1831169.510804400546476 ], [ 647394.747179339989088, 1831148.655038032215089 ], [ 647428.917937204125337, 1831129.028973823646083 ], [ 647481.097600010340102, 1831137.467236943077296 ], [ 647540.632652558851987, 1831173.070001574233174 ], [ 647600.489249915350229, 1831236.527107742847875 ], [ 647681.26546235429123, 1831317.290702282218263 ], [ 647746.786989712854847, 1831348.514321414288133 ], [ 647786.457763994461857, 1831338.766292781569064 ], [ 647833.764095550170168, 1831273.779536186251789 ], [ 647892.301391379907727, 1831244.615482008550316 ], [ 647904.109487304347567, 1831213.821788115659729 ], [ 647887.625956864911132, 1831185.727452014107257 ], [ 647855.615605908446014, 1831141.78639139723964 ], [ 647854.403530184645206, 1831110.412838261807337 ], [ 647871.480617978377268, 1831073.42027673823759 ], [ 647901.685210550902411, 1831043.896349885966629 ], [ 647982.609860142110847, 1831028.199512158986181 ], [ 648056.294780177995563, 1830987.327823142753914 ], [ 648088.610247781383805, 1830953.544732444221154 ] ] } },
{ "type": "Feature", "properties": { "edge_id": 78, "u": 58, "v": 105, "length_m": 1924.8309880921829, "source": "mitrearth_supplement", "waterway_tag": "minor_stream", "name": "คลองยาง" }, "geometry": { "type": "LineString", "coordinates": [ [ 645961.066933629917912, 1833927.489430649671704 ], [ 645918.048399999504909, 1833947.3553 ], [ 645863.221800001570955, 1833968.051100000273436 ], [ 645828.119200001470745, 1833976.209499999880791 ], [ 645779.963500000885688, 1833981.488399999216199 ], [ 645727.833300001570024, 1833976.869300001068041 ], [ 645677.179000001167879, 1833967.641200000187382 ], [ 645641.202400001930073, 1833968.151100000133738 ], [ 645595.438000002177432, 1833980.28859999938868 ], [ 645539.061200002324767, 1833999.464700000127777 ], [ 645522.305600000894628, 1834005.833400000119582 ], [ 645506.209700001054443, 1834004.5337 ], [ 645491.5486000017263, 1833996.315400000428781 ], [ 645423.536899999948218, 1833951.354499998968095 ], [ 645396.441000001505017, 1833930.298800001153722 ], [ 645379.174200002220459, 1833900.694800000404939 ], [ 645359.178100001066923, 1833840.49709999980405 ], [ 645316.967600001720712, 1833779.849400001112372 ], [ 645302.82600000302773, 1833754.784499998902902 ], [ 645281.197100002202205, 1833741.317299999296665 ], [ 645252.691200001048855, 1833728.709899999201298 ], [ 645237.485900000552647, 1833735.818399999057874 ], [ 645212.10520000057295, 1833727.749999998835847 ], [ 645174.611300001270138, 1833729.059800001094118 ], [ 645147.358800000278279, 1833750.875299999024719 ], [ 645115.777200003387406, 1833791.1371 ], [ 645092.928000001236796, 1833799.125499999150634 ], [ 645034.951500001829118, 1833813.7325 ], [ 644995.132300001219846, 1833813.53260000096634 ], [ 644957.556000001030043, 1833808.713600000133738 ], [ 644913.737600000575185, 1833796.316099999006838 ], [ 644869.42440000071656, 1833748.715800000354648 ], [ 644811.818900001235306, 1833682.169299999484792 ], [ 644781.804000000702217, 1833671.111600000411272 ], [ 644732.675300001399592, 1833661.86350000067614 ], [ 644675.90270000253804, 1833653.48520000022836 ], [ 644632.224400001345202, 1833651.045700000831857 ], [ 644595.291300000390038, 1833637.788400000194088 ], [ 644570.479500001878478, 1833615.942800000542775 ], [ 644536.077900002361275, 1833619.49210000038147 ], [ 644511.868100000196137, 1833639.748000000370666 ], [ 644493.752000002190471, 1833657.614299999317154 ], [ 644473.986700001172721, 1833667.8522 ], [ 644435.000300001469441, 1833671.471499999752268 ], [ 644407.954000000841916, 1833654.244999999180436 ], [ 644380.190200001583435, 1833640.0979 ], [ 644345.722600001725368, 1833639.058099999791011 ], [ 644328.884600001852959, 1833639.29810000048019 ], [ 644315.245900003006682, 1833639.817900000140071 ] ] } },
{ "type": "Feature", "properties": { "edge_id": 79, "u": 60, "v": 61, "length_m": 775.60294733080627, "source": "mitrearth_supplement", "waterway_tag": "minor_stream", "name": null }, "geometry": { "type": "LineString", "coordinates": [ [ 646257.356700001168065, 1843403.790500000119209 ], [ 646224.901000001700595, 1843422.656699999701232 ], [ 646184.496400001342408, 1843462.188599999761209 ], [ 646160.443200001725927, 1843482.684499999275431 ], [ 646135.746900001307949, 1843491.63260000012815 ], [ 646096.570900001446716, 1843489.673000000417233 ], [ 646049.289300002041273, 1843455.339999999618158 ], [ 645976.239300001645461, 1843386.903999998699874 ], [ 645928.314500001724809, 1843340.263499999186024 ], [ 645893.879800001857802, 1843326.0562999995891 ], [ 645817.185200001578778, 1843310.6095 ], [ 645776.722900002147071, 1843284.804699999745935 ], [ 645765.665200001560152, 1843241.643500000471249 ], [ 645783.954500001855195, 1843184.955100000137463 ], [ 645813.012800001422875, 1843128.3966 ], [ 645826.346400002134033, 1843103.941600000252947 ] ] } },
{ "type": "Feature", "properties": { "edge_id": 80, "u": 61, "v": 62, "length_m": 516.48743752821758, "source": "mitrearth_supplement", "waterway_tag": "minor_stream", "name": "คลองเป็ด" }, "geometry": { "type": "LineString", "coordinates": [ [ 645826.346400002134033, 1843103.941600000252947 ], [ 645831.442300002090633, 1843059.420600000536069 ], [ 645824.169500001473352, 1843021.678300000960007 ], [ 645799.910200000740588, 1842990.664599998854101 ], [ 645756.001100001623854, 1842999.412799998419359 ], [ 645732.714800001238473, 1843019.908700000727549 ], [ 645689.498300001141615, 1843035.585499999811873 ], [ 645662.649900001008064, 1843030.686499999603257 ], [ 645661.998400001088157, 1843019.918700000504032 ], [ 645662.905500002438203, 1843006.86130000045523 ], [ 645675.703000001725741, 1842960.870699999388307 ], [ 645711.20960000064224, 1842947.42339999973774 ], [ 645729.144400001270697, 1842923.788200000766665 ], [ 645719.331800001789816, 1842907.541500000515953 ], [ 645697.983300001942553, 1842891.164899999508634 ], [ 645667.457200002158061, 1842870.848999999230728 ], [ 645646.875599999795668, 1842860.581100000301376 ] ] } },
{ "type": "Feature", "properties": { "edge_id": 81, "u": 65, "v": 66, "length_m": 189.45276569052191, "source": "mitrearth_supplement", "waterway_tag": "minor_stream", "name": null }, "geometry": { "type": "LineString", "coordinates": [ [ 643722.666600001743063, 1840737.873199999565259 ], [ 643748.525500001385808, 1840731.244500000495464 ], [ 643779.16710000182502, 1840740.802599999587983 ], [ 643818.277100001345389, 1840749.6808 ], [ 643846.560400001122616, 1840763.817900000372902 ], [ 643866.408100000349805, 1840777.105200000107288 ], [ 643893.842100001871586, 1840798.920700000831857 ] ] } },
{ "type": "Feature", "properties": { "edge_id": 82, "u": 67, "v": 68, "length_m": 1421.1618276798717, "source": "mitrearth_supplement", "waterway_tag": "minor_stream", "name": "คลองสะลุ" }, "geometry": { "type": "LineString", "coordinates": [ [ 646962.632000001263805, 1840612.0988 ], [ 647012.173000001581386, 1840623.826400000602007 ], [ 647070.537100002286024, 1840629.075300000840798 ], [ 647107.857800001394935, 1840660.988800000632182 ], [ 647129.725700001348741, 1840699.660900000715628 ], [ 647153.927300001843832, 1840736.053500000620261 ], [ 647180.454200000735, 1840770.9364 ], [ 647211.730700001469813, 1840792.791999999433756 ], [ 647247.831000001286156, 1840795.491399999475107 ], [ 647299.045900002121925, 1840822.186000001151115 ], [ 647318.011400001123548, 1840844.681399998720735 ], [ 647341.528500001179054, 1840873.375600000610575 ], [ 647378.239000001689419, 1840890.682099999859929 ], [ 647404.69170000217855, 1840932.483499999856576 ], [ 647418.79210000182502, 1840978.754100000718608 ], [ 647431.672099999850616, 1840995.800699999323115 ], [ 647464.52350000012666, 1841014.606799999717623 ], [ 647499.832200001343153, 1841018.835999999428168 ], [ 647519.144000002415851, 1841010.587600000202656 ], [ 647547.79010000184644, 1840991.681500000646338 ], [ 647569.74870000150986, 1840951.179699999513105 ], [ 647579.15720000048168, 1840934.373199999332428 ], [ 647617.022200000705197, 1840915.566999999573454 ], [ 647651.069300001021475, 1840895.181099998997524 ], [ 647685.372000002767891, 1840850.9800999998115 ], [ 647711.057800001930445, 1840821.276200000196695 ], [ 647741.311800001654774, 1840795.471400000154972 ], [ 647776.232900000410154, 1840765.107600000454113 ], [ 647799.66760000155773, 1840730.764599999412894 ], [ 647833.261200001696125, 1840681.16469999961555 ], [ 647857.537000000709668, 1840639.923100000247359 ], [ 647871.711600002134219, 1840608.559499999508262 ], [ 647911.20920000190381, 1840581.324999999487773 ], [ 647973.127200002083555, 1840525.836300000781193 ] ] } },
{ "type": "Feature", "properties": { "edge_id": 83, "u": 69, "v": 70, "length_m": 3347.3020533476733, "source": "mitrearth_supplement", "waterway_tag": "minor_stream", "name": null }, "geometry": { "type": "LineString", "coordinates": [ [ 651957.271800002548844, 1840857.908700000727549 ], [ 651913.85740000277292, 1840798.450799999758601 ], [ 651871.630400002351962, 1840752.960100001189858 ], [ 651816.95230000151787, 1840690.132899999152869 ], [ 651751.983200001996011, 1840618.637399998959154 ], [ 651684.853800001787022, 1840550.931199999758974 ], [ 651602.296400002785958, 1840470.497600000584498 ], [ 651558.981000001891516, 1840429.335999998729676 ], [ 651525.964700002106838, 1840389.803999999538064 ], [ 651451.249100002110936, 1840307.470799998845905 ], [ 651368.147400002693757, 1840211.340299998875707 ], [ 651315.637900002300739, 1840166.919399998616427 ], [ 651269.081900001736358, 1840117.639399999752641 ], [ 651203.032700002309866, 1840052.102700000395998 ], [ 651147.810200001578778, 1839997.933800000464544 ], [ 651083.657600001664832, 1839928.877800000598654 ], [ 651031.148000001325272, 1839877.428300001425669 ], [ 650989.457000002730638, 1839833.5572 ], [ 650929.369600001955405, 1839774.519200001144782 ], [ 650923.952100001624785, 1839776.138900000136346 ], [ 650916.918300002114847, 1839791.8457 ], [ 650886.326300001936033, 1839807.822499999776483 ], [ 650809.994500001659617, 1839844.115100000286475 ], [ 650746.658200002857484, 1839876.61849999986589 ], [ 650748.818600002094172, 1839893.404999999795109 ], [ 650752.067400001455098, 1839939.9856 ], [ 650754.772100001107901, 1839981.687100001145154 ], [ 650728.245200002100319, 1839985.476299999048933 ], [ 650647.584300000569783, 1839992.524900000309572 ], [ 650581.807200001552701, 1839997.123900000238791 ], [ 650513.053400001255795, 1839987.375900000100955 ], [ 650464.32870000298135, 1839980.337400000775233 ], [ 650442.130900003015995, 1839980.337400000542402 ], [ 650421.021500002010725, 1839966.790100001031533 ], [ 650399.359700003406033, 1839962.460999998962507 ], [ 650347.394400001037866, 1839958.671800001058728 ], [ 650307.327800001949072, 1839957.042099999031052 ], [ 650231.540300003020093, 1839950.003499999875203 ], [ 650154.93640000175219, 1839944.31470000045374 ], [ 650105.123200001427904, 1839939.98560000048019 ], [ 650050.445000001927838, 1839937.27610000083223 ], [ 650003.889000002876855, 1839937.276100000133738 ], [ 649962.750500001595356, 1839935.106599999824539 ], [ 649930.806100001093, 1839930.7774 ], [ 649889.659300002036616, 1839922.649099999805912 ], [ 649874.231300002080388, 1839916.960300000617281 ], [ 649862.860300001921132, 1839903.962900000158697 ], [ 649834.173000002512708, 1839899.093900000210851 ], [ 649783.279700002167374, 1839892.045299999415874 ], [ 649739.428300000028685, 1839885.00679999939166 ], [ 649700.994400001945905, 1839869.300000000745058 ], [ 649700.994400001596659, 1839863.881100000813603 ], [ 649705.323500001453795, 1839850.88370000035502 ], [ 649693.416500002727844, 1839823.80919999955222 ], [ 649685.838500001700595, 1839808.642300000181422 ], [ 649668.514000002061948, 1839804.303200000431389 ], [ 649636.569600001326762, 1839797.264599998947233 ], [ 649612.747400003485382, 1839782.097699999809265 ], [ 649580.811200001742691, 1839775.059099999489263 ], [ 649525.588800002122298, 1839761.521899999585003 ], [ 649493.372300002258271, 1839757.992599999532104 ], [ 649476.056000001146458, 1839734.70740000042133 ], [ 649448.440700002363883, 1839717.920800000429153 ], [ 649371.564700001268648, 1839683.797700001392514 ], [ 649327.177300001494586, 1839665.3815 ] ] } },
{ "type": "Feature", "properties": { "edge_id": 84, "u": 71, "v": 72, "length_m": 191.8321196833576, "source": "mitrearth_supplement", "waterway_tag": "minor_stream", "name": null }, "geometry": { "type": "LineString", "coordinates": [ [ 651516.473700002068654, 1839168.192700000246987 ], [ 651482.368900001747534, 1839170.892100000986829 ], [ 651446.09540000220295, 1839169.812300000339746 ], [ 651414.69520000112243, 1839166.562999999849126 ], [ 651380.046200001728721, 1839158.984500000718981 ], [ 651328.0726000018185, 1839143.277699999045581 ] ] } },
{ "type": "Feature", "properties": { "edge_id": 85, "u": 71, "v": 73, "length_m": 1708.6947483920389, "source": "mitrearth_supplement", "waterway_tag": "minor_stream", "name": null }, "geometry": { "type": "LineString", "coordinates": [ [ 651516.473700002068654, 1839168.192700000246987 ], [ 651574.945000001695007, 1839168.192700000712648 ], [ 651633.40800000121817, 1839164.943299998994917 ], [ 651714.077100002206862, 1839160.064300000201911 ], [ 651782.830900002154522, 1839156.275100000435486 ], [ 651815.311300002154894, 1839151.946000000694767 ], [ 651850.496300002210774, 1839141.108200000599027 ], [ 651876.215100001660176, 1839133.259799999417737 ], [ 651894.619900002959184, 1839131.6301 ], [ 651913.568800001870841, 1839131.090199999744073 ], [ 651927.644500002963468, 1839126.7511 ], [ 651970.951600002939813, 1839121.882099999347702 ], [ 652040.7939000017941, 1839118.092900000279769 ], [ 652107.37910000118427, 1839112.134099999442697 ], [ 652164.22600000188686, 1839107.255100000184029 ], [ 652204.284300002036616, 1839100.216499999165535 ], [ 652237.036800001631491, 1839098.3169 ], [ 652267.892700000549667, 1839099.4067 ], [ 652296.588300001923926, 1839098.316900000208989 ], [ 652322.570900000981055, 1839092.908 ], [ 652350.722200002404861, 1839089.6586 ], [ 652421.100500001804903, 1839081.530300000682473 ], [ 652489.318400002317503, 1839076.111400000518188 ], [ 652555.903600001824088, 1839070.692500001052395 ], [ 652680.688000002526678, 1839056.885299999034032 ], [ 652756.483800002140924, 1839057.425200000405312 ], [ 652806.288700002478436, 1839060.1347 ], [ 652852.844700002460741, 1839065.553600000217557 ], [ 652925.39160000171978, 1839075.841499999398366 ], [ 653077.783100002096035, 1839111.864099999656901 ], [ 653145.456700001726858, 1839128.110800000140443 ], [ 653207.712800002424046, 1839144.3575 ] ] } },
{ "type": "Feature", "properties": { "edge_id": 86, "u": 71, "v": 76, "length_m": 3403.9306481917151, "source": "mitrearth_supplement", "waterway_tag": "minor_stream", "name": null }, "geometry": { "type": "LineString", "coordinates": [ [ 653627.920200001564808, 1837988.156099999323487 ], [ 653612.938400000566617, 1837983.943700000178069 ], [ 653593.989400003221817, 1837975.815400000894442 ], [ 653402.883700001984835, 1837936.823300000512972 ], [ 653274.578400002326816, 1837910.818600001512095 ], [ 653215.299000001512468, 1837896.471499999286607 ], [ 653162.789500002283603, 1837892.6722999997437 ], [ 653163.869700002367608, 1837913.798000000882894 ], [ 653087.537900001741946, 1837931.674399999668822 ], [ 652965.186100001330487, 1837963.627800000598654 ], [ 652970.603600001428276, 1838055.699100000783801 ], [ 652973.30820000206586, 1838179.193999999202788 ], [ 652973.580300001893193, 1838189.211899998830631 ], [ 652974.660500001627952, 1838209.797700001159683 ], [ 652907.531100001651794, 1838217.916099999565631 ], [ 652757.572200001683086, 1838233.622899999842048 ], [ 652640.63790000253357, 1838246.6202 ], [ 652553.199000002583489, 1838258.267899999162182 ], [ 652219.448400001740083, 1838305.1183 ], [ 652229.731000001193024, 1838358.197499999543652 ], [ 652042.146300002466887, 1838402.3386 ], [ 651905.718800002010539, 1838434.291999999200925 ], [ 651796.906600002665073, 1838460.836599999340251 ], [ 651619.604500002111308, 1838499.0189 ], [ 651641.258000002009794, 1838566.175200000405312 ], [ 651640.177800001343712, 1838568.884700000751764 ], [ 651484.801400001626462, 1838559.676500000292435 ], [ 651530.277200002339669, 1838670.174000000581145 ], [ 651537.591300001717173, 1838692.1096 ], [ 651467.213000002200715, 1838711.065699999686331 ], [ 651428.234900001902133, 1838730.021900000749156 ], [ 651406.573100002016872, 1838732.181399999186397 ], [ 651362.7299000013154, 1838734.350999999325722 ], [ 651368.139200001722202, 1838747.888200000161305 ], [ 651387.632400001981296, 1838797.7181 ], [ 651416.863900002092123, 1838900.627100000390783 ], [ 651439.333800002234057, 1838959.935099999420345 ], [ 651509.16790000104811, 1839148.956599999219179 ], [ 651516.473700002068654, 1839168.192700000246987 ] ] } },
{ "type": "Feature", "properties": { "edge_id": 87, "u": 77, "v": 78, "length_m": 2422.1181142761343, "source": "mitrearth_supplement", "waterway_tag": "minor_stream", "name": null }, "geometry": { "type": "LineString", "coordinates": [ [ 646610.616900001186877, 1839006.455600001616403 ], [ 646614.550100001972169, 1838903.116599998902529 ], [ 646623.035100001608953, 1838867.683800001395866 ], [ 646626.12730000144802, 1838843.028799999505281 ], [ 646639.229900001781061, 1838833.790699999546632 ], [ 646688.540100001497194, 1838810.685399999376386 ], [ 646737.850200002081692, 1838789.129799999762326 ], [ 646773.290900000720285, 1838775.28260000073351 ], [ 646791.786300000851043, 1838759.875800000270829 ], [ 646797.187300001969561, 1838734.450999999186024 ], [ 646799.504400002304465, 1838713.655200000852346 ], [ 646804.913700002245605, 1838677.442600000184029 ], [ 646802.6049000013154, 1838652.79759999900125 ], [ 646791.827500001294538, 1838636.61089999973774 ], [ 646778.733100001583807, 1838623.513499999186024 ], [ 646774.123700002208352, 1838593.459599999245256 ], [ 646772.590000001364388, 1838559.56650000042282 ], [ 646761.820900001097471, 1838514.875600001076236 ], [ 646751.810500000603497, 1838485.601600000401959 ], [ 646746.425900000846013, 1838465.565700000617653 ], [ 646746.434200001647696, 1838444.000099999830127 ], [ 646756.452900001197122, 1838423.204299999633804 ], [ 646760.311900001368485, 1838393.1604 ], [ 646760.320200003567152, 1838367.735600000247359 ], [ 646763.412400001310743, 1838345.390100000426173 ], [ 646776.515000000828877, 1838322.284799999790266 ], [ 646791.926500000990927, 1838302.258899999549612 ], [ 646796.552400001324713, 1838287.6219 ], [ 646780.3823000008706, 1838273.754699999466538 ], [ 646751.884700001799501, 1838248.319900000467896 ], [ 646737.256500001763925, 1838225.974400000879541 ], [ 646731.86380000191275, 1838211.33739999984391 ], [ 646730.33830000157468, 1838182.053400000557303 ], [ 646732.647100000875071, 1838169.7359 ], [ 646741.915400001686066, 1838108.098400000715628 ], [ 646751.167300001718104, 1838073.435500000137836 ], [ 646752.717500002239831, 1838051.869899999350309 ], [ 646744.249000001698732, 1838038.762599998619407 ], [ 646732.688300001434982, 1838035.6832 ], [ 646718.827100001741201, 1838025.665200000395998 ], [ 646720.369100001873448, 1838012.5679 ], [ 646735.78880000137724, 1837995.621300000697374 ], [ 646745.807500001625158, 1837974.05570000060834 ], [ 646751.975400001509115, 1837954.0298 ], [ 646749.674800001899712, 1837919.356899999082088 ], [ 646749.674800001550466, 1837911.64839999913238 ], [ 646765.877900001709349, 1837836.933599999174476 ], [ 646785.156700001913123, 1837779.155400000745431 ], [ 646800.576400001533329, 1837745.262299999594688 ], [ 646807.511100000934675, 1837738.33369999891147 ], [ 646846.035700001986697, 1837728.3257 ], [ 646862.214100001961924, 1837722.936799998860806 ], [ 646893.037000000709668, 1837709.849499999778345 ], [ 646914.608200000599027, 1837706.780099999159575 ], [ 646943.880900001269765, 1837699.851500000804663 ], [ 646961.609500001883134, 1837685.224500000244007 ], [ 646986.264600002439693, 1837666.738299999618903 ], [ 646993.1993000023067, 1837655.950500000268221 ], [ 646997.833500001113862, 1837637.464199999347329 ], [ 647012.46980000147596, 1837632.075300000375137 ], [ 647030.181900001363829, 1837642.103299999143928 ], [ 647055.603900002199225, 1837651.351399999111891 ], [ 647073.32420000154525, 1837651.361400000518188 ], [ 647086.426800001063384, 1837645.972500000149012 ], [ 647093.361600002273917, 1837625.166699999710545 ], [ 647099.537700001848862, 1837595.892700000200421 ], [ 647101.86300000094343, 1837558.150399999227375 ], [ 647115.732600002782419, 1837531.185900000855327 ], [ 647135.770000000717118, 1837505.771 ], [ 647153.498500001733191, 1837475.727199999382719 ], [ 647160.441500001121312, 1837448.002800001297146 ], [ 647158.907800002256408, 1837430.276399999856949 ], [ 647151.206200002110563, 1837418.718800000846386 ], [ 647133.494100001174957, 1837416.39919999986887 ], [ 647112.689800001797266, 1837411.000299999723211 ], [ 647100.37050000182353, 1837394.823599999537691 ], [ 647112.698100000736304, 1837377.107199999736622 ], [ 647112.706300001475029, 1837356.301499999593943 ], [ 647100.387000001734123, 1837343.204099999507889 ], [ 647081.899900001473725, 1837330.876599999610335 ], [ 647061.103800001204945, 1837319.30900000105612 ], [ 647044.925500001409091, 1837303.132300000404939 ], [ 647034.915000001667067, 1837287.715399999171495 ], [ 647033.381300000124611, 1837271.538699999684468 ], [ 647040.324300001724623, 1837246.113900000229478 ], [ 647053.427000001771376, 1837228.3975000011269 ], [ 647061.91190000064671, 1837192.194900000467896 ], [ 647064.22900000330992, 1837165.230399999534711 ], [ 647061.928400000557303, 1837148.283800000324845 ], [ 647049.609100001864135, 1837117.460100001189858 ] ] } },
{ "type": "Feature", "properties": { "edge_id": 88, "u": 80, "v": 80, "length_m": 12.184046169152202, "source": "mitrearth_supplement", "waterway_tag": "minor_stream", "name": null }, "geometry": { "type": "LineString", "coordinates": [ [ 643395.59520000172779, 1837101.04340000054799 ], [ 643383.97680000110995, 1837104.712699998868629 ] ] } },
{ "type": "Feature", "properties": { "edge_id": 89, "u": 80, "v": 85, "length_m": 2830.3700620307427, "source": "mitrearth_supplement", "waterway_tag": "minor_stream", "name": null }, "geometry": { "type": "LineString", "coordinates": [ [ 644263.841300001950003, 1835696.089400000870228 ], [ 644251.926100000855513, 1835732.312000000383705 ], [ 644236.514600001042709, 1835756.957 ], [ 644229.571600001538172, 1835773.133699999656528 ], [ 644228.021400001249276, 1835796.248999999603257 ], [ 644228.013100001146086, 1835822.44370000064373 ], [ 644214.918700001318939, 1835840.929899999406189 ], [ 644201.816100001800805, 1835850.937899999320507 ], [ 644181.011800001608208, 1835867.884400001028553 ], [ 644168.676000001258217, 1835880.201899999286979 ], [ 644160.966200000606477, 1835900.997699999250472 ], [ 644158.649100001435727, 1835922.573300000280142 ], [ 644144.779600001056679, 1835934.12089999881573 ], [ 644105.488100001122802, 1835949.517799999797717 ], [ 644074.665200000628829, 1835959.525800000643358 ], [ 643999.924800001084805, 1835991.859200001228601 ], [ 643968.3350000011269, 1835999.54759999900125 ], [ 643942.913100000703707, 1836002.627 ], [ 643924.425900002242997, 1836002.617 ], [ 643896.686900000902824, 1836001.837200001114979 ], [ 643871.264900001464412, 1836001.837200000649318 ], [ 643848.151800001971424, 1836001.827199999243021 ], [ 643825.047000000951812, 1836001.817199999233708 ], [ 643798.849900000845082, 1836003.356899998849258 ], [ 643782.671600000932813, 1836002.576999999117106 ], [ 643755.707700002007186, 1836002.566999999573454 ], [ 643734.903400001348928, 1836002.557000000262633 ], [ 643707.172600001213141, 1836009.485599999781698 ], [ 643693.303100002114661, 1836017.184000000590459 ], [ 643677.891600000788458, 1836021.803099999204278 ], [ 643664.797200001776218, 1836022.57289999909699 ], [ 643650.16090000141412, 1836021.793099998962134 ], [ 643635.516200003330596, 1836022.562899999320507 ], [ 643630.12350000126753, 1836034.890399999683723 ], [ 643624.72240000218153, 1836059.535399999702349 ], [ 643619.321400000830181, 1836074.942299999063835 ], [ 643609.302700001513585, 1836088.809499999275431 ], [ 643599.284000001149252, 1836099.587300001177937 ], [ 643587.723299999954179, 1836119.613199999323115 ], [ 643579.24660000228323, 1836130.401000001467764 ], [ 643568.45280000125058, 1836148.8871999992989 ], [ 643566.910800000652671, 1836175.081900000805035 ], [ 643571.520200001890771, 1836195.877699998905882 ], [ 643579.221900001168251, 1836208.984999999171123 ], [ 643579.213600001647137, 1836236.719399999361485 ], [ 643579.205400001490489, 1836259.054800000973046 ], [ 643576.121400001458824, 1836282.939899999415502 ], [ 643576.880000001285225, 1836300.656300001079217 ], [ 643580.730900001479313, 1836319.922399999340996 ], [ 643576.09670000069309, 1836349.1964999998454 ], [ 643571.470800002338365, 1836366.14299999922514 ], [ 643562.218900001142174, 1836379.230300000403076 ], [ 643552.200200000777841, 1836404.655200000619516 ], [ 643546.799200002220459, 1836423.911299999803305 ], [ 643533.696600001305342, 1836445.476899999659508 ], [ 643522.911000001942739, 1836455.494799999287352 ], [ 643512.117200003238395, 1836464.732899999478832 ], [ 643500.56480000121519, 1836470.891699999570847 ], [ 643482.844400000525638, 1836475.510800000280142 ], [ 643462.807000001310371, 1836482.439300000201911 ], [ 643435.843100001220591, 1836497.066400000592694 ], [ 643421.198500000871718, 1836507.074300000444055 ], [ 643409.63780000153929, 1836516.312400000868365 ], [ 643396.543400001013651, 1836527.870100000873208 ], [ 643384.982800001045689, 1836544.816600000485778 ], [ 643368.021099999779835, 1836564.842599999392405 ], [ 643353.384700001683086, 1836580.239399999380112 ], [ 643340.28200000198558, 1836594.876499999081716 ], [ 643330.263300001621246, 1836603.344699998851866 ], [ 643321.786600001272745, 1836612.592800000915304 ], [ 643321.011500001652166, 1836624.1405 ], [ 643327.171100001782179, 1836631.848899999866262 ], [ 643344.116400001454167, 1836651.884899999480695 ], [ 643366.454300002194941, 1836668.071599999442697 ], [ 643381.849300001049414, 1836691.956700000911951 ], [ 643391.092900000629015, 1836705.053999999305233 ], [ 643400.328300001332536, 1836724.32010000012815 ], [ 643407.26300000178162, 1836729.71900000073947 ], [ 643415.739800000446849, 1836732.79839999973774 ], [ 643421.899400001391768, 1836740.50679999939166 ], [ 643428.059000002220273, 1836754.374 ], [ 643434.985600001877174, 1836768.241199999349192 ], [ 643450.38880000077188, 1836785.197699998971075 ], [ 643458.090400001034141, 1836795.215700000757352 ], [ 643461.166100001544692, 1836804.463799999793991 ], [ 643461.166100003290921, 1836816.02140000090003 ], [ 643458.849000002141111, 1836833.737800000468269 ], [ 643458.073900001239963, 1836851.454199999570847 ], [ 643461.916500002145767, 1836883.817600001115352 ], [ 643463.450200001243502, 1836905.383300001034513 ], [ 643461.900000002002344, 1836920.020300000207499 ], [ 643457.274100001901388, 1836937.736699999775738 ], [ 643453.415000000968575, 1836970.090099999681115 ], [ 643448.780900000594556, 1836994.7451000015717 ], [ 643444.921800000942312, 1837016.320699999108911 ], [ 643440.295900001190603, 1837039.42600000044331 ], [ 643435.670000000973232, 1837056.372500000521541 ], [ 643418.716500001261011, 1837067.9202 ], [ 643411.781800000928342, 1837074.858799999812618 ], [ 643403.305000001331791, 1837088.7159 ], [ 643383.97680000110995, 1837104.712699998868629 ], [ 643372.06150000100024, 1837107.7421 ], [ 643361.267700001248159, 1837114.670700000599027 ], [ 643355.874900001334026, 1837126.998099999269471 ], [ 643356.641800001030788, 1837149.333599999314174 ], [ 643361.251200001803227, 1837168.5997 ], [ 643365.868900001514703, 1837187.085899999598041 ], [ 643365.868900000816211, 1837205.572100000455976 ], [ 643362.776700001908466, 1837231.766799999168143 ], [ 643352.758000001311302, 1837247.173699998995289 ], [ 643342.731100001372397, 1837268.739299999317154 ], [ 643327.319600000861101, 1837293.394300000742078 ], [ 643313.441800001659431, 1837324.208000001031905 ], [ 643288.778500001411885, 1837359.6308 ], [ 643267.199100000201724, 1837384.27580000134185 ], [ 643256.405300000449643, 1837400.452500000596046 ], [ 643243.310900001553819, 1837410.460399999516085 ], [ 643227.899400002206676, 1837425.0975 ], [ 643217.105600002221763, 1837435.8753 ], [ 643208.628900000592694, 1837445.123400000855327 ], [ 643187.824600000865757, 1837462.839800000423566 ], [ 643176.263900000485592, 1837475.157299998681992 ], [ 643163.936400001053698, 1837488.25459999893792 ], [ 643154.684600000968203, 1837507.510700000450015 ], [ 643144.665900000371039, 1837523.687400000868365 ], [ 643140.040000001899898, 1837536.774700000882149 ], [ 643135.405800001346506, 1837552.951400000834838 ], [ 643128.471000001882203, 1837561.429700000444427 ], [ 643111.525800000992604, 1837565.278899999102578 ], [ 643094.572400000761263, 1837564.499099999433383 ], [ 643075.310100001050159, 1837570.657799999695271 ], [ 643071.459300002083182, 1837579.126099999761209 ], [ 643068.367100001312792, 1837602.241399999707937 ], [ 643077.610700000775978, 1837614.5689 ], [ 643078.377500002039596, 1837629.9757999998983 ], [ 643066.041700003086589, 1837657.710100000491366 ], [ 643059.107000002171844, 1837667.718100000172853 ], [ 643049.855200001271442, 1837683.894799999892712 ] ] } },
{ "type": "Feature", "properties": { "edge_id": 90, "u": 84, "v": 86, "length_m": 5039.1394339601748, "source": "mitrearth_supplement", "waterway_tag": "minor_stream", "name": "คลองคู" }, "geometry": { "type": "LineString", "coordinates": [ [ 650820.343000002671033, 1835674.573799999430776 ], [ 650841.765700002550147, 1835682.112199999857694 ], [ 650865.456000003498048, 1835684.301799999084324 ], [ 650889.863700001966208, 1835677.3232 ], [ 650909.678500002017245, 1835666.535399999469519 ], [ 650940.922000001533888, 1835651.128599998774007 ], [ 650959.928700001910329, 1835630.42280000098981 ], [ 650971.27500000060536, 1835604.398099999642 ], [ 650984.196200002683327, 1835590.590900000650436 ], [ 651003.244100001524203, 1835579.813100000377744 ], [ 651025.359400001703762, 1835572.074599999701604 ], [ 651037.612800001632422, 1835578.1334 ], [ 651036.136800002073869, 1835590.36089999973774 ], [ 651032.376700001419522, 1835604.888000000268221 ], [ 651033.992800002684817, 1835623.214199998881668 ], [ 651047.046000001486391, 1835639.200999998720363 ], [ 651063.892300002160482, 1835648.289100000634789 ], [ 651083.006100001744926, 1835653.5581 ], [ 651110.530800000880845, 1835658.777000000700355 ], [ 651138.055400002282113, 1835664.76579999900423 ], [ 651165.547000002698041, 1835663.885999999707565 ], [ 651191.496700001065619, 1835658.417099998798221 ], [ 651214.370700001483783, 1835650.678600000450388 ], [ 651225.848900001496077, 1835655.217700001318008 ], [ 651232.791900002164766, 1835670.464599999831989 ], [ 651237.434300001710653, 1835684.191800000611693 ], [ 651248.21160000259988, 1835703.237900000298396 ], [ 651262.782000001636334, 1835716.155300000449643 ], [ 651281.195000001695007, 1835733.641799998702481 ], [ 651296.532300001708791, 1835747.328999999677762 ], [ 651311.069700002204627, 1835754.137599998852238 ], [ 651324.856800003908575, 1835762.475900000426918 ], [ 651347.846200002124533, 1835779.942299999529496 ], [ 651366.25090000173077, 1835795.1392 ], [ 651381.571700003929436, 1835805.767100000986829 ], [ 651390.807000002590939, 1835821.004000000655651 ], [ 651400.075300002587028, 1835843.87929999968037 ], [ 651406.284500002046116, 1835866.764699999475852 ], [ 651413.252200001501478, 1835888.120300000533462 ], [ 651427.847400004044175, 1835906.38660000031814 ], [ 651456.130600001779385, 1835910.84569999948144 ], [ 651491.249600001610816, 1835906.866499999538064 ], [ 651513.398000000510365, 1835907.536399999866262 ], [ 651528.710500002955087, 1835915.874700000975281 ], [ 651541.013300001272, 1835934.150900001171976 ], [ 651548.005800004233606, 1835960.0857 ], [ 651548.888100002077408, 1835986.8202 ], [ 651548.995300001231954, 1836011.265199999790639 ], [ 651552.194700002321042, 1836044.8584 ], [ 651558.420300002675503, 1836070.033299999311566 ], [ 651566.946500001475215, 1836098.257500000996515 ], [ 651583.875200000125915, 1836126.4418 ], [ 651609.91560000134632, 1836142.368599999696016 ], [ 651628.287300002295524, 1836150.686899998690933 ], [ 651649.718300001346506, 1836162.054600000847131 ], [ 651679.535300001152791, 1836167.273499998962507 ], [ 651707.026900002500042, 1836165.623799999710172 ], [ 651735.219400003436022, 1836150.9868 ], [ 651764.211800001910888, 1836143.218399999430403 ], [ 651791.678700001561083, 1836135.46000000089407 ], [ 651808.450800001388416, 1836127.741499999072403 ], [ 651821.405000003986061, 1836122.342599999392405 ], [ 651837.410200002370402, 1836113.104499999200925 ], [ 651854.982100002001971, 1836113.794399999314919 ], [ 651868.777400001767091, 1836125.182099999859929 ], [ 651877.2541000014171, 1836142.718499999493361 ], [ 651882.655100001604296, 1836154.915999999269843 ], [ 651904.086100002285093, 1836164.754000000655651 ], [ 651916.298200001940131, 1836162.4045 ], [ 651940.714100002194755, 1836155.425899999216199 ], [ 651964.379700002260506, 1836153.786199999740347 ], [ 651999.55650000134483, 1836162.034600000595674 ], [ 652011.851000001654029, 1836178.791099998867139 ], [ 652025.695800002082251, 1836200.116800000891089 ], [ 652043.358400001889095, 1836221.422499999869615 ], [ 652064.080200001830235, 1836243.487999999662861 ], [ 652072.556900001596659, 1836261.014399999286979 ], [ 652077.323000001721084, 1836302.235999999335036 ], [ 652077.438500001328066, 1836328.970599999418482 ], [ 652076.778800002182834, 1836351.885899999877438 ], [ 652080.67080000275746, 1836369.442299999762326 ], [ 652091.406900001689792, 1836379.3203 ], [ 652105.161000002291985, 1836379.260299999266863 ], [ 652123.458500002278015, 1836371.541899999370798 ], [ 652144.823500001919456, 1836366.862899999599904 ], [ 652170.080500003532507, 1836378.980399999767542 ], [ 652183.925300002447329, 1836400.306099999230355 ], [ 652190.893000003532507, 1836421.661699999822304 ], [ 652207.788800002541393, 1836441.447699999436736 ], [ 652229.978300000773743, 1836450.515799999469891 ], [ 652256.670100002316758, 1836441.227700000628829 ], [ 652292.52310000162106, 1836431.139799998840317 ], [ 652307.068700000876561, 1836437.18860000022687 ], [ 652311.74410000233911, 1836459.313999999081716 ], [ 652308.792100002290681, 1836482.249399999389425 ], [ 652308.882800003397278, 1836503.634999999776483 ], [ 652323.428500001900829, 1836509.673800000688061 ], [ 652342.534100002376363, 1836512.653199999593198 ], [ 652362.414900001836941, 1836517.912099999608472 ], [ 652376.935800002655014, 1836518.611999999731779 ], [ 652393.765600001206622, 1836524.640799999237061 ], [ 652413.720500000286847, 1836546.7063 ], [ 652426.748900000471622, 1836557.344100000802428 ], [ 652437.518000002251938, 1836573.34080000128597 ], [ 652444.510500001488253, 1836600.805199999827892 ], [ 652447.701600001659244, 1836630.579199999105185 ], [ 652451.643100002082065, 1836658.823400000110269 ], [ 652460.17760000214912, 1836688.577400000533089 ], [ 652467.912200001766905, 1836711.4527 ], [ 652481.006600002176128, 1836735.077900000149384 ], [ 652494.826600002124906, 1836751.814499999629334 ], [ 652513.214900001883507, 1836764.721899999538437 ], [ 652548.45760000217706, 1836789.006899998523295 ], [ 652572.19740000134334, 1836802.654200000222772 ], [ 652594.403400001931004, 1836814.011800000444055 ], [ 652610.466300002299249, 1836819.29079999984242 ], [ 652634.14840000285767, 1836819.9506 ], [ 652671.526800002437085, 1836809.092900000745431 ], [ 652692.116700001992285, 1836801.364399999380112 ], [ 652714.314500000677072, 1836811.952299998840317 ], [ 652734.22000000171829, 1836822.560099999886006 ], [ 652751.800099999643862, 1836824.7797 ], [ 652773.940200002514757, 1836823.919799999799579 ], [ 652805.282700001611374, 1836828.358899999642745 ], [ 652822.137200002442114, 1836840.50650000013411 ], [ 652837.482700001914054, 1836856.483200000133365 ], [ 652849.810200001229532, 1836880.1084 ], [ 652855.236000002245419, 1836898.41469999961555 ], [ 652840.096600001561455, 1836928.268599999835715 ], [ 652820.265400001779199, 1836935.99699999880977 ], [ 652805.010500001255423, 1836940.646099999547005 ], [ 652791.281200002296828, 1836945.2851 ], [ 652771.46650000277441, 1836955.303099999204278 ], [ 652764.630600001197308, 1836962.971499999286607 ], [ 652763.938000001711771, 1836979.018300000578165 ], [ 652775.449200002243742, 1836991.185799999628216 ], [ 652790.770000001648441, 1837001.053800000343472 ], [ 652829.814000002341345, 1837022.259500000160187 ], [ 652856.571800001896918, 1837028.25819999887608 ], [ 652879.536500002141111, 1837039.615900000324473 ], [ 652908.611300002550706, 1837049.41389999887906 ], [ 652930.776200002874248, 1837052.373299999395385 ], [ 652967.486700002686121, 1837063.670999999856576 ], [ 653012.566700002644211, 1837067.290300000458956 ], [ 653040.06660000118427, 1837067.160299999872223 ], [ 653066.799600001773797, 1837066.280500000342727 ], [ 653094.307700001634657, 1837069.979699998628348 ], [ 653127.150900001521222, 1837069.839800000423566 ], [ 653179.0420000028098, 1837057.382300000404939 ], [ 653214.91150000190828, 1837050.353700001025572 ], [ 653244.695500003173947, 1837049.453899999381974 ], [ 653265.318300002021715, 1837050.1338 ], [ 653289.00040000223089, 1837050.793700000736862 ], [ 653307.330900002387352, 1837050.713700000196695 ], [ 653327.178600002545863, 1837047.564300000667572 ], [ 653325.578900002059527, 1837031.537599999457598 ], [ 653346.177100001368672, 1837026.0987 ], [ 653375.952800001832657, 1837022.14949999935925 ], [ 653397.334300002781674, 1837022.0495 ], [ 653408.796000001719221, 1837021.239700000500306 ], [ 653435.446600001305342, 1837003.553300000727177 ], [ 653454.511000002035871, 1836996.594699999084696 ], [ 653473.600100002833642, 1836994.215200000209734 ], [ 653496.531800003838725, 1836997.934399999445304 ], [ 653530.323300002724864, 1837040.555700000375509 ], [ 653554.879400001838803, 1837064.890799999469891 ], [ 653573.259400002192706, 1837077.038300000363961 ], [ 653596.949700001277961, 1837078.458000000799075 ], [ 653629.017800002009608, 1837076.7884 ], [ 653652.691600001533516, 1837075.918500001076609 ], [ 653682.475600001402199, 1837074.258899999782443 ], [ 653684.718400003039278, 1837062.031400000676513 ], [ 653677.775400001672097, 1837047.544299999484792 ], [ 653672.316700002993457, 1837022.369400000665337 ], [ 653673.743200003053062, 1836998.6843 ], [ 653680.521300002699718, 1836976.4988 ], [ 653689.558800000580959, 1836948.194499999284744 ], [ 653700.913300001760945, 1836924.469399999128655 ], [ 653726.797000002115965, 1836905.253300000214949 ], [ 653745.028500002226792, 1836883.027799999341369 ], [ 653746.455100001767278, 1836858.582800000207499 ], [ 653746.356100001605228, 1836837.957000000169501 ], [ 653743.940100004314445, 1836809.702699999790639 ], [ 653746.117000001482666, 1836783.72800000035204 ], [ 653748.26920000242535, 1836750.87470000074245 ], [ 653751.988000002107583, 1836728.699200000381097 ], [ 653760.291600002907217, 1836705.753900000592694 ], [ 653769.36200000171084, 1836685.088099999818951 ], [ 653776.123600001912564, 1836659.083400000119582 ], [ 653783.709800002747215, 1836646.835899999830872 ], [ 653793.613100002519786, 1836641.447000000625849 ], [ 653803.565800002659671, 1836646.745899999514222 ], [ 653818.886600003461353, 1836657.373700000345707 ], [ 653847.961400002939627, 1836667.941600000718608 ], [ 653871.684700001846068, 1836676.999700000276789 ], [ 653890.839800002984703, 1836691.426799999317154 ], [ 653908.469400002504699, 1836705.8639 ], [ 653923.814900000346825, 1836721.070800001267344 ], [ 653936.868100002175197, 1836736.287699999753386 ], [ 653959.107200002297759, 1836755.283800000324845 ], [ 653978.245800001895986, 1836765.891599999507889 ], [ 654001.936100001214072, 1836768.850999999558553 ], [ 654034.795800002291799, 1836772.52030000067316 ], [ 654069.914800002938136, 1836768.551100000506267 ], [ 654088.220600002910942, 1836762.352399999042973 ], [ 654110.278200001106597, 1836740.866699998965487 ], [ 654117.88090000289958, 1836733.1983 ], [ 654127.734700002707541, 1836716.351700000697747 ], [ 654136.09600000269711, 1836705.623900000238791 ], [ 654142.18140000232961, 1836700.244999998714775 ], [ 654160.445900002378039, 1836685.658 ] ] } },
{ "type": "Feature", "properties": { "edge_id": 91, "u": 86, "v": 87, "length_m": 4738.6095052732435, "source": "mitrearth_supplement", "waterway_tag": "minor_stream", "name": "คลองแหลมคก" }, "geometry": { "type": "LineString", "coordinates": [ [ 650820.343000002671033, 1835674.573799999430776 ], [ 650801.212700002244674, 1835667.015300000319257 ], [ 650780.565100001753308, 1835661.7664 ], [ 650748.505200002575293, 1835665.725600000238046 ], [ 650732.508300001267344, 1835676.483399999793619 ], [ 650711.934900002554059, 1835686.511299999430776 ], [ 650688.26110000256449, 1835688.9009 ], [ 650664.579000002238899, 1835687.481200000504032 ], [ 650640.888700002455153, 1835684.531799999764189 ], [ 650624.083700001705438, 1835685.371600000653416 ], [ 650600.442800001823343, 1835692.350199999520555 ], [ 650589.789200002327561, 1835703.087999999523163 ], [ 650578.418200001469813, 1835722.234099998837337 ], [ 650570.08990000130143, 1835738.310799999162555 ], [ 650565.587700001662597, 1835757.426899999612942 ], [ 650561.176100001204759, 1835794.8693 ], [ 650558.191100002732128, 1835811.695900000398979 ], [ 650553.664200002327561, 1835823.933399999281392 ], [ 650540.734700003638864, 1835836.210899999365211 ], [ 650522.428900001686998, 1835842.399599999189377 ], [ 650499.530200001550838, 1835846.318800000473857 ], [ 650490.393800002057105, 1835853.237400001147762 ], [ 650476.689200002350844, 1835862.465500000631437 ], [ 650459.208000001264736, 1835883.161299999570474 ], [ 650444.010900002671406, 1835900.037900000577793 ], [ 650424.963000002433546, 1835910.815700000617653 ], [ 650408.149800001177937, 1835909.356000000843778 ], [ 650392.820700002484955, 1835897.208499999251217 ], [ 650375.199400002718903, 1835885.060900001320988 ], [ 650359.120000001275912, 1835875.9628 ], [ 650346.124500001315027, 1835873.733200000831857 ], [ 650327.802200001198798, 1835876.872600000118837 ], [ 650310.271600001724437, 1835886.1107 ], [ 650298.117200002307072, 1835900.6778 ], [ 650295.132200002204627, 1835915.964600000530481 ], [ 650303.674900001497008, 1835948.778000000165775 ], [ 650306.066200001398101, 1835971.683299999684095 ], [ 650293.928300001192838, 1835990.069599999114871 ], [ 650279.473400002694689, 1836003.116900000721216 ], [ 650261.975700002512895, 1836019.233599999686703 ], [ 650236.133200000505894, 1836048.367699998430908 ], [ 650218.676700001233257, 1836072.122899999609217 ], [ 650207.322200002148747, 1836096.61790000135079 ], [ 650203.611600001575425, 1836121.082900000503287 ], [ 650209.111600003554486, 1836156.185699999332428 ], [ 650215.394899999722838, 1836194.357999999308959 ], [ 650216.986300001619384, 1836209.624900000635535 ], [ 650214.834200002020225, 1836240.948499999707565 ], [ 650223.393400002154522, 1836276.051400000229478 ], [ 650229.833399999886751, 1836350.116300000110641 ], [ 650226.930800002533942, 1836385.259099999675527 ], [ 650227.87910000118427, 1836427.27060000016354 ], [ 650231.111500001861714, 1836467.732299999799579 ], [ 650235.127200003014877, 1836511.253500000108033 ], [ 650239.918000001576729, 1836558.593800001079217 ], [ 650236.339300002669916, 1836613.602600000798702 ], [ 650237.279400002560578, 1836654.084400000283495 ], [ 650234.36860000086017, 1836686.177899999776855 ], [ 650224.580800001043826, 1836719.061200000345707 ], [ 650226.238200001767837, 1836748.085300000151619 ], [ 650229.396300002466887, 1836770.980599998962134 ], [ 650228.736700001638383, 1836794.6658 ], [ 650221.150500002782792, 1836806.923299999674782 ], [ 650208.96310000133235, 1836813.851899999892339 ], [ 650190.640900001861155, 1836816.221400000853464 ], [ 650173.811100000981241, 1836810.182600001106039 ], [ 650163.800700000836514, 1836792.656199998920783 ], [ 650154.565300001297146, 1836776.659499999135733 ], [ 650130.058700001332909, 1836762.252400000113994 ], [ 650110.953000000794418, 1836759.282999999821186 ], [ 650078.093300001113676, 1836755.613700001034886 ], [ 650038.364900001673959, 1836754.254000000655651 ], [ 649995.544200001517311, 1836744.516000000759959 ], [ 649958.891400002175942, 1836746.965500001097098 ], [ 649922.939500001724809, 1836734.14809999987483 ], [ 649883.178100001066923, 1836724.390100000891834 ], [ 649812.148400002508424, 1836726.229699998861179 ], [ 649770.548100003274158, 1836726.489700000733137 ], [ 649726.639000002644025, 1836714.92200000025332 ], [ 649675.803300001076423, 1836687.167699999874458 ], [ 649627.276500001433305, 1836667.89159999974072 ], [ 649598.770700002554804, 1836651.704899999778718 ], [ 649575.665800001472235, 1836641.686899999156594 ], [ 649515.570100001408719, 1836641.666899999603629 ], [ 649470.119000001926906, 1836643.966499998932704 ], [ 649437.762300001457334, 1836643.186599999899045 ], [ 649416.182900002342649, 1836662.442700000479817 ], [ 649398.462600001948886, 1836687.8575 ], [ 649388.443900001700968, 1836700.175000000279397 ], [ 649381.500900000333786, 1836709.423100000247359 ], [ 649369.940200002165511, 1836718.6613 ], [ 649352.228200001176447, 1836719.431099999696016 ], [ 649326.03110000200104, 1836709.403100000927225 ], [ 649304.4682, 1836700.924900000682101 ], [ 649282.130199999548495, 1836691.676799999317154 ], [ 649243.613900001859292, 1836675.480000000214204 ], [ 649222.817900002468377, 1836660.06319999974221 ], [ 649208.956600002362393, 1836642.346799999242648 ], [ 649189.702600002405234, 1836627.699799999594688 ], [ 649168.906600001966581, 1836613.822600000305101 ], [ 649151.186200002441183, 1836607.653899999335408 ], [ 649121.138400001567788, 1836602.255000000819564 ], [ 649088.014800001168624, 1836603.014799999538809 ], [ 649047.956500002299435, 1836592.216999999713153 ], [ 649034.862100001890212, 1836582.198999998625368 ], [ 649012.524100001901388, 1836569.091700000921264 ], [ 648990.186100001097657, 1836573.7108 ], [ 648962.44710000208579, 1836574.470599999651313 ], [ 648950.127800001064315, 1836565.222500000149012 ], [ 648943.968200001632795, 1836552.125199999194592 ], [ 648934.724600001471117, 1836535.948400000343099 ], [ 648922.405300000915304, 1836525.920499998843297 ], [ 648903.143000001087785, 1836536.7083 ], [ 648889.265200001653284, 1836544.406699999701232 ], [ 648877.712800001609139, 1836547.486099998932332 ], [ 648864.618400001199916, 1836545.936400000238791 ], [ 648854.608000001870096, 1836535.148600000189617 ], [ 648843.055500001064502, 1836521.281400000210851 ], [ 648826.877200003014877, 1836513.573000000556931 ], [ 648799.913300001760945, 1836513.562999999150634 ], [ 648774.491300002438948, 1836512.783199999015778 ], [ 648751.378200001898222, 1836514.312899999786168 ], [ 648735.199900001636706, 1836515.852499999804422 ], [ 648722.872300000395626, 1836515.082699998747557 ], [ 648709.777899999986403, 1836511.993299999739975 ], [ 648687.431700001121499, 1836509.673800000688061 ], [ 648660.467800001380965, 1836508.893999999156222 ], [ 648639.671800001524389, 1836512.743200000841171 ], [ 648628.111100001493469, 1836520.441600000951439 ], [ 648617.325500001432374, 1836526.600400001741946 ], [ 648602.680900002014823, 1836530.4496 ], [ 648575.717000003671274, 1836530.439600000157952 ], [ 648551.070200001355261, 1836531.1994 ], [ 648526.415100001380779, 1836539.667699999641627 ], [ 648503.302000002120622, 1836543.516899998765439 ], [ 648484.039700000779703, 1836541.197399999480695 ], [ 648460.9266000011703, 1836548.125999999465421 ], [ 648443.198000001721084, 1836561.213300000177696 ], [ 648406.990500002517365, 1836576.610200001625344 ], [ 648376.167600001441315, 1836588.1578 ], [ 648353.054500001482666, 1836596.626099999761209 ], [ 648335.334200002485886, 1836596.6161 ], [ 648314.538100000703707, 1836594.306600000709295 ], [ 648294.509000001475215, 1836593.526699999347329 ], [ 648272.162700001616031, 1836592.7469 ], [ 648253.675600001122802, 1836600.4453 ], [ 648225.161400001728907, 1836618.931600000709295 ], [ 648210.516800002311356, 1836632.018900000490248 ], [ 648195.105300001683645, 1836641.256999999284744 ], [ 648169.683400001726113, 1836652.03480000118725 ], [ 648157.355800000717863, 1836652.804699999745935 ], [ 648143.486300001386553, 1836653.574499999871477 ], [ 648131.158800002536736, 1836653.5645 ], [ 648127.308000002522022, 1836648.9453999993857 ], [ 648125.774300002027303, 1836642.776699998881668 ], [ 648125.77430000086315, 1836630.449200000613928 ], [ 648131.175300001050346, 1836621.211100000888109 ], [ 648132.717300003278069, 1836609.653400000417605 ], [ 648130.408400001120754, 1836601.954999999608845 ], [ 648125.015600001090206, 1836597.325999999884516 ], [ 648112.688100002007559, 1836589.6175 ], [ 648093.434100001701154, 1836587.298000001115724 ], [ 648076.480600001756102, 1836588.0678 ], [ 648061.077400001930073, 1836588.067799999378622 ], [ 648044.123900001402944, 1836588.8277000002563 ], [ 648030.254400002653711, 1836593.446699999738485 ], [ 648014.851200001197867, 1836599.605500000296161 ], [ 647994.82200000109151, 1836599.595499999122694 ], [ 647979.410500001395121, 1836599.595499999821186 ], [ 647966.316100002848543, 1836597.276000000536442 ], [ 647955.530600001802668, 1836592.656899999128655 ], [ 647941.66110000142362, 1836591.107200000667945 ], [ 647913.930300001171418, 1836589.557499999180436 ], [ 647908.537500002188608, 1836585.708299999590963 ], [ 647880.806700000655837, 1836576.450200001010671 ], [ 647860.777600001427345, 1836561.033299999078736 ], [ 647855.393000002368353, 1836557.1841 ], [ 647843.832400001352653, 1836554.094799998914823 ], [ 647830.738000002223998, 1836552.555099999764934 ], [ 647814.559600001317449, 1836548.6959 ], [ 647803.007200001040474, 1836542.527100001228973 ], [ 647790.679600002011284, 1836534.818700000876561 ], [ 647783.753100001718849, 1836524.800699999788776 ], [ 647779.135500001953915, 1836500.915599999716505 ], [ 647773.750900001497939, 1836490.137800000142306 ], [ 647761.423400001018308, 1836482.429300000891089 ], [ 647742.93620000150986, 1836473.171200000215322 ], [ 647734.459499999764375, 1836469.322000000625849 ], [ 647728.299800001550466, 1836460.843699999153614 ], [ 647718.289400001987815, 1836439.268100000917912 ], [ 647705.203200001851656, 1836429.250199998961762 ], [ 647687.482900001457892, 1836420.002000001026317 ], [ 647667.453700002399273, 1836409.974099999293685 ], [ 647645.115800002822652, 1836397.646600000793114 ], [ 647628.178800000343472, 1836381.459899999201298 ], [ 647616.626400001347065, 1836366.052999999606982 ], [ 647608.149600001517683, 1836352.185900001088157 ], [ 647599.68120000208728, 1836332.14989999984391 ], [ 647596.613700001267716, 1836308.264799999073148 ], [ 647588.912100001354702, 1836278.990800000494346 ], [ 647593.546200001612306, 1836245.087699999567121 ], [ 647594.321400000946596, 1836228.910900000482798 ] ] } },
{ "type": "Feature", "properties": { "edge_id": 92, "u": 86, "v": 104, "length_m": 3059.8726032384029, "source": "mitrearth_supplement", "waterway_tag": "minor_stream", "name": "คลองละคร" }, "geometry": { "type": "LineString", "coordinates": [ [ 650688.665100001497194, 1833618.622300000628456 ], [ 650677.599200002499856, 1833638.578199999406934 ], [ 650672.57750000199303, 1833656.1446 ], [ 650663.012300003203563, 1833674.550899998983368 ], [ 650652.276200001710095, 1833713.502900000661612 ], [ 650640.47640000237152, 1833734.988600000273436 ], [ 650617.981800002744421, 1833752.854900000616908 ], [ 650602.694000000599772, 1833747.795999999390915 ], [ 650594.283200001926161, 1833744.896600000560284 ], [ 650585.92190000298433, 1833745.046499999240041 ], [ 650578.377000002888963, 1833748.215900000184774 ], [ 650570.881500001298264, 1833754.424599999561906 ], [ 650565.686600000946783, 1833762.113099999725819 ], [ 650565.191900001722388, 1833777.32 ], [ 650566.131900002481416, 1833787.947799998568371 ], [ 650568.646900002262555, 1833801.585000000428408 ], [ 650575.763000001898035, 1833818.1916000014171 ], [ 650582.895700003020465, 1833834.788300000363961 ], [ 650596.897100001107901, 1833853.554400000721216 ], [ 650612.25910000235308, 1833863.172499998938292 ], [ 650626.986200002022088, 1833879.649099999805912 ], [ 650636.361700001638383, 1833894.68610000028275 ], [ 650638.1841000020504, 1833912.1425 ], [ 650634.605400001630187, 1833925.129899999359623 ], [ 650624.182600001455285, 1833938.22719999961555 ], [ 650610.700700001558289, 1833949.854800001019612 ], [ 650591.83420000190381, 1833957.783199999248609 ], [ 650575.177600000053644, 1833961.872400000225753 ], [ 650565.381500002229586, 1833966.591399999568239 ], [ 650558.644700002623722, 1833972.790200000628829 ], [ 650553.51570000173524, 1833984.277799998642877 ], [ 650554.513500002445653, 1833997.945100000360981 ], [ 650560.747300002258271, 1834006.963199999649078 ], [ 650571.557700001052581, 1834016.661199999507517 ], [ 650589.87990000215359, 1834021.670199998887256 ], [ 650602.908400001935661, 1834027.528999999631196 ], [ 650615.268900001305155, 1834039.476600000169128 ], [ 650615.483300002990291, 1834051.634099999675527 ], [ 650617.618900001863949, 1834088.0867000001017 ], [ 650617.932300002197735, 1834106.3230000003241 ], [ 650619.779300001217052, 1834125.299100000876933 ], [ 650630.622600002447143, 1834137.27669999958016 ], [ 650654.354200003203005, 1834146.754799999296665 ], [ 650674.136000002268702, 1834147.934499999508262 ], [ 650693.909500002162531, 1834148.354399999603629 ], [ 650705.527900001732633, 1834161.081800000974908 ], [ 650711.87720000196714, 1834176.93860000022687 ], [ 650715.258000002475455, 1834196.6446 ], [ 650715.439400001778267, 1834207.282400000607595 ], [ 650708.842700001783669, 1834221.839500000933185 ], [ 650704.48070000205189, 1834233.317100000102073 ], [ 650701.817300002556294, 1834255.402599999681115 ], [ 650699.821800002129748, 1834272.159199999179691 ], [ 650701.545100001152605, 1834284.296800001058728 ], [ 650716.255700001493096, 1834300.003599999472499 ], [ 650724.130500001367182, 1834315.840299999108538 ], [ 650732.77220000163652, 1834332.416999998968095 ], [ 650744.357600001152605, 1834342.85480000032112 ], [ 650762.712800001958385, 1834349.383500000461936 ], [ 650773.457100001513027, 1834355.282299998914823 ], [ 650784.234500002115965, 1834363.4607 ], [ 650797.3866000022972, 1834376.917899999301881 ], [ 650809.780100001371466, 1834390.385199999203905 ], [ 650819.930700002005324, 1834406.182 ], [ 650817.217800001031719, 1834425.228099999483675 ], [ 650809.887300001108088, 1834441.314799999585375 ], [ 650801.748600000864826, 1834454.38209999888204 ], [ 650785.158000001683831, 1834462.260500000556931 ], [ 650775.460900001577102, 1834473.068299998762086 ], [ 650765.821500001824461, 1834486.915499999886379 ], [ 650756.132600001408719, 1834498.483200000599027 ], [ 650737.422799999709241, 1834515.529699999839067 ], [ 650718.605800002231263, 1834526.487500000977889 ], [ 650703.722000002046116, 1834544.993699999293312 ], [ 650695.616400001686998, 1834560.330600000685081 ], [ 650691.213100002380088, 1834569.5287 ], [ 650682.98370000126306, 1834577.267100000521168 ], [ 650680.848100002156571, 1834585.665400000521913 ], [ 650686.364500002237037, 1834596.973099998896942 ], [ 650700.225800001644529, 1834607.380999999120831 ], [ 650710.928900002269074, 1834611.0003 ], [ 650726.200200001941994, 1834615.29939999920316 ], [ 650735.402600001776591, 1834619.708499999484047 ], [ 650742.419800002826378, 1834630.226399999111891 ], [ 650746.33660000259988, 1834637.005000000586733 ], [ 650757.155100002186373, 1834647.462799999862909 ], [ 650771.865700002294034, 1834663.169600000372157 ], [ 650778.891200002050027, 1834673.687499999767169 ], [ 650780.672300001140684, 1834688.864399999147281 ], [ 650781.867900002049282, 1834714.689200000837445 ], [ 650790.476600001798943, 1834728.986300001153722 ], [ 650806.770400002133101, 1834748.472300000721589 ], [ 650818.430000001564622, 1834763.469200000166893 ], [ 650831.672800001688302, 1834782.255400000372902 ], [ 650846.375100001576357, 1834797.20240000076592 ], [ 650861.687700000824407, 1834803.780999999726191 ], [ 650880.05120000091847, 1834811.069499999284744 ], [ 650892.44470000162255, 1834824.546800000360236 ], [ 650900.319500001613051, 1834840.3736 ], [ 650908.202500001061708, 1834856.960200001019984 ], [ 650927.910100002074614, 1834898.431800000136718 ], [ 650927.687400002032518, 1834930.505200000479817 ], [ 650901.976900001754984, 1834989.44319999916479 ], [ 650889.105100001790561, 1835015.477900000754744 ], [ 650872.374300002353266, 1835033.124299999326468 ], [ 650850.283700001891702, 1835046.971500000217929 ], [ 650823.550700001069345, 1835047.851299998583272 ], [ 650810.555200002621859, 1835045.621799999848008 ], [ 650787.598800002015196, 1835038.083300000755116 ], [ 650762.341800001333468, 1835027.495499999728054 ], [ 650734.792400001664646, 1835016.917600000742823 ], [ 650711.077300001634285, 1835008.619300000136718 ], [ 650688.145600002724677, 1835006.429800000274554 ], [ 650672.866100002313033, 1835006.499800000106916 ], [ 650661.445600001956336, 1835014.958000000333413 ], [ 650654.63450000109151, 1835028.735200000926852 ], [ 650650.132300001219846, 1835047.851299998583272 ], [ 650648.697500003501773, 1835069.2469999990426 ], [ 650660.241700001759455, 1835088.303099998738617 ], [ 650679.405000002356246, 1835102.73020000057295 ], [ 650703.12830000242684, 1835112.5582 ], [ 650725.359100002096966, 1835130.024599998956546 ], [ 650752.158100000931881, 1835143.661800000816584 ], [ 650769.820700001670048, 1835163.447799998568371 ], [ 650779.089100001845509, 1835186.323200000450015 ], [ 650778.421100001898594, 1835209.248500000219792 ], [ 650772.393400002154522, 1835226.844900000840425 ], [ 650759.488700001034886, 1835246.001 ], [ 650741.966300001717173, 1835258.298499999800697 ], [ 650722.910100001841784, 1835267.546599998837337 ], [ 650703.05410000262782, 1835267.63660000031814 ], [ 650677.063200001139194, 1835264.697200000518933 ], [ 650657.965900001348928, 1835264.777200000127777 ], [ 650642.711000001523644, 1835270.955900000641122 ], [ 650638.967400002409704, 1835287.022700001718476 ], [ 650648.97790000133682, 1835306.07880000025034 ], [ 650671.175700001418591, 1835315.146899999352172 ], [ 650704.027100001112558, 1835314.9969999990426 ], [ 650736.969300001859665, 1835336.242599999532104 ], [ 650756.116100002545863, 1835347.620300000533462 ], [ 650776.054600002709776, 1835365.096799999242648 ], [ 650802.160900001530536, 1835395.540600000182167 ], [ 650821.448000001488253, 1835437.471999998902902 ], [ 650824.622600001632236, 1835463.436799999326468 ], [ 650833.882700001937337, 1835484.7824 ], [ 650846.977100001065992, 1835509.937300000339746 ], [ 650852.427600001683459, 1835532.832599999150261 ], [ 650852.551300002029166, 1835560.336999998427927 ], [ 650852.650200001546182, 1835582.4925 ], [ 650840.561800003051758, 1835613.0963 ], [ 650833.792000002693385, 1835638.341200000140816 ], [ 650828.539400002569892, 1835659.75679999939166 ], [ 650820.343000002671033, 1835674.573799999430776 ] ] } },
{ "type": "Feature", "properties": { "edge_id": 93, "u": 87, "v": 90, "length_m": 801.70971275648981, "source": "mitrearth_supplement", "waterway_tag": "minor_stream", "name": null }, "geometry": { "type": "LineString", "coordinates": [ [ 647594.321400000946596, 1836228.910900000482798 ], [ 647606.310800001607276, 1836213.924000000581145 ], [ 647617.096400000038557, 1836190.8187000004109 ], [ 647614.804000000469387, 1836146.137800000375137 ], [ 647624.831000001751818, 1836109.935200000414625 ], [ 647627.923200001125224, 1836081.431 ], [ 647657.971000001532957, 1836073.7325 ], [ 647684.159800001070835, 1836071.433000000193715 ], [ 647689.560900001553819, 1836052.166899999603629 ], [ 647712.674000001046807, 1836036.000199999660254 ], [ 647730.402500001830049, 1836024.4526 ], [ 647738.104100001393817, 1836012.8949 ], [ 647744.272000000928529, 1835997.488099999725819 ], [ 647746.597400002297945, 1835975.1526 ], [ 647742.746600001584738, 1835952.0373 ], [ 647734.286300001549534, 1835922.75330000044778 ], [ 647724.275899999774992, 1835897.328400000464171 ], [ 647716.582500001066364, 1835868.824200000613928 ], [ 647706.572000000742264, 1835851.097799999639392 ], [ 647695.786500002024695, 1835841.07990000071004 ], [ 647685.009200002066791, 1835825.673000000184402 ], [ 647674.998700002208352, 1835808.716499998932704 ], [ 647662.671200000913814, 1835801.007999998982996 ], [ 647645.725900002289563, 1835801.777899998705834 ], [ 647625.696800001547672, 1835801.767899999395013 ], [ 647610.285300001036376, 1835800.997999999206513 ], [ 647596.424000001046807, 1835791.749900001101196 ], [ 647588.722400001133792, 1835780.962099998956546 ], [ 647575.628000001655892, 1835771.713999999221414 ], [ 647560.224800001829863, 1835767.85480000032112 ], [ 647547.897300001583062, 1835767.854800000786781 ], [ 647540.203900001826696, 1835737.80089999944903 ], [ 647539.437000002129935, 1835718.544800000265241 ], [ 647530.19340000313241, 1835701.58830000134185 ], [ 647521.724900000030175, 1835688.4909 ], [ 647516.340400001266971, 1835676.163499998860061 ], [ 647520.191200001398101, 1835663.06609999970533 ], [ 647543.312599999713711, 1835646.12959999893792 ] ] } },
{ "type": "Feature", "properties": { "edge_id": 94, "u": 87, "v": 94, "length_m": 2185.6494419130959, "source": "mitrearth_supplement", "waterway_tag": "minor_stream", "name": "คลองแหลมคก" }, "geometry": { "type": "LineString", "coordinates": [ [ 647594.321400000946596, 1836228.910900000482798 ], [ 647585.852900002268143, 1836218.123099999269471 ], [ 647569.674500002060086, 1836215.803599999751896 ], [ 647557.3470000019297, 1836215.033800000324845 ], [ 647542.71890000149142, 1836201.936400000471622 ], [ 647528.849400000530295, 1836188.82909999974072 ], [ 647519.61400000192225, 1836178.8111 ], [ 647518.847100001294166, 1836159.555099999532104 ], [ 647521.164200002793223, 1836139.519099998986349 ], [ 647521.172500001965091, 1836118.723400000482798 ], [ 647516.554800001904368, 1836099.45729999919422 ], [ 647506.544299999950454, 1836093.298499999102205 ], [ 647493.449900002335198, 1836085.590099999681115 ], [ 647478.805300001404248, 1836084.81029999977909 ], [ 647465.710900002159178, 1836093.278599999845028 ], [ 647461.851900001754984, 1836104.836200001183897 ], [ 647461.076800001785159, 1836120.243100000778213 ], [ 647461.843600001302548, 1836135.649900000775233 ], [ 647458.759700002497993, 1836142.588500000536442 ], [ 647450.28290000197012, 1836146.437699999427423 ], [ 647437.963700001360849, 1836141.038799998816103 ], [ 647427.17810000188183, 1836131.020899999653921 ], [ 647414.850600001169369, 1836127.161699999356642 ], [ 647404.065000002388842, 1836127.931500001111999 ], [ 647394.046300001442432, 1836132.550599999725819 ], [ 647387.111500001745299, 1836138.709300000453368 ], [ 647384.802700001862831, 1836151.036800000583753 ], [ 647384.794500001240522, 1836163.3643 ], [ 647378.626600001589395, 1836171.832599999150261 ], [ 647367.841000001411885, 1836175.6818 ], [ 647360.139400000683963, 1836174.14210000121966 ], [ 647350.895800001570024, 1836168.7432 ], [ 647350.128900001058355, 1836151.026799999177456 ], [ 647350.904000002308749, 1836138.699300000211224 ], [ 647339.351600001333281, 1836126.371799999615178 ], [ 647332.425100003019907, 1836116.353900000685826 ], [ 647311.620800001895986, 1836110.955 ], [ 647290.82480000180658, 1836106.325899999588728 ], [ 647283.123200000496581, 1836088.599500000942498 ], [ 647262.335400001844391, 1836067.02390000061132 ], [ 647241.539400001522154, 1836050.837200000416487 ], [ 647227.669900003122166, 1836037.739900000393391 ], [ 647189.936900001717731, 1836009.225700000301003 ], [ 647179.926400002092123, 1835990.729399999370798 ], [ 647186.094300002092496, 1835963.764899999834597 ], [ 647186.094300002092496, 1835953.756999999517575 ], [ 647172.233100001001731, 1835942.189300000667572 ], [ 647145.277400001417845, 1835924.462899999693036 ], [ 647134.491800002171658, 1835908.286200000206009 ], [ 647124.481400001677684, 1835892.869300000602379 ], [ 647110.620100001804531, 1835890.559800000628456 ], [ 647090.591000001877546, 1835881.301699999719858 ], [ 647083.656200001831166, 1835872.83339999942109 ], [ 647081.347400001250207, 1835865.124999999767169 ], [ 647079.038500002003275, 1835853.567299999296665 ], [ 647079.046800001524389, 1835837.3906 ], [ 647070.578300002263859, 1835825.063100001541898 ], [ 647059.792700001504272, 1835820.434100000420585 ], [ 647045.156400001025759, 1835818.114600000204518 ], [ 647028.978000001981854, 1835814.265300000319257 ], [ 647015.883600002387539, 1835803.47749999910593 ], [ 646970.449000001652166, 1835753.38770000054501 ], [ 646885.723000002210028, 1835700.198599999770522 ], [ 646848.748599999817088, 1835683.242 ], [ 646832.570300002582371, 1835667.825200000777841 ], [ 646832.578500001458451, 1835653.958000000566244 ], [ 646817.175300003145821, 1835623.904100000625476 ], [ 646774.816400001756847, 1835590.001 ], [ 646730.140400002012029, 1835563.016500000376254 ], [ 646697.025100002414547, 1835536.041999998968095 ], [ 646677.771000001579523, 1835513.696499999379739 ], [ 646647.723200001288205, 1835510.6072 ], [ 646614.599600002053194, 1835506.747899999842048 ], [ 646590.719600001815706, 1835500.579199999803677 ], [ 646552.970200001611374, 1835490.551200000569224 ], [ 646525.239400002290495, 1835479.753399999812245 ], [ 646518.312900001183152, 1835459.717499999329448 ], [ 646512.920100000919774, 1835447.390000000130385 ], [ 646479.796500001219101, 1835441.221300000790507 ], [ 646456.68340000230819, 1835441.981100000673905 ], [ 646432.803500001667999, 1835438.1219 ], [ 646412.007500002160668, 1835425.024599999422207 ], [ 646395.062300001853146, 1835418.085999999195337 ], [ 646370.407200001529418, 1835418.075999999186024 ], [ 646354.228800000855699, 1835419.605699999257922 ], [ 646341.901300001540221, 1835427.314099999377504 ], [ 646315.704200001433492, 1835449.639599999180064 ], [ 646316.372200001147576, 1835469.555500000948086 ], [ 646305.586600000970066, 1835474.174599999329075 ], [ 646294.025899999542162, 1835478.793600000673905 ], [ 646283.240400000708178, 1835478.793600000906736 ], [ 646277.08070000144653, 1835473.394699999829754 ], [ 646271.68790000223089, 1835470.315400000428781 ], [ 646270.146000000881031, 1835459.527599999215454 ], [ 646269.379100000602193, 1835446.430199998896569 ], [ 646264.761400001938455, 1835436.412299999268726 ], [ 646254.751000003190711, 1835431.023399998899549 ], [ 646247.04930000170134, 1835426.394300000509247 ], [ 646241.648300001397729, 1835434.872599999886006 ], [ 646236.255500001134351, 1835446.420199999585748 ], [ 646227.011900001671165, 1835456.438200000207871 ], [ 646213.142400002339855, 1835458.7377 ], [ 646185.403400000068359, 1835458.737700000405312 ], [ 646183.407900001853704, 1835441.361199998995289 ], [ 646156.444000001996756, 1835435.962300000712276 ], [ 646129.48010000155773, 1835436.722200000425801 ], [ 646114.835500001558103, 1835444.430600000545382 ], [ 646100.199100001016632, 1835455.97829999960959 ], [ 646088.638400001218542, 1835468.305799999739975 ], [ 646078.61970000108704, 1835482.9328 ] ] } },
{ "type": "Feature", "properties": { "edge_id": 95, "u": 99, "v": 100, "length_m": 2471.6815170019772, "source": "mitrearth_supplement", "waterway_tag": "minor_stream", "name": null }, "geometry": { "type": "LineString", "coordinates": [ [ 648223.504000002052635, 1835330.023900000145659 ], [ 648212.726700002443977, 1835313.0673999984283 ], [ 648206.567000001319684, 1835303.819199999794364 ], [ 648198.8654000016395, 1835290.721899999538437 ], [ 648191.163800001260825, 1835284.563200000673532 ], [ 648174.98550000146497, 1835285.323000000556931 ], [ 648159.574000001768582, 1835288.4024 ], [ 648141.853700001374818, 1835292.251599998911843 ], [ 648124.908500001067296, 1835293.781300001079217 ], [ 648108.730100001324899, 1835295.321000001160428 ], [ 648097.944500002311543, 1835293.771299999207258 ], [ 648087.934100001584738, 1835280.674000000348315 ], [ 648079.457400000770576, 1835267.576600000495091 ], [ 648074.072800001711585, 1835249.850199999520555 ], [ 648072.539100001798943, 1835226.74489999958314 ], [ 648071.780500002554618, 1835199.7804000005126 ], [ 648070.238500001607463, 1835182.053999999072403 ], [ 648047.908800001721829, 1835165.107499999227002 ], [ 648005.541600001277402, 1835138.122999999672174 ], [ 647990.138400001800619, 1835131.184399999445304 ], [ 647974.735100001795217, 1835118.087099998490885 ], [ 647963.182700001518242, 1835111.148499999660999 ], [ 647950.080100001418032, 1835108.838899999856949 ], [ 647937.752500004018657, 1835109.598799999570474 ], [ 647927.742100002476946, 1835115.757499999832362 ], [ 647916.181400000466965, 1835128.0850000011269 ], [ 647906.162700002780184, 1835140.40250000031665 ], [ 647898.452800001483411, 1835151.190300001064315 ], [ 647869.946900001028553, 1835149.640599999809638 ], [ 647855.310600002296269, 1835159.648600000422448 ], [ 647839.132200001506135, 1835164.267699999734759 ], [ 647821.411900001578033, 1835161.948100000619888 ], [ 647797.531900000874884, 1835152.699999999022111 ], [ 647774.41880000103265, 1835142.672 ], [ 647762.866400001104921, 1835134.973600000608712 ], [ 647747.45490000222344, 1835134.9636 ], [ 647736.669400001410395, 1835144.981599999591708 ], [ 647708.155200000968762, 1835176.555099999532104 ], [ 647683.500200001057237, 1835188.872600000118837 ], [ 647653.452300001401454, 1835191.942000000271946 ], [ 647629.572300002211705, 1835185.003399999346584 ], [ 647611.852000002283603, 1835177.294999999459833 ], [ 647599.532700001611374, 1835165.737400001147762 ], [ 647590.297400000505149, 1835146.471300000324845 ], [ 647588.76370000152383, 1835127.984999999171123 ], [ 647606.484000001102686, 1835101.790400000521913 ], [ 647621.136800001491793, 1835072.526299999561161 ], [ 647628.846700000576675, 1835050.1809 ], [ 647626.546100001432933, 1835020.9068 ], [ 647599.582200002274476, 1834997.791500000515953 ], [ 647561.07410000206437, 1834970.037200000137091 ], [ 647531.809600001666695, 1834926.885999999707565 ], [ 647524.11620000237599, 1834904.550499999895692 ], [ 647521.80740000132937, 1834886.054300000891089 ], [ 647529.517300001811236, 1834872.187100000679493 ], [ 647533.376300000934862, 1834856.010399999562651 ], [ 647525.674700001371093, 1834844.4527 ], [ 647508.72950000106357, 1834830.585599999642 ], [ 647493.326300001470372, 1834824.4168 ], [ 647476.381000001565553, 1834810.53969999961555 ], [ 647461.744700003182516, 1834795.132799999555573 ], [ 647447.108300001826137, 1834784.345000000437722 ], [ 647429.396200002287515, 1834783.565099999308586 ], [ 647413.217900001560338, 1834785.104800000786781 ], [ 647394.72240000218153, 1834792.803300000727177 ], [ 647378.544100001221523, 1834803.581100000534207 ], [ 647366.208300001570024, 1834809.739800000563264 ], [ 647354.655900001176633, 1834809.739800000330433 ], [ 647348.496200000983663, 1834788.1642 ], [ 647355.439200001070276, 1834772.75730000063777 ], [ 647367.76680000196211, 1834760.42989999987185 ], [ 647376.243500001030043, 1834749.652000000467524 ], [ 647388.579300003126264, 1834735.784900000551715 ], [ 647388.57930000172928, 1834720.378000000491738 ], [ 647367.783300002338365, 1834701.881799999624491 ], [ 647336.209900001296774, 1834677.21680000051856 ], [ 647318.497900003101677, 1834647.942700000479817 ], [ 647308.495700001949444, 1834612.5 ], [ 647300.81050000176765, 1834553.171999999554828 ], [ 647290.033200002158992, 1834503.092200000304729 ], [ 647282.339800001238473, 1834492.304400000721216 ], [ 647274.638200001907535, 1834479.207099999766797 ], [ 647270.020500000449829, 1834466.1097999997437 ], [ 647267.711700001731515, 1834456.86159999971278 ], [ 647261.552100001135841, 1834446.843699998687953 ], [ 647255.384200001368299, 1834440.684900000458583 ], [ 647245.373700001742691, 1834439.905099998926744 ], [ 647239.205800001043826, 1834446.843699999386445 ], [ 647232.271100000827573, 1834459.1612 ], [ 647222.252400001627393, 1834475.337899999693036 ], [ 647211.458600000711158, 1834491.514599998714402 ], [ 647202.206700000795536, 1834511.54050000035204 ], [ 647186.803500001435168, 1834516.159600001061335 ], [ 647172.934000001871027, 1834513.070199999725446 ], [ 647161.381500001531094, 1834507.681299999123439 ], [ 647148.287100001238286, 1834499.972899999469519 ], [ 647133.650800002040341, 1834493.034299999242648 ], [ 647122.865200001280755, 1834488.405200000619516 ], [ 647107.453700002050027, 1834490.714800000190735 ], [ 647083.573800001991913, 1834495.323799999663606 ], [ 647054.301000001374632, 1834496.093699998920783 ], [ 647041.97350000217557, 1834487.615399999311194 ], [ 647031.963000001502223, 1834480.676800000248477 ], [ 647021.177500001620501, 1834470.6588 ], [ 647010.391900002141483, 1834459.870999999344349 ], [ 646997.3057000025874, 1834448.303400000324473 ], [ 646985.745100002037361, 1834439.825099999317899 ], [ 646968.799900001147762, 1834434.426200001034886 ], [ 646954.163500000955537, 1834435.965900000417605 ], [ 646939.527100001461804, 1834444.434200000250712 ], [ 646931.817200001794845, 1834461.38069999916479 ], [ 646913.321800001896918, 1834472.938400000799447 ], [ 646895.601500000804663, 1834473.698200000450015 ], [ 646881.732000001240522, 1834471.388699999311939 ], [ 646871.721500000800006, 1834468.299300000304356 ], [ 646857.085200000787154, 1834462.130599999101833 ], [ 646845.532700001494959, 1834452.112600000575185 ], [ 646835.522300002165139, 1834436.7057 ], [ 646823.194700001738966, 1834440.554999999701977 ], [ 646807.783300001989119, 1834445.164000001037493 ], [ 646792.371800001827069, 1834452.862500000745058 ], [ 646781.586200001765974, 1834471.3487 ], [ 646771.559300001827069, 1834492.154500000411645 ], [ 646759.998600000748411, 1834509.101000000257045 ], [ 646754.605800001067109, 1834523.727999999886379 ] ] } },
{ "type": "Feature", "properties": { "edge_id": 96, "u": 101, "v": 102, "length_m": 739.80317020144878, "source": "mitrearth_supplement", "waterway_tag": "minor_stream", "name": null }, "geometry": { "type": "LineString", "coordinates": [ [ 647729.553200001362711, 1834185.506899999454618 ], [ 647718.61920000158716, 1834269.839700000127777 ], [ 647714.760200001765043, 1834311.431199999758974 ], [ 647696.264700002386235, 1834327.607999999308959 ], [ 647682.387000001268461, 1834345.324299999745563 ], [ 647672.368300001719035, 1834366.120100000873208 ], [ 647681.603600001893938, 1834383.076699999859557 ], [ 647695.473100001458079, 1834396.174000000348315 ], [ 647705.483600001316518, 1834413.120500000193715 ], [ 647696.998599999817088, 1834437.00569999916479 ], [ 647674.644100002478808, 1834465.499899999704212 ], [ 647650.755900000687689, 1834492.454399998765439 ], [ 647629.168300001998432, 1834544.843699999386445 ], [ 647632.243999999947846, 1834576.427300001028925 ], [ 647622.992200001841411, 1834601.072299999417737 ], [ 647596.020000001066364, 1834621.098200000589713 ], [ 647577.524600001168437, 1834638.044800000265241 ], [ 647578.283200002508238, 1834671.937899998854846 ], [ 647588.277200002456084, 1834733.575300000607967 ], [ 647595.203700001700781, 1834761.309699999401346 ], [ 647603.672100001946092, 1834774.406999999424443 ], [ 647619.083599999896251, 1834775.95670000067912 ], [ 647642.196700001019053, 1834773.6472 ], [ 647665.309800001559779, 1834768.268300000112504 ], [ 647676.09540000197012, 1834769.038100000470877 ] ] } }
]
}
