{
"type": "FeatureCollection",
"name": "waterway_lines_raw",
"crs": { "type": "name", "properties": { "name": "urn:ogc:def:crs:EPSG::32647" } },
"features": [
{ "type": "Feature", "properties": { "hy_use": 1.0, "hy_mriver": "แม่น้ำน่าน", "str_id": 0.0, "str_type": null, "str_name_t": "คลองโกรงเกรง", "str_name_e": null, "mod_date": null, "length": 2388.564, "source_layer": "major_river", "OBJECTID": null, "HY_USE": null, "HY_LNAME": null, "HY_MRIVER": null, "LENGTH": null }, "geometry": { "type": "LineString", "coordinates": [ [ 647248.408141987631097, 1842505.293424372328445 ], [ 647252.58881067764014, 1842476.389262564014643 ], [ 647257.354910099180415, 1842461.832183999707922 ], [ 647269.814314525807276, 1842447.365234128199518 ], [ 647276.864550861995667, 1842435.137713147094473 ], [ 647268.725946677615866, 1842405.84367053466849 ], [ 647241.201332716271281, 1842392.476384384091944 ], [ 647205.529771643690765, 1842350.584888518089429 ], [ 647198.908317408640869, 1842323.610374958254397 ], [ 647166.642319206846878, 1842251.005132413469255 ], [ 647134.335177453001961, 1842182.239135429495946 ], [ 647109.5728973277146, 1842126.6304291121196 ], [ 647084.159205629955977, 1842060.243930811993778 ], [ 647072.590292877168395, 1841993.247592432424426 ], [ 647074.305391527479514, 1841976.351015523308888 ], [ 647086.748424073681235, 1841963.423693059477955 ], [ 647073.084961817367002, 1841947.12696642219089 ], [ 646924.915450426051393, 1841930.920340154785663 ], [ 646924.824762165430002, 1841938.598732743645087 ], [ 646921.311983364168555, 1841979.300412067444995 ], [ 646915.564696286455728, 1842013.063545469893143 ], [ 646911.120173439267091, 1842068.362294389167801 ], [ 646889.400547507451847, 1842086.568671583430842 ], [ 646862.51092542684637, 1842085.508869264274836 ], [ 646869.297246183035895, 1842097.116484119324014 ], [ 646899.798615131760016, 1842119.741877967026085 ], [ 646938.628290941473097, 1842153.984930479666218 ], [ 646936.822415032540448, 1842179.329720855224878 ], [ 646909.371993689797819, 1842229.759461819892749 ], [ 646938.488128438591957, 1842237.75783663475886 ], [ 646966.746652372879907, 1842184.258750560926273 ], [ 646995.211284854798578, 1842181.499287536600605 ], [ 647014.910540632088669, 1842207.843898920807987 ], [ 646999.243435985292308, 1842235.348304112674668 ], [ 647001.428622245322913, 1842246.136161039816216 ], [ 647040.769597029546276, 1842233.488769526826218 ], [ 647062.662236459436826, 1842269.861276635667309 ], [ 647115.105861701071262, 1842325.000088579021394 ], [ 647159.41899066301994, 1842350.084935849299654 ], [ 647149.952770821051672, 1842372.270454945042729 ], [ 647097.59991168207489, 1842379.389071524841711 ], [ 647040.761335547547787, 1842375.699757810449228 ], [ 646996.481158328009769, 1842347.545530310133472 ], [ 646957.20617091213353, 1842354.804060732014477 ], [ 646918.195077805547044, 1842337.467537358636037 ], [ 646905.108955679694191, 1842338.867269421229139 ], [ 646888.361576588824391, 1842394.795929458225146 ], [ 646919.679302637232468, 1842412.81221864069812 ], [ 646971.633701003273018, 1842399.7079462420661 ], [ 646976.469710497418419, 1842399.020172555232421 ], [ 647043.126918327994645, 1842418.706534902798012 ], [ 647131.197216558852233, 1842421.124083272414282 ], [ 647156.409517097868957, 1842445.990976852597669 ], [ 647153.991919305641204, 1842413.871236507315189 ], [ 647201.308134438470006, 1842406.273031894350424 ], [ 647229.28339842625428, 1842456.352281115949154 ], [ 647233.773321045329794, 1842491.58034703717567 ], [ 647248.408141987631097, 1842505.293424372328445 ] ] } },
{ "type": "Feature", "properties": { "hy_use": 1.0, "hy_mriver": "แม่น้ำน่าน", "str_id": 0.0, "str_type": null, "str_name_t": "คลองโกรงเกรง", "str_name_e": null, "mod_date": null, "length": 17860.303, "source_layer": "major_river", "OBJECTID": null, "HY_USE": null, "HY_LNAME": null, "HY_MRIVER": null, "LENGTH": null }, "geometry": { "type": "LineString", "coordinates": [ [ 644374.401586600346491, 1837083.137044108007103 ], [ 644404.441157825756818, 1837094.704694760031998 ], [ 644428.32115488150157, 1837121.669251760933548 ], [ 644452.192832748871297, 1837154.812476736260578 ], [ 644499.169482902274467, 1837193.344663067022339 ], [ 644561.565803108154796, 1837221.098972318926826 ], [ 644654.776768849231303, 1837241.924746150150895 ], [ 644744.912054453976452, 1837237.325618894770741 ], [ 644785.745520905358717, 1837230.407055738149211 ], [ 644886.674664936726913, 1837228.12755034212023 ], [ 644974.492902008700185, 1837248.953265010146424 ], [ 645053.059280013898388, 1837275.947826119139791 ], [ 645140.877596655045636, 1837321.42856556060724 ], [ 645221.761016572243534, 1837346.10354436468333 ], [ 645311.888156600645743, 1837371.558391875354573 ], [ 645412.042123824940063, 1837367.729114653542638 ], [ 645512.19613438018132, 1837356.211512072943151 ], [ 645576.917841253103688, 1837334.65581372519955 ], [ 645633.921348058618605, 1837334.675828773528337 ], [ 645659.343261021422222, 1837359.330826031975448 ], [ 645654.700893341330811, 1837404.021695907693356 ], [ 645635.430256808060221, 1837440.224418024532497 ], [ 645566.849573332699947, 1837508.760440508602187 ], [ 645452.034520458779298, 1837581.915541282389313 ], [ 645304.095805569319054, 1837668.927865534322336 ], [ 645156.148819158552215, 1837768.25765677425079 ], [ 645016.662167421542108, 1837889.942877382505685 ], [ 644861.005360624403693, 1838029.334452891722322 ], [ 644814.762661234475672, 1838078.62440548138693 ], [ 644780.072396371047944, 1838137.932399254059419 ], [ 644750.008031439152546, 1838221.125397447263822 ], [ 644766.92845279769972, 1838304.338506843429059 ], [ 644801.5775780006079, 1838361.35686586308293 ], [ 644826.991269842139445, 1838384.482202273327857 ], [ 644862.86068480706308, 1838385.282039695419371 ], [ 644914.191048156586476, 1838381.612803014460951 ], [ 644967.970430656336248, 1838376.723771713906899 ], [ 645055.970037203049287, 1838370.61494379863143 ], [ 645129.300415911595337, 1838349.819275571964681 ], [ 645159.859499849379063, 1838325.364199112169445 ], [ 645200.189896164578386, 1838276.454140274552628 ], [ 645293.68952924455516, 1838201.259432720951736 ], [ 645423.239988087094389, 1838134.003147286130115 ], [ 645506.349885851377621, 1838110.77783186128363 ], [ 645605.349429000169039, 1838111.997593281790614 ], [ 645682.349123788066208, 1838126.664639503927901 ], [ 645734.908172020921484, 1838145.010943067725748 ], [ 645864.458680081646889, 1838179.24389478424564 ], [ 645941.458274812321179, 1838195.140707232989371 ], [ 645953.678637712728232, 1838212.267258738400415 ], [ 645978.127629101509228, 1838255.058515951270238 ], [ 646001.347863406641409, 1838323.534524070098996 ], [ 645997.678517706575803, 1838388.3414089709986 ], [ 646008.678406581049785, 1838456.817458997480571 ], [ 646025.788595531834289, 1838492.280237209051847 ], [ 646116.52587201166898, 1838540.880319630960003 ], [ 646130.288119968608953, 1838554.027637641178444 ], [ 646136.398307796451263, 1838601.717971897684038 ], [ 646163.288045427994803, 1838648.178543387912214 ], [ 646168.177796143107116, 1838725.212861671345308 ], [ 646175.508326843031682, 1838805.916436778148636 ], [ 646231.728501074481755, 1838860.945179791888222 ], [ 646259.846889569540508, 1838870.723182128975168 ], [ 646302.61804608895909, 1838869.503466470632702 ], [ 646334.397538120858371, 1838882.950677591143176 ], [ 646367.718979258905165, 1838948.577373708831146 ], [ 646375.107256121467799, 1838976.331751918187365 ], [ 646371.685232821619138, 1839008.575125973904505 ], [ 646364.511340847355314, 1839031.560453085694462 ], [ 646351.969471756834537, 1839054.485747014870867 ], [ 646348.563888163072988, 1839084.429646774427965 ], [ 646343.73180070228409, 1839105.125467060366645 ], [ 646331.882592952111736, 1839134.209589461330324 ], [ 646328.493518221192062, 1839163.383681246777996 ], [ 646325.252845510724001, 1839178.720536713022739 ], [ 646328.658448524191044, 1839289.447926371125504 ], [ 646320.049801474902779, 1839303.955048138275743 ], [ 646304.506351456861012, 1839319.161881377454847 ], [ 646292.046930866898037, 1839334.398822443792596 ], [ 646285.070897233323194, 1839339.697764281649143 ], [ 646272.603219939861447, 1839354.944616961060092 ], [ 646264.78616474987939, 1839367.152170002926141 ], [ 646259.64893549552653, 1839415.522307134000584 ], [ 646265.59423460951075, 1839434.03854140941985 ], [ 646283.949482715222985, 1839442.686814432730898 ], [ 646306.22147172014229, 1839444.466391772264615 ], [ 646323.917081635328941, 1839443.126739393919706 ], [ 646340.227312948904, 1839427.929829336469993 ], [ 646364.865881188423373, 1839423.580690427217633 ], [ 646377.820128847844899, 1839434.488393675303087 ], [ 646383.765428157988936, 1839453.004670195048675 ], [ 646371.536864917492494, 1839517.431602029595524 ], [ 646362.111770311021246, 1839535.777853684965521 ], [ 646354.220539233647287, 1839554.913954877061769 ], [ 646344.234829317312688, 1839624.749722844222561 ], [ 646336.953748804982752, 1839658.492884036386386 ], [ 646336.706322348793037, 1839680.778355876449496 ], [ 646336.475518903578632, 1839702.303977461764589 ], [ 646340.90350826154463, 1839719.260482902871445 ], [ 646351.614909025025554, 1839723.989547416800633 ], [ 646369.31866934010759, 1839721.87997325649485 ], [ 646392.382326101767831, 1839721.360082825412974 ], [ 646431.665524379815906, 1839714.101522603072226 ], [ 646462.414248049608432, 1839713.661658105440438 ], [ 646485.527376306592487, 1839708.532622428843752 ], [ 646510.165933007141575, 1839704.953377279220149 ], [ 646525.404288219870068, 1839717.420815849211067 ], [ 646537.467961255577393, 1839739.07645510090515 ], [ 646553.398894701036625, 1839758.462498338660225 ], [ 646569.263925090432167, 1839784.007275548996404 ], [ 646575.868837358546443, 1839812.51150680729188 ], [ 646584.172414124361239, 1839826.438684684224427 ], [ 646578.425079453038052, 1839860.201847260119393 ], [ 646575.151467153104022, 1839878.608081876765937 ], [ 646571.836592442123219, 1839900.863544010557234 ], [ 646567.779647136805579, 1839920.809448257321492 ], [ 646558.329913067282178, 1839941.465222609695047 ], [ 646546.620864287717268, 1839958.241809781407937 ], [ 646544.114046478294767, 1839976.668140818132088 ], [ 646545.540600638370961, 1839986.675998090067878 ], [ 646556.210735776578076, 1839995.244339302415028 ], [ 646566.856099649798125, 1840005.352254413999617 ], [ 646576.025487969862297, 1840010.831154845654964 ], [ 646599.03963001165539, 1840014.930276989238337 ], [ 646614.269706703722477, 1840028.157603533240035 ], [ 646617.873159368988127, 1840050.493022178066894 ], [ 646654.451696349540725, 1840079.327210458461195 ], [ 646667.29881609370932, 1840099.45314118033275 ], [ 646677.0947850238299, 1840118.009294825838879 ], [ 646686.816635874914937, 1840142.704315036535263 ], [ 646694.386330766486935, 1840153.552123562665656 ], [ 646678.859431940014474, 1840167.989187396131456 ], [ 646670.951663904590532, 1840187.885149582056329 ], [ 646670.71252345724497, 1840210.180562034947798 ], [ 646675.940368970856071, 1840224.067733333911747 ], [ 646690.378834150498733, 1840239.604555684840307 ], [ 646701.098502676584758, 1840243.563736805459484 ], [ 646713.409558394923806, 1840242.154019246343523 ], [ 646730.395969951874577, 1840235.425383953610435 ], [ 646756.39508501207456, 1840248.002895746845752 ], [ 646784.727801219909452, 1840257.540918685495853 ], [ 646807.123560254578479, 1840247.782916173106059 ], [ 646827.853569645667449, 1840250.32242807932198 ], [ 646845.408973403973505, 1840261.270117644686252 ], [ 646856.029634786304086, 1840274.447442737407982 ], [ 646874.261198646388948, 1840294.633386011701077 ], [ 646893.300876251654699, 1840310.98004270833917 ], [ 646909.297843537293375, 1840324.227392156841233 ], [ 646921.394436854636297, 1840342.803514006081969 ], [ 646929.6402490203036, 1840362.109660228714347 ], [ 646934.027108737267554, 1840382.915362997213379 ], [ 646934.612514999578707, 1840399.831977938767523 ], [ 646935.12381162843667, 1840423.6671234855894 ], [ 646935.71750324126333, 1840439.813759908080101 ], [ 646931.668738983338699, 1840458.220050859963521 ], [ 646920.536850825767033, 1840492.683036740636453 ], [ 646904.688351079123095, 1840536.324214944383129 ], [ 646910.584110329975374, 1840559.449421858415008 ], [ 646910.427507292130031, 1840574.0564615346957 ], [ 646910.105866029742174, 1840604.030339582590386 ], [ 646908.967932184576057, 1840637.833508373470977 ], [ 646901.703365474473685, 1840669.277070214506239 ], [ 646889.029534870642237, 1840704.499925176613033 ], [ 646877.122473413939588, 1840738.952938864706084 ], [ 646880.684734500595368, 1840765.127614512806758 ], [ 646884.288112558773719, 1840786.693200469715521 ], [ 646879.571523024933413, 1840796.63113674079068 ], [ 646866.435877607320435, 1840802.640003466745839 ], [ 646848.55891524720937, 1840820.89620497263968 ], [ 646847.602354541770183, 1840838.562612312380224 ], [ 646845.878963141934946, 1840855.449166896287352 ], [ 646831.984784704050981, 1840860.688103675609455 ], [ 646809.737428263295442, 1840856.599015007726848 ], [ 646811.658778912038542, 1840891.981792954262346 ], [ 646815.361167083610781, 1840905.089155430207029 ], [ 646824.489336264319718, 1840913.637333262711763 ], [ 646829.750196891603991, 1840925.224982788786292 ], [ 646818.717173988115974, 1840949.700008229585364 ], [ 646814.577840211917646, 1840977.334396939026192 ], [ 646810.520845478167757, 1840997.270317007089034 ], [ 646810.314709474565461, 1841015.716575371334329 ], [ 646810.042595967883244, 1841041.081420871196315 ], [ 646808.97890353621915, 1841067.975910915061831 ], [ 646806.455608644871973, 1841087.931906276382506 ], [ 646801.623595473356545, 1841108.637729291105643 ], [ 646801.42563944729045, 1841126.314119378104806 ], [ 646802.011077024857514, 1841143.230624371906742 ], [ 646801.780287753790617, 1841164.74623796204105 ], [ 646808.987084362423047, 1841208.637365642469376 ], [ 646806.290759236784652, 1841244.739922259468585 ], [ 646809.828172174398787, 1841273.214134973008186 ], [ 646816.449594529345632, 1841300.188654462108389 ], [ 646820.844680015230551, 1841320.224599741166458 ], [ 646829.766654804814607, 1841347.998947485582903 ], [ 646833.394790140911937, 1841368.014899676432833 ], [ 646843.916522273793817, 1841389.660451486241072 ], [ 646853.704282965511084, 1841408.976570610655472 ], [ 646864.234223095001653, 1841429.842308186460286 ], [ 646853.160058179171756, 1841458.936360604129732 ], [ 646847.643639536690898, 1841471.173918087268248 ], [ 646835.951053961296566, 1841486.420759269269183 ], [ 646826.559021023334935, 1841501.697723325807601 ], [ 646809.457149494905025, 1841519.95394340227358 ], [ 646791.64612777356524, 1841531.291670657461509 ], [ 646773.06817330152262, 1841543.389188620261848 ], [ 646759.042076550074853, 1841560.915614405181259 ], [ 646746.549579601269215, 1841579.231935486430302 ], [ 646735.533176863682456, 1841602.167244281386957 ], [ 646735.978434479678981, 1841632.151167317060754 ], [ 646738.081049635773525, 1841651.387232017004862 ], [ 646750.977622844977304, 1841666.904070917051286 ], [ 646765.424287010915577, 1841680.901144570903853 ], [ 646773.802059491630644, 1841688.669593150727451 ], [ 646785.247360321227461, 1841696.488047819584608 ], [ 646801.351481458405033, 1841699.737402812344953 ], [ 646819.03050256636925, 1841699.927317627705634 ], [ 646841.310868820175529, 1841700.937126096338034 ], [ 646871.251456703175791, 1841704.336401232983917 ], [ 646881.19599849358201, 1841708.285644309828058 ], [ 646898.042236868641339, 1841714.62431978341192 ], [ 646911.771550902631134, 1841723.99246460897848 ], [ 646927.001669513410889, 1841737.229780758731067 ], [ 646934.455925254966132, 1841758.835343540878966 ], [ 646937.539776695310138, 1841758.095526004675776 ], [ 646938.93341982155107, 1841771.182820245856419 ], [ 646939.386873532901518, 1841800.396906274138018 ], [ 646939.922869306639768, 1841821.922475283266976 ], [ 646941.052517699892633, 1841859.594816041179001 ], [ 646944.581720654619858, 1841888.07899277866818 ], [ 646942.000869673909619, 1841913.413899735780433 ], [ 647066.298668767791241, 1841934.749577302252874 ], [ 647066.455347201321274, 1841920.142513321712613 ], [ 647059.677270026644692, 1841907.005216041812673 ], [ 647049.889408200513572, 1841888.448926393641159 ], [ 647043.160799257457256, 1841870.812585145933554 ], [ 647038.658604646334425, 1841860.774578623706475 ], [ 647028.227587144821882, 1841829.910858327522874 ], [ 647026.182653735741042, 1841806.065754693234339 ], [ 647018.720106767956167, 1841785.229908811859787 ], [ 647013.492273936630227, 1841771.332735005067661 ], [ 647002.921155886957422, 1841754.306282261386514 ], [ 646980.162549469387159, 1841726.391929313307628 ], [ 646954.287090609082952, 1841702.276872592512518 ], [ 646919.530857146484777, 1841678.541710297344252 ], [ 646911.878709488781169, 1841675.382268618559465 ], [ 646880.660007051425055, 1841648.137840203940868 ], [ 646857.687034852919169, 1841640.199530334211886 ], [ 646834.664633521810174, 1841636.880131750367582 ], [ 646815.65795775630977, 1841617.454155888641253 ], [ 646816.581538259517401, 1841602.857037373352796 ], [ 646823.681223009945825, 1841586.030517938779667 ], [ 646836.140623675193638, 1841571.55345964524895 ], [ 646853.259092820226215, 1841552.527339092921466 ], [ 646865.76799790689256, 1841532.681401828303933 ], [ 646876.067010018276051, 1841505.116999474586919 ], [ 646891.000290058320388, 1841474.533150951610878 ], [ 646897.465025348588824, 1841445.38909723656252 ], [ 646902.429031382780522, 1841413.165732809575275 ], [ 646901.183887891238555, 1841386.241159324301407 ], [ 646894.496564803295769, 1841365.415375978685915 ], [ 646887.759668281534687, 1841348.438885767478496 ], [ 646875.778405639808625, 1841319.094839646480978 ], [ 646865.421640040352941, 1841282.092387067852542 ], [ 646853.531195927876979, 1841244.290090818889439 ], [ 646844.666862926795147, 1841211.146790724247694 ], [ 646845.120346586918458, 1841169.645282617770135 ], [ 646845.400802481686696, 1841143.51056276075542 ], [ 646842.621893832227215, 1841116.57610880327411 ], [ 646846.827314071822912, 1841082.802908049430698 ], [ 646853.572437166236341, 1841028.294053693534806 ], [ 646856.878934064880013, 1841006.808360323077068 ], [ 646857.975660216412507, 1840976.844462292268872 ], [ 646859.962936828611419, 1840935.362927958602086 ], [ 646867.145073805237189, 1840910.837942049372941 ], [ 646869.808447657618672, 1840877.814646828453988 ], [ 646879.950860346900299, 1840864.087462091585621 ], [ 646883.90064022433944, 1840854.139487496577203 ], [ 646896.467271644156426, 1840829.684455500449985 ], [ 646906.716882619890384, 1840805.959273139480501 ], [ 646913.033149827038869, 1840790.662354198982939 ], [ 646916.372773261042312, 1840766.097412401111796 ], [ 646923.662035900633782, 1840732.354315636912361 ], [ 646936.302965974085964, 1840700.210843298817053 ], [ 646939.073537554359064, 1840657.959359527332708 ], [ 646940.887593885883689, 1840632.614538540830836 ], [ 646962.631906648632139, 1840612.098722625756636 ], [ 646962.904053890495561, 1840586.733873301651329 ], [ 646964.0502521796152, 1840552.160943202208728 ], [ 646965.87252005469054, 1840526.046254180371761 ], [ 646967.851534315617755, 1840485.324524925323203 ], [ 646969.525427839835174, 1840472.277193939778954 ], [ 646971.323003873578273, 1840448.462044067913666 ], [ 646971.636346330400556, 1840420.027847474440932 ], [ 646968.857494939351454, 1840392.323463688837364 ], [ 646963.027773631503806, 1840363.049471634440124 ], [ 646954.056234056595713, 1840339.894104401348159 ], [ 646937.432659992016852, 1840313.57955902419053 ], [ 646922.285051047918387, 1840292.6637886648532 ], [ 646905.570691369590349, 1840274.797360267490149 ], [ 646894.191419606213458, 1840260.840211936272681 ], [ 646877.44415006856434, 1840245.283359817229211 ], [ 646861.414169758325443, 1840235.115515968529508 ], [ 646839.24940224585589, 1840223.347907817224041 ], [ 646809.391194488620386, 1840212.260131351416931 ], [ 646786.352262833737768, 1840210.48054540110752 ], [ 646764.880102509981953, 1840206.401323027443141 ], [ 646744.191281332168728, 1840200.022604354657233 ], [ 646720.492671913350932, 1840188.235062835970894 ], [ 646726.099912227946334, 1840167.549275582190603 ], [ 646729.332260702969506, 1840152.972253962885588 ], [ 646724.937215974321589, 1840132.946224390529096 ], [ 646714.382537330733612, 1840113.610255261650309 ], [ 646699.292668042704463, 1840087.315559634240344 ], [ 646687.27845312282443, 1840061.05087429494597 ], [ 646676.04763234895654, 1840034.02641726564616 ], [ 646651.615148435463198, 1840018.379547056742013 ], [ 646631.792174979578704, 1840003.562634705100209 ], [ 646614.220284425420687, 1839993.384629554580897 ], [ 646596.648384073516354, 1839983.966605905210599 ], [ 646583.718925761408173, 1839970.759304512292147 ], [ 646580.02471868135035, 1839957.651964333606884 ], [ 646593.308841069112532, 1839937.805962849641219 ], [ 646598.025445237755775, 1839927.867966358084232 ], [ 646604.432437284267507, 1839904.112821688409895 ], [ 646605.438466601073742, 1839882.597260483773425 ], [ 646606.469210182083771, 1839858.012241461547092 ], [ 646610.427170298877172, 1839847.294462827267125 ], [ 646613.791469942545518, 1839821.189721614588052 ], [ 646613.263721328810789, 1839798.894253023900092 ], [ 646609.69333820277825, 1839773.489443686092272 ], [ 646606.87316910806112, 1839750.404099426232278 ], [ 646594.883762107347138, 1839721.830008017132059 ], [ 646578.227191430516541, 1839698.594640569761395 ], [ 646562.378645279328339, 1839671.510238813702017 ], [ 646552.615580113837495, 1839649.884548822883517 ], [ 646535.983719611656852, 1839624.339843553025275 ], [ 646510.800867482903413, 1839607.923091968987137 ], [ 646489.295676107751206, 1839606.153527623508126 ], [ 646472.383490927284583, 1839605.973499833140522 ], [ 646456.221621731296182, 1839608.103093809448183 ], [ 646439.960826970287599, 1839618.680931698065251 ], [ 646431.29443819320295, 1839638.576856127241626 ], [ 646430.304919912829064, 1839658.552783647319302 ], [ 646420.170795139623806, 1839671.510213527129963 ], [ 646399.391291823820211, 1839674.359611564315856 ], [ 646381.011343030724674, 1839668.010859236586839 ], [ 646374.340382412075996, 1839644.87559006572701 ], [ 646378.455133162555285, 1839620.320589874871075 ], [ 646388.754176361835562, 1839591.996342479484156 ], [ 646402.112432327819988, 1839565.231822679983452 ], [ 646408.725546394009143, 1839522.260613370686769 ], [ 646419.758509145351127, 1839497.015682303579524 ], [ 646425.439877540222369, 1839469.401367021491751 ], [ 646425.761509865289554, 1839440.197270140284672 ], [ 646415.981968885287642, 1839420.111401474103332 ], [ 646395.482704574475065, 1839396.826070907060057 ], [ 646383.336608144571073, 1839382.858924072468653 ], [ 646348.852481465088204, 1839373.260899681365117 ], [ 646326.489754025358707, 1839379.929567049955949 ], [ 646313.444865769939497, 1839377.490101330215111 ], [ 646319.752932287286967, 1839362.953045522794127 ], [ 646334.471782391308807, 1839352.345172461820766 ], [ 646353.857704025809653, 1839337.188273949315771 ], [ 646365.575115060433745, 1839319.631860548164696 ], [ 646379.007523363805376, 1839285.958659044234082 ], [ 646384.688976094359532, 1839258.344338453141972 ], [ 646384.301412065629847, 1839222.981534742750227 ], [ 646383.724146328982897, 1839205.295124754076824 ], [ 646392.250346472603269, 1839128.520721422508359 ], [ 646392.687398810405284, 1839071.472390403738245 ], [ 646408.972969523165375, 1839042.618222784949467 ], [ 646417.911463915603235, 1838998.127215586369857 ], [ 646436.184274223167449, 1839014.473924693651497 ], [ 646455.21561331441626, 1839031.590467160800472 ], [ 646472.779332937556319, 1839041.768425032263622 ], [ 646494.911195639986545, 1839056.615320135140792 ], [ 646517.076002084068023, 1839068.382994258776307 ], [ 646538.614114023279399, 1839067.083252105396241 ], [ 646574.054803631268442, 1839059.784758165478706 ], [ 646593.317012018058449, 1839055.375586909009144 ], [ 646626.457151825190522, 1839047.287252222420648 ], [ 646658.673601367860101, 1839053.016064829425886 ], [ 646673.878916887100786, 1839068.552969697397202 ], [ 646691.277700327453203, 1839094.877588019007817 ], [ 646712.617919113487005, 1839111.244197410298511 ], [ 646732.614125428255647, 1839110.694354776758701 ], [ 646751.076503043528646, 1839109.364616471575573 ], [ 646770.338825098355301, 1839104.95549539104104 ], [ 646798.152034220402129, 1839092.18813445745036 ], [ 646825.973558850353584, 1839077.891084793023765 ], [ 646859.187834857497364, 1839063.643887893296778 ], [ 646887.734956470085308, 1839053.196104655740783 ], [ 646912.398193361703306, 1839047.317278615897521 ], [ 646934.752748572500423, 1839041.408427504822612 ], [ 646953.116240831208415, 1839049.29680417268537 ], [ 646968.18137778446544, 1839077.901002236874774 ], [ 646989.3649579732446, 1839108.874708191957325 ], [ 647012.164721686276607, 1839132.949830505298451 ], [ 647035.681840581470169, 1839161.643940862035379 ], [ 647065.548274518107064, 1839171.961929930141196 ], [ 647090.912576998001896, 1839172.241794841364026 ], [ 647113.431920172763057, 1839150.956124733667821 ], [ 647118.198067655554041, 1839137.368879950838163 ], [ 647129.898907190188766, 1839121.352231305092573 ], [ 647138.507546091801487, 1839107.605020263697952 ], [ 647145.541229932801798, 1839096.92710128845647 ], [ 647145.656729280133732, 1839086.15934262261726 ], [ 647130.05551284935791, 1839024.801813459955156 ], [ 647111.724982987158, 1839018.683075008913875 ], [ 647053.055880134459585, 1839038.249045544769615 ], [ 647011.496840219013393, 1839034.579840570222586 ], [ 646980.945974510163069, 1838995.447792316321284 ], [ 646967.496942000463605, 1838940.428966136882082 ], [ 646938.166546344989911, 1838936.759780160617083 ], [ 646906.38705904816743, 1838952.656514747068286 ], [ 646848.946487850742415, 1839044.357862570788711 ], [ 646767.057012413395569, 1839076.151398381451145 ], [ 646724.277516113477759, 1839077.371090728789568 ], [ 646696.167458018055186, 1839049.256835986627266 ], [ 646683.9471348967636, 1839029.690853074658662 ], [ 646652.167661345563829, 1839011.344584033358842 ], [ 646610.616840353584848, 1839006.455611908342689 ], [ 646565.396638905629516, 1839006.455522009404376 ], [ 646537.286514194332995, 1838977.111595073714852 ], [ 646495.727511782664806, 1838900.077173335943371 ], [ 646476.176612971816212, 1838815.704388943267986 ], [ 646417.507431846810505, 1838799.807615007041022 ], [ 646367.397371870232746, 1838771.683332647196949 ], [ 646300.17728069180157, 1838774.132847584085539 ], [ 646259.846872101654299, 1838749.677812773035839 ], [ 646248.846896626288071, 1838656.736746300244704 ], [ 646199.957242875127122, 1838602.937752219149843 ], [ 646185.287973493104801, 1838486.781360731460154 ], [ 646090.691647146129981, 1838433.622150741983205 ], [ 646048.464685101527721, 1838383.612324342830107 ], [ 646050.344696794170886, 1838376.853676236700267 ], [ 646054.203738256823272, 1838361.446887688478455 ], [ 646067.298130874056369, 1838349.129386962391436 ], [ 646076.550039688125253, 1838339.111422934569418 ], [ 646088.877517926972359, 1838321.395031704567373 ], [ 646095.820504902512766, 1838302.138930312125012 ], [ 646097.362533751875162, 1838288.271744143450633 ], [ 646092.753025960642844, 1838269.785553777590394 ], [ 646088.135363314300776, 1838251.289240183541551 ], [ 646086.593477372429334, 1838239.741599270608276 ], [ 646068.106239041080698, 1838225.094655003165826 ], [ 646048.085377270588651, 1838215.846500399988145 ], [ 646025.74736658053007, 1838204.278846842469648 ], [ 646011.110970327164978, 1838190.41171815735288 ], [ 646007.268387298332527, 1838169.60587469371967 ], [ 646009.585453730542213, 1838148.040345904882997 ], [ 646021.146117859170772, 1838134.94295895122923 ], [ 646042.717278486234136, 1838125.704864801373333 ], [ 646064.288423028308898, 1838117.236601610202342 ], [ 646076.624173959367909, 1838105.688920427812263 ], [ 646076.624193282797933, 1838090.272011393215507 ], [ 646076.632407604367472, 1838064.857244553975761 ], [ 646073.556714741513133, 1838041.741888365941122 ], [ 646066.630209926865064, 1838024.785356942564249 ], [ 646053.544029891723767, 1837999.360513596562669 ], [ 646050.468370401533321, 1837984.72359484853223 ], [ 646047.392699498683214, 1837957.7590835634619 ], [ 646046.625858104671352, 1837934.64369807485491 ], [ 646045.092093846295029, 1837928.485018523177132 ], [ 646048.942932505975477, 1837911.538440726231784 ], [ 646056.652736152638681, 1837891.502486919751391 ], [ 646067.446586721693166, 1837864.548037642845884 ], [ 646077.473557892255485, 1837842.982445565285161 ], [ 646105.212490468169563, 1837817.567533141700551 ], [ 646110.605308547616005, 1837817.567565205739811 ], [ 646119.857195395161398, 1837792.142765269847587 ], [ 646131.426100956974551, 1837768.267572216456756 ], [ 646146.837523466558196, 1837743.622631304198876 ], [ 646159.173305012285709, 1837722.046968161361292 ], [ 646174.584847143851221, 1837700.481397744035348 ], [ 646186.145511630922556, 1837681.225367904640734 ], [ 646193.855364621267654, 1837662.739030805649236 ], [ 646200.798365729278885, 1837635.784618605859578 ], [ 646205.432586599839851, 1837613.439140285365283 ], [ 646213.917515069246292, 1837578.776148136239499 ], [ 646222.402521680225618, 1837540.25403469405137 ], [ 646223.952705679344945, 1837504.051330076530576 ], [ 646222.435465535381809, 1837430.086434576194733 ], [ 646218.609368402976543, 1837340.724581108894199 ], [ 646203.997708458569832, 1837268.29936716821976 ], [ 646190.136508175055496, 1837228.23746803519316 ], [ 646160.896759115159512, 1837117.29011730151251 ], [ 646143.984498842502944, 1837008.652237534988672 ], [ 646135.532549665425904, 1836923.909459765069187 ], [ 646146.359294294961728, 1836812.202210228191689 ], [ 646171.822485557291657, 1836682.788596753729507 ], [ 646191.868072179728188, 1836614.222451227484271 ], [ 646199.594481186475605, 1836541.807232893770561 ], [ 646200.394360419129953, 1836452.445459217065945 ], [ 646198.10200088028796, 1836380.030127958161756 ], [ 646183.490322838770226, 1836313.763641394209117 ], [ 646167.328477097209543, 1836248.276971752056852 ], [ 646145.78209579596296, 1836170.46279691462405 ], [ 646122.693760940455832, 1836103.426526776049286 ], [ 646103.456218501669355, 1836026.382191449636593 ] ] } },
{ "type": "Feature", "properties": { "hy_use": 1.0, "hy_mriver": "แม่น้ำน่าน", "str_id": 0.0, "str_type": null, "str_name_t": "คลองโกรงเกรง", "str_name_e": null, "mod_date": null, "length": 2195.09, "source_layer": "major_river", "OBJECTID": null, "HY_USE": null, "HY_LNAME": null, "HY_MRIVER": null, "LENGTH": null }, "geometry": { "type": "LineString", "coordinates": [ [ 646103.456218501669355, 1836026.382191449636593 ], [ 646095.762780768563971, 1835980.931458814768121 ], [ 646085.793540302780457, 1835837.630574804497883 ], [ 646110.481688579777256, 1835734.401534966891631 ], [ 646114.348893370828591, 1835677.393234790768474 ], [ 646112.823495471151546, 1835631.942490802379325 ], [ 646114.373690816690214, 1835600.358920855680481 ], [ 646108.230503734201193, 1835541.030920144403353 ], [ 646095.911228662822396, 1835510.217271985020489 ], [ 646078.619664161116816, 1835482.932802499039099 ], [ 646031.898753494373523, 1835446.340205545071512 ], [ 645992.788752258406021, 1835424.334736941382289 ], [ 645914.568668633815832, 1835419.445732168154791 ], [ 645813.119980047806166, 1835432.893010297324508 ], [ 645719.010185655672103, 1835445.120455062948167 ], [ 645621.23092053597793, 1835463.466740265721455 ], [ 645538.121085247257724, 1835490.361210761358961 ], [ 645469.680629660142586, 1835520.934996207943186 ], [ 645397.570695728529245, 1835542.940591963939369 ], [ 645352.350479801301844, 1835535.602022369857877 ], [ 645321.791363619850017, 1835480.583219926571473 ], [ 645346.240305643645115, 1835416.996201418107376 ], [ 645385.350384802790359, 1835379.093918916769326 ], [ 645430.570533958380111, 1835360.747620232403278 ], [ 645462.350069926586002, 1835357.078440186567605 ], [ 645503.900869708857499, 1835354.638931335881352 ], [ 645555.239431114168838, 1835336.292666933732107 ], [ 645598.010712479008362, 1835306.948585098842159 ], [ 645662.789985339972191, 1835283.713350300909951 ], [ 645731.238792352145538, 1835264.147293521324173 ], [ 645818.009789464296773, 1835243.361544797662646 ], [ 645904.78910005860962, 1835223.795468783238903 ], [ 645969.568373922491446, 1835225.025247302604839 ], [ 646023.339529014192522, 1835220.126302394783124 ], [ 646047.466852861223742, 1835211.278111957013607 ] ] } },
{ "type": "Feature", "properties": { "hy_use": 2.0, "hy_mriver": "แม่น้ำน่าน", "str_id": 0.0, "str_type": null, "str_name_t": "คลองโกรงเกรง", "str_name_e": null, "mod_date": null, "length": 187.971, "source_layer": "major_river", "OBJECTID": null, "HY_USE": null, "HY_LNAME": null, "HY_MRIVER": null, "LENGTH": null }, "geometry": { "type": "LineString", "coordinates": [ [ 644130.695668639848009, 1835360.817651449237019 ], [ 644103.665744380443357, 1835326.854537736624479 ], [ 644074.401296581141651, 1835295.26096071396023 ], [ 644062.857081938069314, 1835265.207058509113267 ], [ 644046.686948921764269, 1835239.012420757208019 ], [ 644023.58218719670549, 1835208.18870917102322 ] ] } },
{ "type": "Feature", "properties": { "hy_use": 2.0, "hy_mriver": "แม่น้ำน่าน", "str_id": 0.0, "str_type": null, "str_name_t": "คลองวังทอง", "str_name_e": null, "mod_date": null, "length": 16722.903, "source_layer": "major_river", "OBJECTID": null, "HY_USE": null, "HY_LNAME": null, "HY_MRIVER": null, "LENGTH": null }, "geometry": { "type": "LineString", "coordinates": [ [ 641318.928660480421968, 1842799.05354726780206 ], [ 641287.182174200657755, 1842816.210116768022999 ], [ 641261.28204525494948, 1842823.818572535412386 ], [ 641193.476430959301069, 1842817.719777781516314 ], [ 641139.391978377243504, 1842802.472848964389414 ], [ 641064.734075132524595, 1842783.416765389265493 ], [ 640998.454017649870366, 1842774.268654183484614 ], [ 640940.559911465039477, 1842782.636953786714002 ], [ 640869.703392997384071, 1842795.584291761508211 ], [ 640820.945673194015399, 1842808.521684673381969 ], [ 640774.472082055639476, 1842832.136820773594081 ], [ 640740.944482335355133, 1842862.600668876199052 ], [ 640701.323207172332332, 1842922.778447852935642 ], [ 640638.836205138708465, 1843020.288621273590252 ], [ 640590.828932051896118, 1843089.614473446272314 ], [ 640539.020302461576648, 1843136.075004660524428 ], [ 640477.308404494659044, 1843181.015821596840397 ], [ 640432.352068285690621, 1843198.532259600237012 ], [ 640387.403955950052477, 1843206.900565969524905 ], [ 640320.365194473066367, 1843208.420302720274776 ], [ 640251.800974408630282, 1843189.364106998313218 ], [ 640205.335665749269538, 1843172.597567928954959 ], [ 640171.816320225596428, 1843140.594086530385539 ], [ 640142.873456330737099, 1843097.162900188704953 ], [ 640119.257322331424803, 1843049.172699092421681 ], [ 640096.408058564760722, 1843006.501354223582894 ], [ 640060.612882536719553, 1842972.218322024447843 ], [ 640028.619044605642557, 1842946.303625069791451 ], [ 639989.764585212105885, 1842924.208147280616686 ], [ 639945.583355651237071, 1842898.303351008566096 ], [ 639918.165946832043119, 1842867.819605248514563 ], [ 639896.833902988932095, 1842828.207691038027406 ], [ 639894.558106320910156, 1842794.684443372068927 ], [ 639907.512303573545069, 1842770.309436029056087 ], [ 639942.557121595949866, 1842753.552868655649945 ], [ 640035.504245191346854, 1842737.566139149945229 ], [ 640149.783385206130333, 1842716.250440275995061 ], [ 640247.298756254720502, 1842679.697922732913867 ], [ 640312.061677759164013, 1842632.467527059605345 ], [ 640354.733850916614756, 1842568.480557589791715 ], [ 640380.65056339954026, 1842495.345419509569183 ], [ 640379.133312117541209, 1842426.019505193922669 ], [ 640362.385998841025867, 1842356.693631249479949 ], [ 640342.587726994766854, 1842289.647232756717131 ], [ 640340.303658603574149, 1842270.601160028483719 ], [ 640338.027844497701153, 1842197.465998570201918 ], [ 640347.939333758200519, 1842102.995326745789498 ], [ 640348.714387295534834, 1842038.248441591160372 ], [ 640336.527105203014798, 1841992.537745671346784 ], [ 640318.254268005955964, 1841951.396150739165023 ], [ 640298.447768019745126, 1841929.290664178552106 ], [ 640273.306139792781323, 1841914.813528110506013 ], [ 640242.83777277986519, 1841907.195129411295056 ], [ 640213.128028170205653, 1841908.7148654863704 ], [ 640187.219527135253884, 1841901.096337377559394 ], [ 640155.992591491201892, 1841879.7607075010892 ], [ 640117.905035977717489, 1841839.378897191025317 ], [ 640059.252301722881384, 1841760.135018852772191 ], [ 639994.505928508704528, 1841684.700411004014313 ], [ 639921.381769543979317, 1841648.127916829660535 ], [ 639818.539595373440534, 1841604.686665137996897 ], [ 639765.213711205404252, 1841592.489211603533477 ], [ 639721.79117136891, 1841578.771955356234685 ], [ 639693.60688668792136, 1841558.956005132291466 ], [ 639677.609848157502711, 1841536.860544023104012 ], [ 639671.516252713510767, 1841501.057774316053838 ], [ 639669.240382259944454, 1841440.87000705092214 ], [ 639688.296562846750021, 1841338.030973808839917 ], [ 639705.068552042357624, 1841274.793890301370993 ], [ 639715.746902190614492, 1841187.191634863382205 ], [ 639735.561686463886872, 1841111.007173696532845 ], [ 639762.237034302204847, 1841059.207767154090106 ], [ 639832.334895947482437, 1840979.224059892585501 ], [ 639886.435932437190786, 1840914.477175297914073 ], [ 639914.628429602365941, 1840874.865273809526116 ], [ 639921.489030830794945, 1840856.578948687296361 ], [ 639953.499385052127764, 1840756.019470678642392 ], [ 639986.268324783537537, 1840662.318576929159462 ], [ 640025.131026519811712, 1840603.660415707854554 ], [ 640071.612851029960439, 1840566.338045376120135 ], [ 640108.94176214246545, 1840550.351338793989271 ], [ 640138.651534563512541, 1840554.16056421585381 ], [ 640162.267630671849474, 1840571.68695869971998 ], [ 640193.502920884173363, 1840594.542368696536869 ], [ 640213.301141702337191, 1840619.687247241614386 ], [ 640219.39482662989758, 1840638.733291005715728 ], [ 640225.488494676654227, 1840663.118333162972704 ], [ 640248.337763979914598, 1840713.398094006814063 ], [ 640260.525174024980515, 1840733.214076260337606 ], [ 640323.745968590257689, 1840786.543209674535319 ], [ 640367.927278594463132, 1840839.882346383761615 ], [ 640403.722471557673998, 1840898.55041954643093 ], [ 640440.284542166977189, 1840954.169112435542047 ], [ 640486.749912484316155, 1841002.929161752574146 ], [ 640524.837403072277084, 1841015.126718946266919 ], [ 640578.930116878822446, 1841012.08736235066317 ], [ 640607.114490699255839, 1841021.235433474881575 ], [ 640652.062528126756661, 1841013.616996680619195 ], [ 640702.353985729743727, 1840993.821056572953239 ], [ 640732.82232871314045, 1840970.205862948903814 ], [ 640751.111589286709204, 1840936.682660152902827 ], [ 640752.645365412347019, 1840907.738589996704832 ], [ 640744.267556480597705, 1840863.547611318062991 ], [ 640715.332919430686161, 1840737.843181234551594 ], [ 640690.207775626098737, 1840624.326235392829403 ], [ 640681.071455728728324, 1840578.615612643305212 ], [ 640684.130587680730969, 1840517.667946700239554 ], [ 640701.661268595955335, 1840436.914435009472072 ], [ 640716.149222923675552, 1840360.73994611762464 ], [ 640721.492505464470014, 1840291.414059267612174 ], [ 640727.594474174431525, 1840257.131034371443093 ], [ 640716.932638683239929, 1840215.229572335258126 ], [ 640678.086479274439625, 1840159.610806737327948 ], [ 640628.570149033446796, 1840107.791363596217707 ], [ 640603.436776355607435, 1840068.939301165519282 ], [ 640575.260755523806438, 1840020.179277220508084 ], [ 640531.079525838140398, 1839965.32039315556176 ], [ 640492.99193813581951, 1839944.744530151598155 ], [ 640454.137515529990196, 1839928.737874505808577 ], [ 640393.959411549963988, 1839905.112680062185973 ], [ 640311.682333390926942, 1839872.339277952443808 ], [ 640253.78827299666591, 1839854.053024291060865 ], [ 640197.411439749528654, 1839819.760041048517451 ], [ 640131.139528413070366, 1839765.66100764204748 ], [ 640039.734383214148693, 1839683.367785384412855 ], [ 639997.078641755506396, 1839642.226115731755272 ], [ 639971.178486770135351, 1839603.374125252244994 ], [ 639933.857792268274352, 1839562.222451138077304 ], [ 639871.395460827741772, 1839514.222256090026349 ], [ 639828.739781388314441, 1839461.652921058936045 ], [ 639802.080898651271127, 1839412.123009489616379 ], [ 639795.98726810561493, 1839386.218292638659477 ], [ 639796.754108277033083, 1839352.705058202845976 ], [ 639815.043413779349066, 1839306.234597933944315 ], [ 639844.002810535370372, 1839275.760809372644871 ], [ 639879.047657100716606, 1839242.24753406108357 ], [ 639943.810529809445143, 1839203.4054443417117 ], [ 640010.857443141052499, 1839156.944975053658709 ], [ 640045.910498994984664, 1839112.753914286615327 ], [ 640084.006358715705574, 1839062.484156475402415 ], [ 640119.818036257405765, 1839016.773523674346507 ], [ 640151.350112645537592, 1838966.563691617222503 ], [ 640174.826017978135496, 1838916.243909345474094 ], [ 640192.909217955428176, 1838846.128259130055085 ], [ 640229.957731448695995, 1838744.738815405638888 ], [ 640254.118129885522649, 1838667.754549347562715 ], [ 640292.791147647425532, 1838605.197283536661416 ], [ 640323.144068710855208, 1838563.235735528869554 ], [ 640376.304996368358843, 1838509.016799120465294 ], [ 640446.246302890242077, 1838462.376331581734121 ], [ 640537.461759791825898, 1838398.919211071217433 ], [ 640612.696865042671561, 1838340.071266581537202 ], [ 640665.091004709829576, 1838284.342508221277967 ], [ 640698.544378467951901, 1838262.926928353728727 ], [ 640836.208702631876804, 1838195.540607889881358 ], [ 640880.315803118865006, 1838171.045647453516722 ], [ 640954.091328314039856, 1838137.342446266673505 ], [ 641084.994130673352629, 1838103.479393851943314 ], [ 641260.762537406058982, 1838045.891052782768384 ], [ 641308.6708842322696, 1838022.155886459164321 ], [ 641355.053791011450812, 1837992.321950908983126 ], [ 641386.190100811189041, 1837959.498659123433754 ], [ 641390.651115968590602, 1837921.406478096498176 ], [ 641381.333278632955626, 1837854.410116552142426 ], [ 641367.472046715207398, 1837798.091480022761971 ], [ 641333.828907231101766, 1837747.16191360889934 ], [ 641300.202379886060953, 1837704.600589281413704 ], [ 641271.176994847599417, 1837671.167333484860137 ], [ 641252.013688059523702, 1837627.046293817227706 ], [ 641247.363082490162924, 1837595.842734221601859 ], [ 641255.658335715066642, 1837565.358892339514568 ], [ 641265.495589260826819, 1837540.194040683796629 ], [ 641293.49855484534055, 1837476.147066128440201 ], [ 641320.050098550273106, 1837439.524566523730755 ], [ 641344.358895049314015, 1837415.089477205416188 ], [ 641361.089700805256143, 1837407.421074151992798 ], [ 641386.214792618528008, 1837404.311699635582045 ], [ 641405.270945517346263, 1837411.110351223265752 ], [ 641432.721319397329353, 1837421.698149243136868 ], [ 641465.490307292086072, 1837431.516098739113659 ], [ 641502.052458356367424, 1837432.175985775189474 ], [ 641543.916592576773837, 1837425.207385774469003 ], [ 641600.227405647514388, 1837409.070687389699742 ], [ 641684.673158204415813, 1837374.567725350381806 ], [ 641753.097148895845748, 1837332.49628702388145 ], [ 641790.360143142519519, 1837311.830485601909459 ], [ 641806.282850129297003, 1837285.895796541357413 ], [ 641812.261059074429795, 1837242.474598884349689 ], [ 641807.585673956084065, 1837203.642549452837557 ], [ 641787.647234065225348, 1837154.192551397252828 ], [ 641748.677380138658918, 1837104.802694048034027 ], [ 641702.09657184605021, 1837058.472083304543048 ], [ 641670.79539353272412, 1837029.617897735675797 ], [ 641641.077384170843288, 1837022.839333239244297 ], [ 641612.909588832873851, 1837025.958716796012595 ], [ 641585.516900005750358, 1837036.696480168728158 ], [ 641552.063514869427308, 1837056.592417619656771 ], [ 641514.808759875362739, 1837078.777934862766415 ], [ 641474.503020839300007, 1837100.203616694780067 ], [ 641417.425342939444818, 1837116.350342630408704 ], [ 641355.762929720920511, 1837125.658450342947617 ], [ 641285.697931964765303, 1837124.328676658449695 ], [ 641246.076653914875351, 1837116.820188308367506 ], [ 641202.612864876515232, 1837097.89403366856277 ], [ 641156.089814082719386, 1837071.359469383489341 ], [ 641069.912511957809329, 1837028.948049103608355 ], [ 640993.671353922458366, 1836996.404732503229752 ], [ 640919.73092996655032, 1836971.469815500080585 ], [ 640877.792564816074446, 1836951.023911247961223 ], [ 640851.851062322501093, 1836932.817612035665661 ], [ 640831.962086183484644, 1836902.403889640932903 ], [ 640805.913467316189781, 1836843.835802104556933 ], [ 640789.76817459135782, 1836785.997546432772651 ], [ 640782.800378504907712, 1836745.655802325811237 ], [ 640787.277951986296102, 1836710.612902988214046 ], [ 640807.752347348723561, 1836677.80958154797554 ], [ 640835.079011849593371, 1836643.466568921227008 ], [ 640849.435050297062844, 1836602.304947944823653 ], [ 640865.308276606956497, 1836558.083889600588009 ], [ 640895.628324151504785, 1836503.934996835887432 ], [ 640927.46553087385837, 1836450.535834347363561 ], [ 640975.645970840705559, 1836408.234469776274636 ], [ 641030.381863557151519, 1836373.051641923375428 ], [ 641060.050450405222364, 1836360.794084567809477 ], [ 641085.183727689320222, 1836359.964268623385578 ], [ 641099.564499913714826, 1836364.433390586869791 ], [ 641140.389692708617076, 1836381.38990477565676 ], [ 641212.796402932028286, 1836413.773249036632478 ], [ 641289.820909782778472, 1836452.315416390541941 ], [ 641343.748719265102409, 1836461.573562014615163 ], [ 641393.058824657928199, 1836456.964460724266246 ], [ 641474.717493991251104, 1836442.357433476252481 ], [ 641544.05671568994876, 1836438.528292539995164 ], [ 641609.537014809320681, 1836444.707062405766919 ], [ 641701.214254913153127, 1836457.834330243989825 ], [ 641794.425377113395371, 1836478.660072856349871 ], [ 641859.138715871144086, 1836492.547224717447534 ], [ 641907.673742564045824, 1836487.938257489586249 ], [ 641924.618939770036377, 1836483.329150848323479 ], [ 641947.74025832884945, 1836471.771470361156389 ], [ 641962.384959283517674, 1836446.356723519042134 ], [ 641983.189219998195767, 1836418.632330174092203 ], [ 642007.085638514603488, 1836380.120119876461104 ], [ 642032.515856460435316, 1836360.094256606418639 ], [ 642063.338849565712735, 1836333.909572515869513 ], [ 642098.787682305090129, 1836296.93711465713568 ], [ 642137.320537928491831, 1836260.744491607183591 ], [ 642179.704117555404082, 1836215.303661748534068 ], [ 642220.554095339146443, 1836159.84499756526202 ], [ 642260.628915291745216, 1836125.192013440420851 ], [ 642296.844641038333066, 1836088.2295830512885 ], [ 642339.228251064894721, 1836057.425810620654374 ], [ 642386.237817550310865, 1836020.453360886545852 ], [ 642428.621498138527386, 1835966.54428339889273 ], [ 642470.246491485158913, 1835900.297842202475294 ], [ 642493.376116961473599, 1835847.148595950566232 ], [ 642518.047669884050265, 1835787.070831182878464 ], [ 642523.448664029594511, 1835749.318523548310623 ], [ 642529.624800301389769, 1835716.965172766707838 ], [ 642559.68085997866001, 1835659.966773844324052 ], [ 642598.221978262648918, 1835616.065624366514385 ], [ 642622.110235489206389, 1835582.172592041548342 ], [ 642654.483411306282505, 1835535.192150939721614 ], [ 642666.044092080672272, 1835515.16617300407961 ], [ 642679.921770549030043, 1835489.741389102768153 ], [ 642696.875228666351177, 1835475.884222102118656 ], [ 642726.156290975399315, 1835460.477313249139115 ], [ 642760.821789840003476, 1835453.5587801146321 ], [ 642787.785691108554602, 1835451.259256837423891 ], [ 642799.346319236792624, 1835452.798892282648012 ], [ 642829.386010572430678, 1835458.967605315614492 ], [ 642860.967564765596762, 1835472.854832144454122 ], [ 642903.334751649061218, 1835494.430486423661932 ], [ 642930.298641204019077, 1835508.307560773333535 ], [ 642966.497911245794967, 1835517.565735593205318 ], [ 642998.087724584387615, 1835519.115413284162059 ], [ 643036.612311049364507, 1835503.718586288392544 ], [ 643064.351326206931844, 1835489.091529836179689 ], [ 643084.388766772812232, 1835469.835468245437369 ], [ 643102.117240534396842, 1835443.65071501978673 ], [ 643118.295587595435791, 1835422.085138046648353 ], [ 643139.099907401017845, 1835407.448182257823646 ], [ 643169.155989013263024, 1835401.299351524328813 ], [ 643194.577946468954906, 1835400.529503383673728 ], [ 643286.255273572984152, 1835385.922553495503962 ], [ 643356.369668191298842, 1835360.527728068409488 ], [ 643405.679752735653892, 1835345.900673393858597 ], [ 643462.691538143204525, 1835337.442392679397017 ], [ 643511.234838503645733, 1835321.285654309904203 ], [ 643533.58110996556934, 1835308.958176817977801 ], [ 643564.404086020193063, 1835285.862907567759976 ], [ 643600.619807358249091, 1835258.138476877706125 ], [ 643634.526702614501119, 1835235.033233892638236 ], [ 643666.8834128677845, 1835216.557021547108889 ], [ 643701.565464643063024, 1835194.221569289220497 ], [ 643734.688948369934224, 1835178.824716994771734 ], [ 643766.278756133862771, 1835174.215636938810349 ], [ 643797.868649405660108, 1835178.07486762246117 ], [ 643835.618105762521736, 1835185.023444256978109 ], [ 643885.68684759340249, 1835200.440316394669935 ], [ 643925.745204901788384, 1835210.468191829742864 ], [ 644023.58218719670549, 1835208.18870917102322 ] ] } },
{ "type": "Feature", "properties": { "hy_use": 1.0, "hy_mriver": "แม่น้ำน่าน", "str_id": 0.0, "str_type": null, "str_name_t": "คลองโกรงเกรง", "str_name_e": null, "mod_date": null, "length": 23888.334, "source_layer": "major_river", "OBJECTID": null, "HY_USE": null, "HY_LNAME": null, "HY_MRIVER": null, "LENGTH": null }, "geometry": { "type": "LineString", "coordinates": [ [ 644130.695668639848009, 1835360.817651449237019 ], [ 644110.63351423444692, 1835378.633959933649749 ], [ 644137.580944772460498, 1835423.324871198507026 ], [ 644139.114663540618494, 1835450.289381440961733 ], [ 644119.077272963011637, 1835478.013809322845191 ], [ 644112.125987920095213, 1835518.075642467942089 ], [ 644129.062938329065219, 1835568.155471913749352 ], [ 644175.272650989703834, 1835608.237260694848374 ], [ 644198.377588574541733, 1835633.662065514130518 ], [ 644222.257476000813767, 1835645.229685119586065 ], [ 644247.679402372799814, 1835660.646570253185928 ], [ 644259.998695734189823, 1835676.823267940897495 ], [ 644263.841303376597352, 1835696.089407227234915 ], [ 644282.336771587491967, 1835691.470291134901345 ], [ 644301.599015823216178, 1835672.214266421506181 ], [ 644343.982650093501434, 1835626.773508990183473 ], [ 644375.193217976484448, 1835570.454929425846785 ], [ 644425.303134532063268, 1835538.661454829154536 ], [ 644483.972403713036329, 1835533.772442374844104 ], [ 644553.641508455039002, 1835528.883442674996331 ], [ 644581.751608778606169, 1835509.317406727233902 ], [ 644611.082086379290558, 1835475.084345865994692 ], [ 644651.412460999330506, 1835440.841371518326923 ], [ 644691.751193361822516, 1835437.172065757913515 ], [ 644745.522343161399476, 1835453.068879510741681 ], [ 644800.522065463941544, 1835478.753675226587802 ], [ 644854.301486076321453, 1835493.42060609976761 ], [ 644899.521637168712914, 1835493.420660952106118 ], [ 644949.631702834740281, 1835471.415170178981498 ], [ 644989.970371472998522, 1835433.502850246150047 ], [ 645007.690628586919047, 1835396.210408630082384 ], [ 645058.163464347366244, 1835359.747823234181851 ], [ 645164.130874147987925, 1835322.845395550597459 ], [ 645219.13065327401273, 1835302.059626881033182 ], [ 645264.350785435875878, 1835239.692263542208821 ], [ 645283.909987516468391, 1835182.224017647560686 ], [ 645291.240542774903588, 1835135.763406237121671 ], [ 645343.791281298617832, 1835130.864422070560977 ], [ 645382.901302275480703, 1835151.650208543986082 ], [ 645404.901230356656015, 1835193.231720445677638 ], [ 645430.570588632952422, 1835260.478075196733698 ], [ 645436.680667514912784, 1835288.602345849620178 ], [ 645408.570618429454044, 1835311.837566146627069 ], [ 645346.240262896521017, 1835331.403579851379618 ], [ 645303.460909874527715, 1835379.093863246263936 ], [ 645269.240613539004698, 1835451.229278740240261 ], [ 645267.847044333233498, 1835523.194577420130372 ], [ 645271.071223182487302, 1835541.110907224239781 ], [ 645293.071101981215179, 1835583.902203907491639 ], [ 645348.070830966462381, 1835602.248492892365903 ], [ 645403.070683925645426, 1835608.367204014910385 ], [ 645462.960261858999729, 1835599.799025559797883 ], [ 645513.07017279358115, 1835579.013214097823948 ], [ 645598.62909745995421, 1835539.891230521490797 ], [ 645698.849048582138494, 1835511.766885638004169 ], [ 645800.289487176924013, 1835501.978872048668563 ], [ 645874.848359368392266, 1835499.539351775776595 ], [ 645927.399202946340665, 1835499.539447490591556 ], [ 645993.398883673595265, 1835488.531680297106504 ], [ 646027.619119217270054, 1835512.986603238619864 ], [ 646049.61909288156312, 1835531.332911158911884 ], [ 646058.178199193673208, 1835569.235255009261891 ], [ 646048.398659761296585, 1835645.049729346530512 ], [ 646044.729289893992245, 1835684.171854231273755 ], [ 646036.178344600601122, 1835805.227122267941013 ], [ 646025.78852918476332, 1835863.315342507325113 ], [ 646027.009002219885588, 1835959.915641728788614 ], [ 646036.788475552806631, 1836044.278467345284298 ], [ 646063.678278710693121, 1836111.534771494567394 ], [ 646091.788269512238912, 1836188.569195572519675 ], [ 646118.677985194139183, 1836276.611243683146313 ], [ 646127.847419251222163, 1836370.152178918011487 ], [ 646131.508494634879753, 1836492.427255311748013 ], [ 646127.237154112546705, 1836558.113960202783346 ], [ 646126.396100076613948, 1836575.690352573525161 ], [ 646112.510135552147403, 1836637.317788142710924 ], [ 646097.082100240979344, 1836698.945203295443207 ], [ 646077.019985809107311, 1836819.120764688355848 ], [ 646063.109211087226868, 1836953.163525562267751 ], [ 646078.479480789392255, 1837074.888707844773307 ], [ 646110.79502858966589, 1837219.739205377409235 ], [ 646167.567612373270094, 1837413.789703671587631 ], [ 646162.677817954099737, 1837485.935110274702311 ], [ 646152.898250532220118, 1837560.51994090876542 ], [ 646136.398300120024942, 1837600.261752562364563 ], [ 646113.178040056140162, 1837685.854355768533424 ], [ 646048.398640138795599, 1837775.116249193437397 ], [ 645998.288628635229543, 1837891.282595928991213 ], [ 645982.398899218766019, 1838002.559957195073366 ], [ 645987.288677954813465, 1838074.695197315886617 ], [ 645960.399018696742132, 1838119.936024396447465 ], [ 645942.068544964073226, 1838141.95149152749218 ], [ 645872.407672057510354, 1838139.502072824863717 ], [ 645786.848768413998187, 1838118.71624336973764 ], [ 645701.29814247332979, 1838077.14474764210172 ], [ 645610.849450196372345, 1838068.58649414521642 ], [ 645502.688649948569946, 1838064.307300639338791 ], [ 645424.460361147299409, 1838080.204059973591939 ], [ 645349.909691846114583, 1838113.217376436339691 ], [ 645279.020223258063197, 1838158.458134438842535 ], [ 645183.689970558974892, 1838196.360485410084948 ], [ 645125.020735231693834, 1838250.169477914460003 ], [ 645090.800504579907283, 1838307.637858062051237 ], [ 645055.359906520112418, 1838330.873129875864834 ], [ 644979.580616370192729, 1838338.201539845904335 ], [ 644909.911413995432667, 1838330.873069389956072 ], [ 644856.140318149002269, 1838322.304790936876088 ], [ 644813.36083892302122, 1838269.725574332522228 ], [ 644808.47106939938385, 1838197.590253537287936 ], [ 644821.920077592949383, 1838138.89215755276382 ], [ 644851.250531356083229, 1838094.871100766584277 ], [ 644903.801307275309227, 1838033.733547079144046 ], [ 644961.250100606237538, 1837988.492768709780648 ], [ 645026.021176202688366, 1837929.804694251390174 ], [ 645098.749541107099503, 1837870.496737195644528 ], [ 645196.520506290020421, 1837794.682210254482925 ], [ 645295.520135492319241, 1837727.435943528544158 ], [ 645367.630068074213341, 1837678.515838333405554 ], [ 645440.960332946619019, 1837636.944382921559736 ], [ 645522.849771607667208, 1837588.034332313807681 ], [ 645602.298470099573024, 1837539.124200922669843 ], [ 645656.069618558976799, 1837480.436213502427563 ], [ 645690.298194718896411, 1837436.415198471397161 ], [ 645712.298106872010976, 1837385.055582780623809 ], [ 645708.628651455044746, 1837323.91808947478421 ], [ 645675.628829039400443, 1837299.463001797674224 ], [ 645608.408642133232206, 1837295.793777436949313 ], [ 645536.298718618461862, 1837304.351973602315411 ], [ 645477.629568827571347, 1837320.248741921968758 ], [ 645381.07903176615946, 1837328.807070332579315 ], [ 645312.630252556176856, 1837334.925798049196601 ], [ 645279.020134988357313, 1837326.977414180990309 ], [ 645222.799962772522122, 1837306.191696241265163 ], [ 645139.69013346452266, 1837257.271648609312251 ], [ 645011.36010714317672, 1837203.472615105798468 ], [ 644935.580715195741504, 1837176.568062575999647 ], [ 644879.360561459558085, 1837174.128542687278241 ], [ 644791.154823976568878, 1837187.265829706797376 ], [ 644763.423991708783433, 1837189.575400500092655 ], [ 644732.601033325074241, 1837196.493969466304407 ], [ 644693.309567268006504, 1837204.192440634127706 ], [ 644648.625392319750972, 1837195.7041603946127 ], [ 644607.800249223131686, 1837184.126458505401388 ], [ 644575.451781963114627, 1837174.108497999841347 ], [ 644536.935416140244342, 1837157.911788475001231 ], [ 644498.419076015474275, 1837130.167518608272076 ], [ 644466.845771751133725, 1837104.732643216848373 ], [ 644441.432022227440029, 1837077.7681882774923 ], [ 644419.860931432805955, 1837056.952433355851099 ], [ 644396.756103036459535, 1837042.315323336049914 ], [ 644373.651186802657321, 1837033.057248812867329 ], [ 644348.229300063452683, 1837023.809114435222 ], [ 644326.658113096375018, 1837021.489584802882746 ], [ 644307.395845337654464, 1837024.568987607955933 ], [ 644293.526350193889812, 1837033.037261559162289 ], [ 644274.2557836859487, 1837056.142514066305012 ], [ 644260.386264842236415, 1837077.70810909057036 ], [ 644257.294089145376347, 1837113.92084104847163 ], [ 644254.968818715191446, 1837146.274234951008111 ], [ 644254.193658132338896, 1837183.256698907120153 ], [ 644261.887012183316983, 1837214.840303465491161 ], [ 644271.889199612662196, 1837258.75128683145158 ], [ 644278.807495840126649, 1837286.495696059195325 ], [ 644293.435623663361184, 1837330.406725042033941 ], [ 644314.981978594092652, 1837412.080068452050909 ], [ 644313.431845021201298, 1837448.282750108279288 ], [ 644308.789389677578583, 1837489.884278518147767 ], [ 644297.220440913573839, 1837533.795365499798208 ], [ 644279.491932869772427, 1837577.706359945936128 ], [ 644254.828576529980637, 1837609.279999801656231 ], [ 644227.856483875541016, 1837633.15507775475271 ], [ 644194.724652302800678, 1837650.091685906052589 ], [ 644141.555472433217801, 1837687.823948165401816 ], [ 644116.900391000788659, 1837693.212911013979465 ], [ 644083.776810656534508, 1837698.591819744091481 ], [ 644059.888552606338635, 1837702.440986216068268 ], [ 644040.626263044308871, 1837703.200872933492064 ], [ 644027.531856654095463, 1837703.200791177339852 ], [ 644001.343112229951657, 1837703.190804186044261 ], [ 643966.669272929313593, 1837705.490405517397448 ], [ 643933.537547702901065, 1837713.958662708522752 ], [ 643906.573551764129661, 1837723.196819101460278 ], [ 643891.92899597750511, 1837740.133354297140613 ], [ 643890.387018881505355, 1837764.788345927372575 ], [ 643893.454504727385938, 1837797.921534803928807 ], [ 643898.063848057179712, 1837832.584469681838527 ], [ 643914.234046015189961, 1837854.92996125575155 ], [ 643944.273651164956391, 1837887.303336323704571 ], [ 643978.93083733972162, 1837920.436633880017325 ], [ 644008.195422179647721, 1837942.012248908635229 ], [ 644028.224529084516689, 1837955.11953587597236 ], [ 644068.282807250623591, 1837975.935359911760315 ], [ 644079.835271086543798, 1837985.183430225588381 ], [ 644102.173246753402054, 1837998.280805493472144 ], [ 644112.95055157202296, 1838003.679732805117965 ], [ 644129.904027867363766, 1838012.927754214964807 ], [ 644144.268287744256668, 1838023.955526920733973 ], [ 644193.471211139461957, 1838060.428147499915212 ], [ 644257.566167121869512, 1838132.863413991872221 ], [ 644309.795346706290729, 1838192.241263028699905 ], [ 644371.515491840196773, 1838251.619236576370895 ], [ 644411.870644535170868, 1838315.736140357330441 ], [ 644454.600702019408345, 1838377.493618072709069 ], [ 644506.829869282548316, 1838447.549316136864945 ], [ 644567.362546629970893, 1838518.804860352538526 ], [ 644625.5204988992773, 1838579.362507593119517 ], [ 644706.239140932331793, 1838637.550671037519351 ], [ 644775.669078586157411, 1838676.15277818380855 ], [ 644844.513624757877551, 1838702.267488344805315 ], [ 644948.963784664752893, 1838698.708255540346727 ], [ 645028.494882863247767, 1838703.457239694660529 ], [ 645099.706010758876801, 1838704.646955783013254 ], [ 645115.142249271622859, 1838720.083838469348848 ], [ 645108.017862093518488, 1838759.275845050811768 ], [ 645096.152114234864712, 1838835.270363269140944 ], [ 645098.518655000487342, 1838926.711848041741177 ], [ 645105.643018767936155, 1839134.519503612536937 ], [ 645114.548557312693447, 1839270.491827889811248 ], [ 645134.726142627419904, 1839379.739586707670242 ], [ 645162.019878896186128, 1839450.995137463789433 ], [ 645204.758072463097051, 1839506.803712857654318 ], [ 645209.499500944162719, 1839537.67746775271371 ], [ 645205.937248312984593, 1839572.120481516933069 ], [ 645173.893909598235041, 1839601.804341380251572 ], [ 645135.913581689586863, 1839610.112749460851774 ], [ 645082.496938285650685, 1839594.675838752416894 ], [ 645002.974086756817997, 1839574.489978114143014 ], [ 644891.399505111156031, 1839536.487677062861621 ], [ 644809.501772994175553, 1839511.552744224201888 ], [ 644727.595819131005555, 1839512.74253101577051 ], [ 644618.396085239714012, 1839545.995722503168508 ], [ 644481.308929265476763, 1839591.706418229499832 ], [ 644410.089557372499257, 1839617.831171641359106 ], [ 644335.308080205344595, 1839619.020840104669333 ], [ 644255.785066039650701, 1839629.708741274196655 ], [ 644189.315408496302553, 1839645.145558170741424 ], [ 644095.551902124658227, 1839667.710938184522092 ], [ 644042.135283389594406, 1839690.276339419418946 ], [ 643987.539501255028881, 1839736.586902713170275 ], [ 643947.176101120188832, 1839766.27086386969313 ], [ 643910.383139434386976, 1839793.58534696069546 ], [ 643899.704836938413791, 1839835.146905716974288 ], [ 643932.935579526005313, 1839896.894270916003734 ], [ 644006.529716858407483, 1839937.276067999424413 ], [ 644084.865274741430767, 1839980.017391801346093 ], [ 644131.157452696468681, 1840021.588964164024219 ], [ 644215.429967955686152, 1840065.52004239987582 ], [ 644312.76389726693742, 1840097.583525206660852 ], [ 644407.714773192303255, 1840154.58186644827947 ], [ 644472.997133619152009, 1840205.651511720847338 ], [ 644522.257767539122142, 1840248.992671465035528 ], [ 644561.425556458067149, 1840294.113465557573363 ], [ 644620.770926472265273, 1840317.868611278478056 ], [ 644686.053244938026182, 1840383.175305929966271 ], [ 644779.824968406232074, 1840453.24108514864929 ], [ 644867.659746613819152, 1840550.621286758687347 ], [ 644931.754635711316951, 1840633.744369705673307 ], [ 644962.618857153691351, 1840699.051063193473965 ], [ 644967.95395175635349, 1840787.523001838475466 ], [ 644962.025164161226712, 1840876.58496021782048 ], [ 644965.587364756735042, 1840937.142618786077946 ], [ 644953.713399853673764, 1841013.147124288603663 ], [ 644959.650391473202035, 1841039.271816745167598 ], [ 644937.097964778658934, 1841097.459951417054981 ], [ 644907.421210729167797, 1841122.394865358015522 ], [ 644893.180594290257432, 1841124.774392352672294 ], [ 644890.805820883018896, 1841154.458381125004962 ], [ 644894.368067386676557, 1841181.772810780443251 ], [ 644916.920460484107025, 1841179.393229500157759 ], [ 644958.463006057194434, 1841152.08881308301352 ], [ 644985.764945584814996, 1841111.707104693865404 ], [ 645007.12999773863703, 1841047.580071942647919 ], [ 645021.370525270700455, 1840978.714154436485842 ], [ 645028.494885957567021, 1840883.71340678515844 ], [ 645033.236256657866761, 1840778.025020597036928 ], [ 645023.745280375354923, 1840700.830707031534985 ], [ 645017.808310931315646, 1840643.832299295580015 ], [ 644982.202785467728972, 1840571.397042148280889 ], [ 644928.786167753860354, 1840520.337415928021073 ], [ 644826.710881253122352, 1840450.271635800134391 ], [ 644715.136392740299925, 1840338.64446065062657 ], [ 644640.363020872347988, 1840262.649831045651808 ], [ 644548.372376253944822, 1840193.17401241348125 ], [ 644496.143206545268185, 1840169.428901924053207 ], [ 644452.225864496780559, 1840144.493924672948197 ], [ 644410.683293584967032, 1840096.993554092943668 ], [ 644340.651342090917751, 1840042.364756163675338 ], [ 644269.431957093067467, 1840017.429763586493209 ], [ 644212.461478761164472, 1839984.176558397943154 ], [ 644118.697941689519212, 1839941.425259365234524 ], [ 644049.853387196315452, 1839892.735165583668277 ], [ 644005.936023443355225, 1839852.363369531463832 ], [ 643988.125030990340747, 1839811.99164910800755 ], [ 644039.166777028003708, 1839772.799587449291721 ], [ 644110.386149949394166, 1839744.305389034096152 ], [ 644259.941005349624902, 1839700.364279839443043 ], [ 644369.140706337289885, 1839690.866262878291309 ], [ 644449.851107098627836, 1839663.551831312011927 ], [ 644545.403904372127727, 1839645.145565865561366 ], [ 644618.998079698998481, 1839607.143340796697885 ], [ 644694.958768924116157, 1839588.147199577419087 ], [ 644754.304088746663183, 1839585.767699097283185 ], [ 644817.211644538096152, 1839592.896209385013208 ], [ 644915.733039269573055, 1839617.831090118270367 ], [ 645013.058676795568317, 1839655.83333938405849 ], [ 645100.893403630005196, 1839690.266395720886067 ], [ 645155.49746826721821, 1839691.456094179768115 ], [ 645218.404930966557004, 1839672.459995964542031 ], [ 645249.260877042426728, 1839624.95971092232503 ], [ 645264.697177967056632, 1839579.828809151425958 ], [ 645259.947491622180678, 1839519.27122921962291 ], [ 645237.395102596725337, 1839483.648438683710992 ], [ 645214.842779340222478, 1839438.517645615153015 ], [ 645197.040023363777436, 1839363.71288325637579 ], [ 645180.424638251308352, 1839240.20802244101651 ], [ 645164.988429022487253, 1839097.70700296247378 ], [ 645165.582140789483674, 1838977.171514505054802 ], [ 645169.144249820150435, 1838903.546496673952788 ], [ 645173.893913161475211, 1838802.6070485052187 ], [ 645186.95532142650336, 1838712.365445090224966 ], [ 645184.580487670609728, 1838664.865155630744994 ], [ 645170.331703790696338, 1838625.673035948304459 ], [ 645128.789135507773608, 1838613.795525378081948 ], [ 645070.631167350453325, 1838617.364819238660857 ], [ 644976.859447105787694, 1838631.611852512927726 ], [ 644917.514145746128634, 1838632.8016651654616 ], [ 644874.784193360828795, 1838632.801647065440193 ], [ 644820.180149395600893, 1838623.303576670354232 ], [ 644734.720260719768703, 1838578.17275943630375 ], [ 644684.874098325497471, 1838542.550015842076391 ], [ 644626.114242029376328, 1838494.459837887901813 ], [ 644576.268052582978271, 1838429.143118777545169 ], [ 644525.226342506939545, 1838378.083497492130846 ], [ 644468.255831838119775, 1838292.580874517327175 ], [ 644414.839213049272075, 1838213.017045491375029 ], [ 644345.994630188681185, 1838127.514452282572165 ], [ 644292.586361001129262, 1838066.956754725426435 ], [ 644252.2311536076013, 1838024.205492711625993 ], [ 644220.773278754204512, 1838012.927793622715399 ], [ 644176.295188519638032, 1837995.041441413108259 ], [ 644168.428671131143346, 1837986.753086995333433 ], [ 644156.101131931180134, 1837979.044656693469733 ], [ 644145.323756400495768, 1837972.106097469804808 ], [ 644132.996201049769297, 1837964.397681873291731 ], [ 644111.425126366782933, 1837951.290400829631835 ], [ 644090.629066779860295, 1837936.653298256685957 ], [ 644068.291049643070437, 1837925.085702810436487 ], [ 644048.270192217663862, 1837914.297917818650603 ], [ 644029.783022118150257, 1837901.960413235239685 ], [ 644012.837754038162529, 1837886.553548950934783 ], [ 644004.361055432353169, 1837883.464108818676323 ], [ 643984.340124528855085, 1837864.967944072559476 ], [ 643968.936953503056429, 1837851.870635477593169 ], [ 643956.617682808428071, 1837836.453723513055593 ], [ 643947.374020046903752, 1837821.816723844502121 ], [ 643940.44755137222819, 1837804.87010463885963 ], [ 643936.604925762163475, 1837777.125842746114358 ], [ 643951.249583333265036, 1837752.480783125618473 ], [ 643983.606278863386251, 1837735.544244989054278 ], [ 644015.196112188976258, 1837740.173372280551121 ], [ 644049.086532216053456, 1837746.352023626910523 ], [ 644084.52714580821339, 1837739.423523097066209 ], [ 644114.575028704944998, 1837739.433420877205208 ], [ 644146.931694865226746, 1837734.05459084128961 ], [ 644168.511111614992842, 1837727.125994516303763 ], [ 644213.195367868291214, 1837712.4989534097258 ], [ 644241.701243717805482, 1837697.102074832189828 ], [ 644268.673415620927699, 1837673.996824050787836 ], [ 644292.569820578093641, 1837647.042276624822989 ], [ 644311.8321433365345, 1837616.22856173873879 ], [ 644327.25181167840492, 1837586.19467241037637 ], [ 644341.896505956305191, 1837559.230130166746676 ], [ 644349.614581004716456, 1837521.487782144686207 ], [ 644354.248738934868015, 1837478.346588845364749 ], [ 644352.714972363784909, 1837452.921811173902825 ], [ 644353.498389178188518, 1837428.266779635800049 ], [ 644351.189573867130093, 1837401.302247817395255 ], [ 644348.888885663705878, 1837375.107577448477969 ], [ 644338.119822279317304, 1837336.585414111847058 ], [ 644326.575709715136327, 1837287.275555423460901 ], [ 644315.031540638301522, 1837251.062905662693083 ], [ 644305.796181944548152, 1837206.381956717697904 ], [ 644301.186769656836987, 1837170.939145800890401 ], [ 644305.054029747843742, 1837132.417030677665025 ], [ 644315.847852563951164, 1837109.311777500202879 ], [ 644328.17541637190152, 1837093.135059685679153 ], [ 644352.063638042309321, 1837085.436556119704619 ], [ 644374.401586600346491, 1837083.137044108007103 ] ] } },
{ "type": "Feature", "properties": { "hy_use": 1.0, "hy_mriver": "แม่น้ำน่าน", "str_id": 0.0, "str_type": null, "str_name_t": "คลองโกรงเกรง", "str_name_e": null, "mod_date": null, "length": 2572.717, "source_layer": "major_river", "OBJECTID": null, "HY_USE": null, "HY_LNAME": null, "HY_MRIVER": null, "LENGTH": null }, "geometry": { "type": "LineString", "coordinates": [ [ 646047.466852861223742, 1835211.278111957013607 ], [ 646042.8986817112891, 1835185.893258158816025 ], [ 646029.449707465944812, 1835166.32720213313587 ], [ 645978.119377964525484, 1835162.65794096654281 ], [ 645888.899279805249535, 1835181.004202248062938 ], [ 645852.23002228687983, 1835196.900940347695723 ], [ 645689.679683240014128, 1835226.245054996572435 ], [ 645627.349426332395524, 1835239.692330527585 ], [ 645533.239515042398125, 1835276.374784363200888 ], [ 645500.239701621816494, 1835278.824373102746904 ], [ 645480.680567143950611, 1835251.919748064130545 ], [ 645469.680626907618716, 1835165.107502812985331 ], [ 645439.129708707332611, 1835113.747891869163141 ], [ 645391.460545984795317, 1835086.843432503985241 ], [ 645340.130145189119503, 1835077.065406461944804 ], [ 645292.460911330068484, 1835079.514853670960292 ], [ 645249.681447594892234, 1835096.631439971970394 ], [ 645230.13055992743466, 1835134.533720349194482 ], [ 645222.800013102823868, 1835200.570237582782283 ], [ 645187.351167808985338, 1835234.803317487472668 ], [ 645142.130930726765655, 1835258.038516676519066 ], [ 645091.856032906915061, 1835277.134669405641034 ], [ 645062.690499673248269, 1835291.051791310776025 ], [ 645002.800844399258494, 1835322.845332248834893 ], [ 644951.462286883965135, 1835366.86634809221141 ], [ 644928.241947346134111, 1835412.107210673391819 ], [ 644884.24217875325121, 1835434.11275470093824 ], [ 644840.242318258271553, 1835435.342490270966664 ], [ 644839.24457621818874, 1835434.602556059602648 ], [ 644820.155432355124503, 1835425.074559793341905 ], [ 644787.806933499174193, 1835398.869907445041463 ], [ 644764.702175252139568, 1835378.833956454414874 ], [ 644733.120513694826514, 1835368.036108318949118 ], [ 644709.232347634388134, 1835366.496466255746782 ], [ 644663.014337322325446, 1835365.706673679873347 ], [ 644636.042205180390738, 1835379.563821375137195 ], [ 644603.677241705590859, 1835396.500394580885768 ], [ 644582.106163382995874, 1835415.756406293949112 ], [ 644565.919544341391884, 1835435.012526185251772 ], [ 644552.050091456272639, 1835456.578123763902113 ], [ 644528.161805554525927, 1835469.665512179024518 ], [ 644477.317996185622178, 1835461.947044106665999 ], [ 644448.036947676679119, 1835472.724870570003986 ], [ 644367.128792289178818, 1835515.846113594714552 ], [ 644314.734614881803282, 1835558.96732684969902 ], [ 644283.91170045081526, 1835574.364183153025806 ], [ 644260.798589577199891, 1835578.983259422238916 ], [ 644232.29272726632189, 1835574.354139098664746 ], [ 644191.467481883941218, 1835552.768529264256358 ], [ 644179.156494358205236, 1835519.635351341683418 ], [ 644192.267404488171451, 1835474.18459389032796 ], [ 644204.603181402082555, 1835445.690405655419454 ], [ 644203.836305505246855, 1835417.18613464711234 ], [ 644194.600951828993857, 1835388.671925773145631 ], [ 644189.983223976334557, 1835370.185773978941143 ], [ 644172.271230801008642, 1835346.300550143001601 ], [ 644159.176828677300364, 1835337.042509143706411 ], [ 644130.695668639848009, 1835360.817651449237019 ] ] } },
{ "type": "Feature", "properties": { "hy_use": 2.0, "hy_mriver": "แม่น้ำน่าน", "str_id": 0.0, "str_type": null, "str_name_t": "คลองยาง", "str_name_e": null, "mod_date": null, "length": 2282.914, "source_layer": "major_river", "OBJECTID": null, "HY_USE": null, "HY_LNAME": null, "HY_MRIVER": null, "LENGTH": null }, "geometry": { "type": "LineString", "coordinates": [ [ 646047.466852861223742, 1835211.278111957013607 ], [ 646097.238842652179301, 1835213.037671813275665 ], [ 646145.773860219167545, 1835213.047672387678176 ], [ 646181.981327500659972, 1835206.898960772901773 ], [ 646195.850845819455571, 1835199.200576451607049 ], [ 646220.514180666417815, 1835177.634962719632313 ], [ 646240.551539161708206, 1835167.626945462077856 ], [ 646252.103985524736345, 1835167.627007264643908 ], [ 646270.591184108983725, 1835171.486125270137563 ], [ 646283.693876563571393, 1835169.176639845129102 ], [ 646303.722990008536726, 1835158.398812730330974 ], [ 646334.545989601756446, 1835139.922583003528416 ], [ 646337.629857348860241, 1835129.904611963778734 ], [ 646342.255800316575915, 1835122.206173551734537 ], [ 646369.219729849603027, 1835106.039470718009397 ], [ 646403.126705002272502, 1835094.491798947099596 ], [ 646422.388949931482784, 1835084.483836433850229 ], [ 646430.098788211354986, 1835072.156342059606686 ], [ 646432.407684555626474, 1835059.059039011131972 ], [ 646436.266708892653696, 1835044.421990681206807 ], [ 646443.201463652658276, 1835030.554887304781005 ], [ 646449.369389927946031, 1835025.165937582263723 ], [ 646460.930026524933055, 1835015.157969023333862 ], [ 646464.013977641472593, 1835008.989282155176625 ], [ 646468.639865067321807, 1834993.592323792399839 ], [ 646469.414997425745241, 1834979.725227550137788 ], [ 646468.648149731103331, 1834965.848020303994417 ], [ 646472.507200145279057, 1834947.36181632662192 ], [ 646485.609795335447416, 1834927.335858164355159 ], [ 646492.544566832133569, 1834910.3893054460641 ], [ 646494.861678563640453, 1834894.212601608363912 ], [ 646497.178727149614133, 1834877.266087612137198 ], [ 646500.262726930202916, 1834873.416792999720201 ], [ 646509.506314653554, 1834873.416888069594279 ], [ 646518.749837665236555, 1834877.276105957571417 ], [ 646527.993447353830561, 1834878.815718638245016 ], [ 646538.012139169848524, 1834876.506170379463583 ], [ 646544.180027096997947, 1834867.26808181614615 ], [ 646550.347948357346468, 1834854.940574620617554 ], [ 646558.05783220124431, 1834838.763844286091626 ], [ 646561.141758578247391, 1834822.587194219231606 ], [ 646568.084820214658976, 1834800.251713913865387 ], [ 646581.179150752490386, 1834784.075016929535195 ], [ 646603.52542652504053, 1834770.987714902032167 ], [ 646618.170036530704238, 1834767.138508714968339 ], [ 646633.573217373108491, 1834759.440035955049098 ], [ 646635.123493907274678, 1834746.342748392140493 ], [ 646626.655030404450372, 1834733.245317068649456 ], [ 646618.178297638311051, 1834726.306757451267913 ], [ 646611.251720482832752, 1834717.828466500388458 ], [ 646607.400962225045078, 1834705.501061295159161 ], [ 646617.419693647651002, 1834687.014796812552959 ], [ 646635.139937575906515, 1834674.697287295712158 ], [ 646654.410559337120503, 1834662.369832161348313 ], [ 646669.822030332754366, 1834653.131704334868118 ], [ 646679.84073769650422, 1834643.893588064238429 ], [ 646689.859392429701984, 1834631.566054129740223 ], [ 646692.168236013967544, 1834615.389414525590837 ], [ 646692.951627921778709, 1834596.133259515045211 ], [ 646694.49359688279219, 1834586.885190005647019 ], [ 646702.970265715499409, 1834577.647025657584891 ], [ 646710.671948207658716, 1834575.33748874347657 ], [ 646720.690553968772292, 1834575.337554109282792 ], [ 646733.785043972078711, 1834576.887154312571511 ], [ 646745.33746389625594, 1834577.657044213730842 ], [ 646759.206936323782429, 1834575.347540059592575 ], [ 646767.683709474280477, 1834569.958562609739602 ], [ 646771.542712208116427, 1834560.720518520567566 ], [ 646771.54272274998948, 1834542.99407397932373 ], [ 646763.841075537959114, 1834530.666568840155378 ], [ 646754.605738441227004, 1834523.728069625329226 ], [ 646736.522594621172175, 1834518.459086140617728 ], [ 646723.436494034016505, 1834499.972832081373781 ], [ 646715.734853939618915, 1834477.627413130830973 ], [ 646711.892291145166382, 1834459.900973279727623 ], [ 646707.274611960863695, 1834436.025900216773152 ], [ 646706.516054031555541, 1834402.892637076321989 ], [ 646707.291066201636568, 1834382.866727495100349 ], [ 646699.589514676597901, 1834366.680024961009622 ], [ 646685.728251817869022, 1834350.503236775053665 ], [ 646677.25975676428061, 1834344.334533867426217 ], [ 646661.848243399406783, 1834337.39592831581831 ], [ 646647.211902164388448, 1834332.766874050488696 ], [ 646631.041745794471353, 1834325.058486273745075 ], [ 646617.172278361860663, 1834320.429395037703216 ], [ 646589.441473711282015, 1834318.879685521591455 ], [ 646554.000848108087666, 1834318.869743196293712 ], [ 646533.971668224548921, 1834318.099817318608984 ], [ 646507.007776901707985, 1834304.992498006671667 ], [ 646470.033428445691243, 1834288.035950592020527 ], [ 646413.805047438596375, 1834273.378931616200134 ], [ 646359.102138479240239, 1834264.890746705466881 ], [ 646290.546123519772664, 1834241.755366844823584 ], [ 646244.336481405305676, 1834204.762931304750964 ], [ 646189.649985713651404, 1834161.601729752263054 ], [ 646169.117861189879477, 1834158.912225616862997 ], [ 646127.204253957024775, 1834118.9303690767847 ], [ 646069.516315305721946, 1834046.255214241798967 ], [ 646044.473629669286311, 1834008.33292621280998 ], [ 645998.560758300125599, 1833956.163521610898897 ], [ 645979.125286690425128, 1833935.767709246138111 ], [ 645961.066923869308084, 1833927.489426175132394 ] ] } },
{ "type": "Feature", "properties": { "hy_use": 2.0, "hy_mriver": "แม่น้ำน่าน", "str_id": 0.0, "str_type": null, "str_name_t": "คลองบึงช้าง", "str_name_e": null, "mod_date": null, "length": 10044.909, "source_layer": "major_river", "OBJECTID": null, "HY_USE": null, "HY_LNAME": null, "HY_MRIVER": null, "LENGTH": null }, "geometry": { "type": "LineString", "coordinates": [ [ 645961.066923869308084, 1833927.489426175132394 ], [ 645946.809850565623492, 1833894.006145997205749 ], [ 645917.578348918352276, 1833884.468108074506745 ], [ 645889.789811865543015, 1833868.791332037420943 ], [ 645861.250966404099017, 1833853.884382223943248 ], [ 645834.921987729379907, 1833832.81868532137014 ], [ 645821.514306481694803, 1833805.454165945062414 ], [ 645812.534501561778598, 1833765.772243244340643 ], [ 645822.775917261606082, 1833732.709069416159764 ], [ 645843.101877441629767, 1833708.683926731813699 ], [ 645868.93613950535655, 1833694.526767499279231 ], [ 645895.669117854791693, 1833690.317636881256476 ], [ 645956.193682644283399, 1833693.287106515374035 ], [ 645981.607298829243518, 1833703.644975524628535 ], [ 646009.981313482974656, 1833707.064251629868522 ], [ 646046.996898652869277, 1833725.680499796988443 ], [ 646085.538010436110198, 1833744.26672526425682 ], [ 646104.041619659867138, 1833753.194903160212561 ], [ 646140.785105499206111, 1833752.664963250746951 ], [ 646169.258044020738453, 1833762.982866289559752 ], [ 646204.83059870544821, 1833783.478725481778383 ], [ 646245.77949883742258, 1833791.806964551797137 ], [ 646282.704312131390907, 1833804.294438776327297 ], [ 646315.300140302511863, 1833835.218182389158756 ], [ 646372.650025308947079, 1833830.569118061801419 ], [ 646464.690123202512041, 1833788.677688861498609 ], [ 646560.308986604446545, 1833782.718845029594377 ], [ 646611.449689819477499, 1833772.041055796900764 ], [ 646662.986186009133235, 1833735.318489954574034 ], [ 646696.274672670522705, 1833653.695149569073692 ], [ 646694.963530055014417, 1833561.843796016648412 ], [ 646655.1279463020619, 1833452.925945262890309 ], [ 646599.377694141236134, 1833354.965862037613988 ], [ 646561.925128021510318, 1833252.136860215570778 ], [ 646516.696612680796534, 1833194.598587204935029 ], [ 646480.373680160264485, 1833117.024305416969582 ], [ 646395.69710515672341, 1832977.362805299926549 ], [ 646346.85701291251462, 1832934.421467864420265 ], [ 646292.871458965586498, 1832906.867177882697433 ], [ 646205.630481043481268, 1832909.646573733305559 ], [ 646126.387873244355433, 1832936.041161874774843 ], [ 646032.566648456617258, 1833013.935314044822007 ], [ 645988.954414179315791, 1833069.68396312254481 ], [ 645937.162239931290969, 1833195.978234557667747 ], [ 645910.940475551178679, 1833289.759225474670529 ], [ 645862.628010156797245, 1833391.498493747785687 ], [ 645826.89057977241464, 1833462.443984211422503 ], [ 645730.059639714309014, 1833544.217435735743493 ], [ 645654.486460057203658, 1833559.844173694960773 ], [ 645590.935733611928299, 1833559.214343044674024 ], [ 645545.954665054334328, 1833518.512665976537392 ], [ 645474.347716088872403, 1833490.448387478711084 ], [ 645467.520122244372033, 1833440.778474903432652 ], [ 645495.17677734955214, 1833393.678089780500159 ], [ 645478.520170187344775, 1833353.346280479803681 ], [ 645465.541216942947358, 1833302.236624562181532 ], [ 645474.586911216960289, 1833238.559646237641573 ], [ 645491.828909487230703, 1833159.455691600451246 ], [ 645515.057453062036075, 1833016.724708163412288 ], [ 645549.764180517871864, 1832927.4228864912875 ], [ 645587.258026684401557, 1832871.764298807363957 ], [ 645610.709271263564005, 1832798.699158617062494 ], [ 645668.768278950359672, 1832682.26287348382175 ], [ 645719.010131923831068, 1832608.817840971285477 ], [ 645786.964199879672378, 1832542.001387616619468 ], [ 645862.158081521978602, 1832499.590015726862475 ], [ 645920.068580284598283, 1832480.393959584180266 ], [ 645967.531711802468635, 1832426.884826071094722 ], [ 646011.712904896819964, 1832410.948028804501519 ], [ 646068.180492293671705, 1832397.890677019022405 ], [ 646102.145123477792367, 1832363.717668776866049 ], [ 646181.890672604436986, 1832265.347683110274374 ], [ 646229.972196388291195, 1832201.120734062744305 ], [ 646266.319881196366623, 1832173.036462023155764 ], [ 646278.771075640805066, 1832133.054599458118901 ], [ 646327.759644906967878, 1832078.765717692673206 ], [ 646393.79230281454511, 1832038.773846838856116 ], [ 646436.514076548395678, 1832028.206011690432206 ], [ 646465.267359730089083, 1832004.070900446502492 ], [ 646499.537062653223984, 1831991.323457439430058 ], [ 646584.601166378124617, 1831997.002371595706791 ], [ 646655.531908172881231, 1831978.386147939832881 ], [ 646726.660647310432978, 1831973.537102489033714 ], [ 646780.943032826879062, 1831968.178239448228851 ], [ 646785.461766298627481, 1831962.749258049298078 ], [ 646798.102606645319611, 1831936.544582242844626 ], [ 646793.806475884048268, 1831903.68127630231902 ], [ 646778.040420807898045, 1831871.747816940071061 ], [ 646728.21901940240059, 1831814.2795011815615 ], [ 646644.968986026477069, 1831774.887536814669147 ], [ 646560.391447060275823, 1831749.292712289839983 ], [ 646487.151851978502236, 1831713.590050008846447 ], [ 646431.047048170003109, 1831698.313120318576694 ], [ 646306.279231761931442, 1831646.503720655106008 ], [ 646234.787721158470958, 1831626.087783126393333 ], [ 646157.326250847894698, 1831616.479732130886987 ], [ 646053.238933472079225, 1831618.729306343942881 ], [ 645985.218983470462263, 1831627.347516522742808 ], [ 645929.081305526313372, 1831663.370214091846719 ], [ 645880.307129094609991, 1831679.376959331566468 ], [ 645832.951290058204904, 1831686.945400509284809 ], [ 645799.275247388053685, 1831687.425320206442848 ], [ 645764.791131048928946, 1831685.615721683716401 ], [ 645737.818965569720604, 1831672.988232010276988 ], [ 645712.207400419050828, 1831648.853153750533238 ], [ 645701.025979490019381, 1831616.089822783367708 ], [ 645707.721668362617493, 1831548.623611852992326 ], [ 645758.705638278275728, 1831473.638854456599802 ], [ 645824.169412014074624, 1831393.075213161995634 ], [ 645872.349898956366815, 1831353.653290054062381 ], [ 645905.414737809216604, 1831341.27176234475337 ], [ 645962.460488248150796, 1831319.910096046049148 ], [ 646037.481203997740522, 1831319.600243954220787 ], [ 646106.754483562079258, 1831345.414951012469828 ], [ 646190.507511299918406, 1831366.420628156280145 ], [ 646297.645817047683522, 1831363.361321474658325 ], [ 646377.927299797418527, 1831356.082730323541909 ], [ 646472.078434269642457, 1831354.743037271080539 ], [ 646531.184663870371878, 1831365.380939007271081 ], [ 646572.784871395444497, 1831383.927059032022953 ], [ 646613.643103964044712, 1831403.253160446882248 ], [ 646630.126451248419471, 1831432.10735074384138 ], [ 646658.5911203174619, 1831441.655334723880515 ], [ 646720.888545739697292, 1831461.441332059446722 ], [ 646763.272162395063788, 1831480.737460455857217 ], [ 646793.847722541657276, 1831477.238124358467758 ], [ 646834.277086085174233, 1831466.710276573663577 ], [ 646889.458312542876229, 1831471.289340716786683 ], [ 646941.497822987963445, 1831469.779615420615301 ], [ 646992.201523414929397, 1831482.06718591786921 ], [ 647044.307041508378461, 1831485.156548655824736 ], [ 647078.32941647595726, 1831454.812725291587412 ], [ 647127.936372791067697, 1831444.154833365231752 ], [ 647168.374037136789411, 1831434.386839936953038 ], [ 647212.934536352637224, 1831391.645545974140987 ], [ 647237.663851700373925, 1831372.45942692970857 ], [ 647237.391748860944062, 1831334.637183730490506 ], [ 647272.80761082447134, 1831295.085174989420921 ], [ 647321.367397847818211, 1831264.541434629121795 ], [ 647356.271999509888701, 1831242.60590572305955 ], [ 647370.957845028024167, 1831198.754834059858695 ], [ 647381.265141787356697, 1831169.510804400546476 ], [ 647394.747179339989088, 1831148.655038032215089 ], [ 647428.917937204125337, 1831129.028973823646083 ], [ 647481.097600010340102, 1831137.467236943077296 ], [ 647540.632652558851987, 1831173.070001574233174 ], [ 647600.489249915350229, 1831236.527107742847875 ], [ 647681.26546235429123, 1831317.290702282218263 ], [ 647746.786989712854847, 1831348.514321414288133 ], [ 647786.457763994461857, 1831338.766292781569064 ], [ 647833.764095550170168, 1831273.779536186251789 ], [ 647892.301391379907727, 1831244.615482008550316 ], [ 647904.109487304347567, 1831213.821788115659729 ], [ 647887.625956864911132, 1831185.727452014107257 ], [ 647855.615605908446014, 1831141.78639139723964 ], [ 647854.403530184645206, 1831110.412838261807337 ], [ 647871.480617978377268, 1831073.42027673823759 ], [ 647901.685210550902411, 1831043.896349885966629 ], [ 647982.609860142110847, 1831028.199512158986181 ], [ 648056.294780177995563, 1830987.327823142753914 ], [ 648088.610247781383805, 1830953.544732444221154 ] ] } },
{ "type": "Feature", "properties": { "hy_use": 2.0, "hy_mriver": "แม่น้ำน่าน", "str_id": 0.0, "str_type": null, "str_name_t": "คลองวังทอง", "str_name_e": null, "mod_date": null, "length": 10912.387, "source_layer": "major_river", "OBJECTID": null, "HY_USE": null, "HY_LNAME": null, "HY_MRIVER": null, "LENGTH": null }, "geometry": { "type": "LineString", "coordinates": [ [ 644023.58218719670549, 1835208.18870917102322 ], [ 644068.274577683070675, 1835169.686515435343608 ], [ 644105.273726760759018, 1835127.325182014843449 ], [ 644123.777437584707513, 1835075.715660096378997 ], [ 644143.823025141842663, 1835014.858097321819514 ], [ 644152.316277905134484, 1834949.371407506288961 ], [ 644141.547218633349985, 1834907.769792596343905 ], [ 644113.824606371344998, 1834880.795348225394264 ], [ 644081.467953778570518, 1834868.45782429119572 ], [ 644049.111266348394565, 1834860.749458024045452 ], [ 644015.987671906361356, 1834864.588661746820435 ], [ 643985.172952834982425, 1834866.11832980834879 ], [ 643958.975917656091042, 1834859.179742139531299 ], [ 643939.721887331805192, 1834842.993049997836351 ], [ 643932.028525388333946, 1834821.417387575143948 ], [ 643925.093770839390345, 1834802.161327461479232 ], [ 643923.56007950566709, 1834779.815908466465771 ], [ 643929.73612877051346, 1834757.480398847255856 ], [ 643939.75486275088042, 1834728.206441406393424 ], [ 643954.407745688571595, 1834682.755651721265167 ], [ 643962.900935988756828, 1834616.499140781350434 ], [ 643964.46765132015571, 1834543.314080173615366 ], [ 643962.167039904161356, 1834494.004056057427078 ], [ 643959.874705736059695, 1834448.553280742606148 ], [ 643945.246652191737667, 1834413.110523822484538 ], [ 643939.095245101605542, 1834381.526979509508237 ], [ 643934.477512753335759, 1834353.79258025996387 ], [ 643934.48583583231084, 1834331.447137727402151 ], [ 643942.195623630657792, 1834316.810111316852272 ], [ 643958.382265154505149, 1834301.413258470362052 ], [ 643973.018584097037092, 1834289.085751049686223 ], [ 644052.384888186235912, 1834245.19474283256568 ], [ 644149.471492323791608, 1834179.748007823480293 ], [ 644226.446438651764765, 1834123.399496906204149 ], [ 644274.808241000515409, 1834079.06847324827686 ], [ 644288.273690407164395, 1834056.673050342360511 ], [ 644281.07512838835828, 1834035.347469969885424 ], [ 644244.999519859906286, 1833975.379591777687892 ], [ 644236.267187474877574, 1833899.705075829289854 ], [ 644242.072266887989827, 1833823.830505494493991 ], [ 644285.552596671623178, 1833705.31458449899219 ], [ 644315.245902705704793, 1833639.817984830588102 ], [ 644320.374813241069205, 1833623.661244207061827 ], [ 644323.565907774027437, 1833579.21025016461499 ], [ 644309.952014846378006, 1833537.29877993487753 ], [ 644257.871279378188774, 1833482.160075341816992 ], [ 644170.069545406848192, 1833391.538471104111522 ], [ 644119.02782787126489, 1833355.51577300275676 ], [ 644082.878036579233594, 1833343.78818347887136 ], [ 644038.688492472865619, 1833358.955067576142028 ], [ 644001.310063019278459, 1833368.683171596378088 ], [ 643961.334205013466999, 1833357.005533228162676 ], [ 643922.504613517899998, 1833318.513356554787606 ], [ 643880.409545425092801, 1833265.524150257231668 ], [ 643838.660779121681117, 1833237.019957900978625 ], [ 643741.590706108836457, 1833194.76850424380973 ], [ 643675.252889776951633, 1833159.735690720146522 ], [ 643603.563530371990055, 1833125.542589063523337 ], [ 643538.437917957897298, 1833121.873348497087136 ], [ 643478.878150960896164, 1833132.671150283887982 ], [ 643411.773442572331987, 1833151.23742794059217 ], [ 643373.529250576044433, 1833154.086749332025647 ], [ 643321.349546698154882, 1833145.638489068718627 ], [ 643299.803196042077616, 1833137.530132684856653 ], [ 643279.633846590295434, 1833119.443870315561071 ], [ 643268.419495782582089, 1833097.338366174139082 ], [ 643260.734353158390149, 1833082.201479852898046 ], [ 643253.040950324968435, 1833026.422766019124538 ], [ 643258.747076352126896, 1832996.478929551318288 ], [ 643304.940258736372925, 1832907.776985456701368 ], [ 643325.950723778107204, 1832871.524298865348101 ], [ 643375.178454909357242, 1832786.581556320656091 ], [ 643404.616053409990855, 1832757.067646340699866 ], [ 643433.517712141619995, 1832743.64039294118993 ], [ 643470.797254539793357, 1832727.033721452346072 ], [ 643495.658457848941907, 1832699.109432622790337 ], [ 643514.03017531009391, 1832645.260421220911667 ], [ 643529.878682227805257, 1832575.364611860830337 ], [ 643522.407989420113154, 1832534.892860871274024 ], [ 643504.456729014054872, 1832510.657798708649352 ], [ 643479.719208015827462, 1832494.161177382804453 ], [ 643474.870674775447696, 1832475.854810018092394 ], [ 643472.842166416230612, 1832441.441817970946431 ], [ 643474.540787842357531, 1832399.30046173138544 ], [ 643484.757473495672457, 1832363.947586394846439 ], [ 643507.771591904223897, 1832313.847850203281268 ], [ 643534.826225771801546, 1832278.245025476440787 ], [ 643543.641020824434236, 1832252.090385507559404 ], [ 643547.895839675678872, 1832228.295270626433194 ], [ 643542.239251164486632, 1832207.709380908170715 ], [ 643521.979205837007612, 1832182.734549052314833 ], [ 643507.796330212731846, 1832154.610247909557074 ], [ 643505.116471367306076, 1832127.855703445384279 ], [ 643506.938728080829605, 1832094.142583620501682 ], [ 643517.180111184250563, 1832061.06929290224798 ], [ 643572.204629472224042, 1831946.982557423878461 ], [ 643607.909160554874688, 1831873.737367074238136 ], [ 643615.816855684272014, 1831837.644743476295844 ], [ 643608.428605770692229, 1831802.531935433391482 ], [ 643589.776517707272433, 1831782.895911838393658 ], [ 643565.855326229706407, 1831770.218541076174006 ], [ 643539.732515128329396, 1831763.699788476806134 ], [ 643502.972533987951465, 1831762.700065959710628 ], [ 643467.152539088041522, 1831773.927762637380511 ], [ 643421.454139343230054, 1831790.654287875629961 ], [ 643384.141651080921292, 1831804.971464066999033 ], [ 643345.196530026500113, 1831811.650064799003303 ], [ 643310.019782712450251, 1831814.449496467597783 ], [ 643278.611347734811716, 1831813.359672614838928 ], [ 643177.533808076754212, 1831811.739997153636068 ], [ 643136.865288814995438, 1831805.43132824357599 ], [ 643104.500307146576233, 1831790.58435698505491 ], [ 643088.165315879974514, 1831772.438032750971615 ], [ 643081.700585827697068, 1831748.802811913192272 ], [ 643079.721573068760335, 1831717.43924976256676 ], [ 643064.169942509150133, 1831700.822614678414539 ], [ 643035.466111455578357, 1831674.437965767225251 ], [ 642993.107208739034832, 1831656.661651127273217 ], [ 642938.717622785130516, 1831654.372115636477247 ], [ 642887.337758376961574, 1831648.223362788558006 ], [ 642847.27117490011733, 1831630.416928496444598 ], [ 642822.212078124983236, 1831590.965023886645213 ], [ 642814.741378095932305, 1831550.493250656640157 ], [ 642827.86047792120371, 1831503.602790327509865 ], [ 642854.560520036146045, 1831443.505031066946685 ], [ 642880.790553773753345, 1831404.092962136724964 ], [ 642884.946433492703363, 1831373.409227994037792 ], [ 642876.849062961293384, 1831342.13563485420309 ], [ 642854.189452074468136, 1831310.30207609734498 ], [ 642818.567380564752966, 1831281.717893240507692 ], [ 642756.707106746383943, 1831238.966672844719142 ], [ 642717.761941779404879, 1831192.046118653845042 ], [ 642697.378266177838668, 1831158.653017812175676 ], [ 642688.918039000942372, 1831102.124446121277288 ], [ 642698.178143496857956, 1831053.764263300225139 ], [ 642702.202070017927326, 1831013.892436526948586 ], [ 642699.513902111677453, 1830986.368042022222653 ], [ 642685.446524654864334, 1830965.902254382614046 ], [ 642636.55686168000102, 1830919.891591122606769 ], [ 642601.553274913690984, 1830881.34943991038017 ], [ 642577.854794495739043, 1830830.389834950212389 ], [ 642549.926028338493779, 1830750.406091533601284 ], [ 642509.636833116528578, 1830663.703703406266868 ], [ 642493.524501843494363, 1830607.275167770916596 ], [ 642500.376755280070938, 1830551.296599646797404 ], [ 642519.548431062954478, 1830499.727069559041411 ], [ 642534.456823218613863, 1830471.182914085453376 ], [ 642536.394676183583215, 1830445.898001540452242 ], [ 642529.905113274115138, 1830420.723192152101547 ], [ 642497.449509501457214, 1830399.747390384785831 ], [ 642454.216597628197633, 1830374.332607147283852 ], [ 642394.714516955427825, 1830335.370576398679987 ], [ 642362.695978010888211, 1830291.429436136037111 ], [ 642340.382660979172215, 1830229.732054530177265 ], [ 642343.804668195312843, 1830147.768730701645836 ], [ 642366.711678293766454, 1830090.020471509546041 ], [ 642392.900446582934819, 1830047.539184386609122 ], [ 642394.096102084149607, 1830023.793922589160502 ], [ 642389.297036284347996, 1829955.717777606332675 ], [ 642395.423668072209693, 1829902.038803176255897 ], [ 642403.257280079298653, 1829861.357076593674719 ], [ 642426.6919703069143, 1829840.35125247691758 ], [ 642470.032037177239545, 1829819.055658071069047 ], [ 642514.732764117070474, 1829786.262316567823291 ], [ 642574.251344776945189, 1829718.805998983792961 ], [ 642616.156714044278488, 1829650.839872585609555 ], [ 642626.884533577482216, 1829597.860707829706371 ], [ 642621.772123581729829, 1829561.957981999730691 ], [ 642612.305898637510836, 1829542.181954035535455 ], [ 642591.518126550363377, 1829534.063650146825239 ], [ 642561.066157213645056, 1829545.981265515089035 ], [ 642497.350561479339376, 1829587.462724899174646 ], [ 642424.48205852531828, 1829631.373809170909226 ], [ 642377.167415018193424, 1829642.001697641564533 ], [ 642341.001077338587493, 1829636.442777855787426 ], [ 642281.301147945108823, 1829613.09757679165341 ], [ 642214.575801271013916, 1829611.957765410887077 ], [ 642156.302483571693301, 1829607.0387755157426 ], [ 642118.874577386188321, 1829579.214493239298463 ], [ 642097.65800121659413, 1829533.073894273256883 ], [ 642117.052225049003027, 1829494.061777263414115 ], [ 642172.522004002588801, 1829449.880746594397351 ], [ 642225.724262863397598, 1829400.320830809185281 ], [ 642260.340303546749055, 1829382.87447456875816 ], [ 642292.853623363887891, 1829330.135182327125221 ], [ 642316.197587267379276, 1829270.43732369528152 ], [ 642322.66232178977225, 1829211.409335560398176 ], [ 642322.934474984416738, 1829163.08919556136243 ], [ 642329.259037933312356, 1829129.365984555101022 ], [ 642343.169737936928868, 1829110.26990015571937 ], [ 642358.564759870991111, 1829101.151809982489794 ], [ 642377.018957221531309, 1829092.823475503595546 ], [ 642411.56907409359701, 1829086.874656877014786 ], [ 642507.732106534065679, 1829035.255173458950594 ], [ 642537.04608752054628, 1829006.27103295433335 ], [ 642550.25592066324316, 1828975.667317442363128 ], [ 642550.453846033778973, 1828940.384467804338783 ], [ 642554.428300211089663, 1828914.329804148990661 ], [ 642550.717681344482116, 1828892.824190881336108 ], [ 642533.178738908027299, 1828874.317921759793535 ], [ 642510.997469103429466, 1828862.6903078884352 ], [ 642474.996038680663332, 1828854.052084255963564 ], [ 642419.955121349077672, 1828821.528725678799674 ], [ 642363.495772080146708, 1828766.759857916040346 ], [ 642325.647328143706545, 1828677.567955898586661 ], [ 642273.104855400859378, 1828608.24209330463782 ], [ 642244.203197484719567, 1828564.361023539677262 ], [ 642229.121486152871512, 1828518.250401596538723 ], [ 642234.7781031136401, 1828466.131048578768969 ], [ 642258.01495981332846, 1828427.138907951768488 ], [ 642284.962354843039066, 1828408.882631831103936 ], [ 642326.463651970610954, 1828393.775756932795048 ], [ 642368.880319040734321, 1828352.584160995204002 ], [ 642403.603579032234848, 1828315.201778504066169 ], [ 642421.439271881827153, 1828280.778796279337257 ], [ 642411.569053623010404, 1828263.082366664893925 ], [ 642394.7887585000135, 1828245.346005194121972 ], [ 642367.338369705015793, 1828216.811748821521178 ], [ 642330.636086293729022, 1828196.665924134897068 ], [ 642307.737329262774438, 1828175.83007489470765 ], [ 642297.867154652602039, 1828157.363918303977698 ], [ 642288.763679013354704, 1828140.437341186683625 ], [ 642282.785446277121082, 1828111.263247941853479 ], [ 642278.431619167677127, 1828067.512140204198658 ], [ 642290.132494702935219, 1828031.529538842849433 ], [ 642304.076229566941038, 1828007.824260271852836 ], [ 642346.616533106542192, 1827943.637426221510395 ], [ 642393.914726513088681, 1827852.625856355763972 ] ] } },
{ "type": "Feature", "properties": { "hy_use": null, "hy_mriver": null, "str_id": null, "str_type": null, "str_name_t": null, "str_name_e": null, "mod_date": null, "length": null, "source_layer": "minor_stream", "OBJECTID": 576749.0, "HY_USE": 2.0, "HY_LNAME": "คลองเป็ด", "HY_MRIVER": null, "LENGTH": 0.014 }, "geometry": { "type": "LineString", "coordinates": [ [ 645119.793000001460314, 1843386.893999999389052 ], [ 645080.691200001514517, 1843403.820499999681488 ], [ 645055.343400000361726, 1843417.897600001189858 ], [ 645042.884000000427477, 1843435.994000001111999 ], [ 645034.803000001818873, 1843466.337799999862909 ], [ 645027.554900001268834, 1843492.1225 ], [ 645001.250700001139194, 1843519.136999999638647 ], [ 644987.12560000072699, 1843546.341499999398366 ], [ 644989.005600000964478, 1843573.02610000083223 ], [ 644994.687000001431443, 1843599.770599999697879 ], [ 645004.276900001103058, 1843620.486400000518188 ], [ 644994.035600002156571, 1843642.411900000181049 ], [ 644967.50050000147894, 1843634.393600000301376 ], [ 644951.017000002088025, 1843616.62720000022091 ], [ 644931.053800000343472, 1843626.985099999699742 ], [ 644918.536600001854822, 1843648.880599999567494 ], [ 644913.589100001496263, 1843673.945499999448657 ], [ 644916.203100000624545, 1843702.1598 ], [ 644927.854400001000613, 1843737.372600000584498 ], [ 644919.105600001872517, 1843761.61769999936223 ], [ 644906.134900000877678, 1843762.937400000402704 ], [ 644884.473100002855062, 1843735.193100000498816 ], [ 644869.036800001282245, 1843698.40059999935329 ], [ 644839.294100000523031, 1843700.99 ], [ 644792.903000000747852, 1843696.48090000031516 ], [ 644730.333499999251217, 1843703.899399999296293 ], [ 644678.162000000476837, 1843729.004300000146031 ], [ 644626.543000000994653, 1843767.826400000834838 ], [ 644569.448800002224743, 1843815.696699999272823 ], [ 644515.974500000476837, 1843875.814400000264868 ], [ 644483.362200001254678, 1843917.206000000238419 ], [ 644480.921400001388974, 1843977.343800001079217 ], [ 644485.473100003320724, 1844028.443399999057874 ], [ 644477.392200001515448, 1844058.787200000137091 ], [ 644457.132200000807643, 1844088.941099999472499 ], [ 644414.897000000695698, 1844111.906400000210851 ], [ 644370.427100001717918, 1844131.032500000903383 ], [ 644347.140900000929832, 1844159.626700000604615 ], [ 644353.729299999773502, 1844177.243100000312552 ], [ 644369.429400000604801, 1844196.519200001144782 ], [ 644400.417300001601689, 1844212.225999999325722 ], [ 644417.956200001412071, 1844210.9662 ] ] } },
{ "type": "Feature", "properties": { "hy_use": null, "hy_mriver": null, "str_id": null, "str_type": null, "str_name_t": null, "str_name_e": null, "mod_date": null, "length": null, "source_layer": "minor_stream", "OBJECTID": 576851.0, "HY_USE": 2.0, "HY_LNAME": null, "HY_MRIVER": null, "LENGTH": 0.007 }, "geometry": { "type": "LineString", "coordinates": [ [ 646257.356700001168065, 1843403.790500000119209 ], [ 646224.901000001700595, 1843422.656699999701232 ], [ 646184.496400001342408, 1843462.188599999761209 ], [ 646160.443200001725927, 1843482.684499999275431 ], [ 646135.746900001307949, 1843491.63260000012815 ], [ 646096.570900001446716, 1843489.673000000417233 ], [ 646049.289300002041273, 1843455.339999999618158 ], [ 645976.239300001645461, 1843386.903999998699874 ], [ 645928.314500001724809, 1843340.263499999186024 ], [ 645893.879800001857802, 1843326.0562999995891 ], [ 645817.185200001578778, 1843310.6095 ], [ 645776.722900002147071, 1843284.804699999745935 ], [ 645765.665200001560152, 1843241.643500000471249 ], [ 645783.954500001855195, 1843184.955100000137463 ], [ 645813.012800001422875, 1843128.3966 ], [ 645826.346400002134033, 1843103.941600000252947 ] ] } },
{ "type": "Feature", "properties": { "hy_use": null, "hy_mriver": null, "str_id": null, "str_type": null, "str_name_t": null, "str_name_e": null, "mod_date": null, "length": null, "source_layer": "minor_stream", "OBJECTID": 576862.0, "HY_USE": 2.0, "HY_LNAME": "คลองเป็ด", "HY_MRIVER": null, "LENGTH": 0.004 }, "geometry": { "type": "LineString", "coordinates": [ [ 645119.793000001460314, 1843386.893999999389052 ], [ 645151.795100000570528, 1843361.759099999442697 ], [ 645171.189300000900403, 1843345.0625 ], [ 645182.263500002212822, 1843316.738199999323115 ], [ 645178.635300001129508, 1843296.712300001177937 ], [ 645174.998900001635775, 1843277.456200000131503 ], [ 645185.190700002247468, 1843259.119999999646097 ], [ 645200.544500001240522, 1843260.819599999114871 ], [ 645234.286500002024695, 1843268.108100000303239 ], [ 645254.19200000166893, 1843275.2467 ], [ 645285.889000002178364, 1843258.680099999532104 ], [ 645324.759900001809001, 1843218.358300000429153 ], [ 645350.627100001438521, 1843172.517599999671802 ], [ 645361.85800000175368, 1843129.596300000790507 ], [ 645362.410400001332164, 1843078.106799999484792 ] ] } },
{ "type": "Feature", "properties": { "hy_use": null, "hy_mriver": null, "str_id": null, "str_type": null, "str_name_t": null, "str_name_e": null, "mod_date": null, "length": null, "source_layer": "minor_stream", "OBJECTID": 576931.0, "HY_USE": 2.0, "HY_LNAME": "คลองเป็ด", "HY_MRIVER": null, "LENGTH": 0.007 }, "geometry": { "type": "LineString", "coordinates": [ [ 645826.346400002134033, 1843103.941600000252947 ], [ 645837.816300001577474, 1843109.450400000205263 ], [ 645853.846300001256168, 1843119.618399999802932 ], [ 645885.469100000453182, 1843109.960300000617281 ], [ 645916.242600001511164, 1843107.220899999374524 ], [ 645947.477800001390278, 1843132.925699999323115 ], [ 645985.862199999857694, 1843137.954600000521168 ], [ 646002.114800001843832, 1843127.376800000667572 ], [ 646019.373300001723692, 1843095.273299999069422 ], [ 646039.501400000997819, 1843082.425899998750538 ], [ 646082.379800001741387, 1843097.5029 ], [ 646135.433600001502782, 1843096.533099999418482 ], [ 646176.382500000763685, 1843076.9969999990426 ], [ 646199.437800001120195, 1843077.2469999990426 ], [ 646233.5591000020504, 1843049.942500001285225 ], [ 646243.784000001382083, 1843028.536899999715388 ], [ 646276.792100002174266, 1843032.735999999800697 ], [ 646318.408900002134033, 1843022.428099999437109 ], [ 646328.675000000977889, 1842997.173300000140443 ], [ 646338.908100000815466, 1842974.987799999769777 ], [ 646333.754400001256727, 1842954.181999999796972 ], [ 646331.709400001913309, 1842930.32689999951981 ], [ 646338.174200002336875, 1842901.192799999611452 ], [ 646340.309800001094118, 1842877.497600000817329 ] ] } },
{ "type": "Feature", "properties": { "hy_use": null, "hy_mriver": null, "str_id": null, "str_type": null, "str_name_t": null, "str_name_e": null, "mod_date": null, "length": null, "source_layer": "minor_stream", "OBJECTID": 576935.0, "HY_USE": 2.0, "HY_LNAME": "คลองเป็ด", "HY_MRIVER": null, "LENGTH": 0.005 }, "geometry": { "type": "LineString", "coordinates": [ [ 645826.346400002134033, 1843103.941600000252947 ], [ 645831.442300002090633, 1843059.420600000536069 ], [ 645824.169500001473352, 1843021.678300000960007 ], [ 645799.910200000740588, 1842990.664599998854101 ], [ 645756.001100001623854, 1842999.412799998419359 ], [ 645732.714800001238473, 1843019.908700000727549 ], [ 645689.498300001141615, 1843035.585499999811873 ], [ 645662.649900001008064, 1843030.686499999603257 ], [ 645661.998400001088157, 1843019.918700000504032 ], [ 645662.905500002438203, 1843006.86130000045523 ], [ 645675.703000001725741, 1842960.870699999388307 ], [ 645711.20960000064224, 1842947.42339999973774 ], [ 645729.144400001270697, 1842923.788200000766665 ], [ 645719.331800001789816, 1842907.541500000515953 ], [ 645697.983300001942553, 1842891.164899999508634 ], [ 645667.457200002158061, 1842870.848999999230728 ], [ 645646.875599999795668, 1842860.581100000301376 ] ] } },
{ "type": "Feature", "properties": { "hy_use": null, "hy_mriver": null, "str_id": null, "str_type": null, "str_name_t": null, "str_name_e": null, "mod_date": null, "length": null, "source_layer": "minor_stream", "OBJECTID": 576936.0, "HY_USE": 2.0, "HY_LNAME": "คลองเป็ด", "HY_MRIVER": null, "LENGTH": 0.004 }, "geometry": { "type": "LineString", "coordinates": [ [ 645362.410400001332164, 1843078.106799999484792 ], [ 645361.330200000549667, 1843036.585300000850111 ], [ 645352.589600000763312, 1842991.904399999883026 ], [ 645356.795000001089647, 1842958.131200000178069 ], [ 645364.801700001698919, 1842929.007200001273304 ], [ 645391.188400001614355, 1842905.461999999126419 ], [ 645432.17030000151135, 1842883.616399999475107 ], [ 645460.61020000197459, 1842883.156499999808148 ], [ 645486.81550000119023, 1842877.297700001159683 ], [ 645505.360400001518428, 1842868.269500000635162 ], [ 645528.407500001369044, 1842869.289299999829382 ], [ 645546.606100001721643, 1842892.544600000604987 ], [ 645562.619500000961125, 1842904.2522 ], [ 645588.808300000615418, 1842899.153200000990182 ], [ 645619.614800001727417, 1842893.344399999827147 ], [ 645641.416800001054071, 1842868.209499998949468 ], [ 645646.875599999795668, 1842860.581100000301376 ] ] } },
{ "type": "Feature", "properties": { "hy_use": null, "hy_mriver": null, "str_id": null, "str_type": null, "str_name_t": null, "str_name_e": null, "mod_date": null, "length": null, "source_layer": "minor_stream", "OBJECTID": 576978.0, "HY_USE": 2.0, "HY_LNAME": null, "HY_MRIVER": null, "LENGTH": 0.001 }, "geometry": { "type": "LineString", "coordinates": [ [ 645646.875599999795668, 1842860.581100000301376 ], [ 645644.723400000948459, 1842846.72389999893494 ], [ 645630.359100001514889, 1842824.278500000247732 ], [ 645626.821700002066791, 1842796.564099998911843 ], [ 645632.569000001414679, 1842762.041099999332801 ], [ 645625.081800000974908, 1842744.274800000712276 ], [ 645599.214600001461804, 1842719.399800000712276 ] ] } },
{ "type": "Feature", "properties": { "hy_use": null, "hy_mriver": null, "str_id": null, "str_type": null, "str_name_t": null, "str_name_e": null, "mod_date": null, "length": null, "source_layer": "minor_stream", "OBJECTID": 577030.0, "HY_USE": 2.0, "HY_LNAME": null, "HY_MRIVER": null, "LENGTH": 0.015 }, "geometry": { "type": "LineString", "coordinates": [ [ 645599.214600001461804, 1842719.399800000712276 ], [ 645579.399800001177937, 1842703.812999999383464 ], [ 645568.037100002286024, 1842688.316199999302626 ], [ 645532.043900000746362, 1842604.903100000694394 ], [ 645504.065800001844764, 1842562.331800000276417 ], [ 645465.76380000077188, 1842550.384199999272823 ], [ 645416.676300002261996, 1842540.626199999591336 ], [ 645378.160000002128072, 1842548.664599999552593 ], [ 645361.775500001152977, 1842570.770099999615923 ], [ 645362.196000001509674, 1842603.063499999465421 ], [ 645377.195200001937337, 1842637.046599999302998 ], [ 645389.225900001241826, 1842661.771600000560284 ], [ 645388.129200002294965, 1842691.7455 ], [ 645386.207900001201779, 1842727.078299999237061 ], [ 645381.491300000809133, 1842737.016200000420213 ], [ 645373.360900001134723, 1842777.668 ], [ 645359.35950000223238, 1842792.894899999722838 ], [ 645345.514700001454912, 1842794.284600000595674 ], [ 645322.525300000794232, 1842787.11600000038743 ], [ 645308.754700002027676, 1842781.57719999877736 ], [ 645284.982000001473352, 1842775.938300000503659 ], [ 645220.986000001081266, 1842653.033299999544397 ], [ 645185.825700001325458, 1842634.197200000518933 ], [ 645087.461000001057982, 1842632.367500000167638 ], [ 645049.10130000137724, 1842625.798900000983849 ], [ 645006.190000001224689, 1842613.031500000273809 ], [ 645002.141300001530908, 1842632.207599999150261 ], [ 644988.93970000196714, 1842644.365099999355152 ], [ 644984.948700001230463, 1842658.152299999725074 ], [ 644998.438900001114234, 1842689.815799999516457 ], [ 644993.087300000479445, 1842758.171900000888854 ], [ 644982.252300001098774, 1842764.970500000286847 ], [ 644959.089700003154576, 1842773.938699999824166 ], [ 644922.090600001742132, 1842783.536800000118092 ], [ 644865.144800001755357, 1842789.8355 ], [ 644832.83760000159964, 1842791.785099999746308 ], [ 644810.483100001234561, 1842797.693900000536814 ], [ 644792.5484000017168, 1842821.329099999507889 ], [ 644771.25760000187438, 1842799.5735 ], [ 644744.466900001978502, 1842789.285599999362603 ], [ 644721.91450000135228, 1842813.6406 ], [ 644697.284100001328625, 1842816.450099998619407 ], [ 644674.17100000125356, 1842821.578999999677762 ], [ 644670.204800002044067, 1842832.296799999894574 ], [ 644669.231800000998192, 1842851.502900000428781 ], [ 644652.286600002087653, 1842854.392300000647083 ], [ 644628.480800000950694, 1842852.602700000628829 ], [ 644580.061200002441183, 1842852.072799999266863 ] ] } },
{ "type": "Feature", "properties": { "hy_use": null, "hy_mriver": null, "str_id": null, "str_type": null, "str_name_t": null, "str_name_e": null, "mod_date": null, "length": null, "source_layer": "minor_stream", "OBJECTID": 577032.0, "HY_USE": 2.0, "HY_LNAME": null, "HY_MRIVER": null, "LENGTH": 0.008 }, "geometry": { "type": "LineString", "coordinates": [ [ 645734.594900001655333, 1842524.249500000616536 ], [ 645775.914800002472475, 1842541.6160000001546 ], [ 645811.907900000689551, 1842554.3034 ], [ 645850.077900001313537, 1842578.548499999567866 ], [ 645897.285400001448579, 1842619.800100000808015 ], [ 645927.597100001294166, 1842660.091900000348687 ], [ 645935.133800002047792, 1842673.249199999729171 ], [ 645925.568600001512095, 1842704.652799998642877 ], [ 645916.861000001663342, 1842728.38799999980256 ], [ 645925.890200001886114, 1842746.164400000358 ], [ 645940.378200000850484, 1842757.0822 ], [ 645969.584900002228096, 1842757.402100000530481 ], [ 645990.273800001712516, 1842763.01090000057593 ], [ 646000.078100000857376, 1842780.7973 ], [ 646016.025500002549961, 1842798.643699999898672 ], [ 646049.610900001367554, 1842820.539200000232086 ], [ 646075.717200001934543, 1842822.358899999875575 ], [ 646095.25980000209529, 1842792.594900000840425 ], [ 646129.290400000289083, 1842773.738800000632182 ], [ 646158.620900003123097, 1842762.530999999493361 ], [ 646184.644800001871772, 1842772.808999999891967 ], [ 646205.193400001386181, 1842791.475199999520555 ], [ 646207.263100002193823, 1842813.020800000289455 ], [ 646242.167800002847798, 1842854.912199999671429 ], [ 646275.7449000015622, 1842877.567600001115352 ], [ 646312.645000000484288, 1842877.197700000135228 ], [ 646340.309800001094118, 1842877.497600000817329 ] ] } },
{ "type": "Feature", "properties": { "hy_use": null, "hy_mriver": null, "str_id": null, "str_type": null, "str_name_t": null, "str_name_e": null, "mod_date": null, "length": null, "source_layer": "minor_stream", "OBJECTID": 577034.0, "HY_USE": 2.0, "HY_LNAME": null, "HY_MRIVER": null, "LENGTH": 0.003 }, "geometry": { "type": "LineString", "coordinates": [ [ 645599.214600001461804, 1842719.399800000712276 ], [ 645631.340400001732633, 1842689.165999998571351 ], [ 645657.784800001420081, 1842661.011700000613928 ], [ 645670.590600000927225, 1842614.261199999134988 ], [ 645679.413700002245605, 1842579.768200000515208 ], [ 645674.25180000171531, 1842559.722300000721589 ], [ 645671.489400001475587, 1842531.258099999045953 ], [ 645687.008100001025014, 1842517.5909 ], [ 645724.625600000959821, 1842521.84 ], [ 645734.594900001655333, 1842524.249500000616536 ] ] } },
{ "type": "Feature", "properties": { "hy_use": null, "hy_mriver": null, "str_id": null, "str_type": null, "str_name_t": null, "str_name_e": null, "mod_date": null, "length": null, "source_layer": "minor_stream", "OBJECTID": 577070.0, "HY_USE": 1.0, "HY_LNAME": null, "HY_MRIVER": null, "LENGTH": 0.004 }, "geometry": { "type": "LineString", "coordinates": [ [ 646975.173900001565926, 1842398.815099999774247 ], [ 647042.600200001616031, 1842418.760999999474734 ], [ 647130.970900002168491, 1842421.260500001022592 ], [ 647156.063000002061017, 1842446.125399999553338 ], [ 647154.108700001845136, 1842413.822000000393018 ], [ 647200.310200001811609, 1842406.633500000229105 ], [ 647228.989200000884011, 1842455.373599999817088 ], [ 647233.969700002111495, 1842492.325999999418855 ], [ 647248.408200003905222, 1842505.293400000780821 ] ] } },
{ "type": "Feature", "properties": { "hy_use": null, "hy_mriver": null, "str_id": null, "str_type": null, "str_name_t": null, "str_name_e": null, "mod_date": null, "length": null, "source_layer": "minor_stream", "OBJECTID": 577071.0, "HY_USE": 2.0, "HY_LNAME": "คลองเป็ด", "HY_MRIVER": null, "LENGTH": 0.008 }, "geometry": { "type": "LineString", "coordinates": [ [ 646340.309800001094118, 1842877.497600000817329 ], [ 646362.878700001630932, 1842852.3728 ], [ 646393.099699999671429, 1842829.647399999201298 ], [ 646422.389000002061948, 1842822.278899998869747 ], [ 646456.155700001167133, 1842827.2579 ], [ 646492.36320000118576, 1842819.959400000516325 ], [ 646523.895300001138821, 1842818.7696 ], [ 646563.986600002623163, 1842807.671899999724701 ], [ 646594.149900000775233, 1842790.3254 ], [ 646612.010400001192465, 1842773.608799999812618 ], [ 646641.398600001819432, 1842757.01219999906607 ], [ 646685.241800001589581, 1842754.412699999287724 ], [ 646699.746200002846308, 1842763.800799999851733 ], [ 646715.034000001964159, 1842771.649199999403208 ], [ 646748.231800002045929, 1842758.171900000190362 ], [ 646802.563600001623854, 1842709.571799998637289 ], [ 646832.900100001716055, 1842676.848500000312924 ], [ 646860.268000002019107, 1842634.09720000019297 ], [ 646880.099300001747906, 1842577.428699999814853 ], [ 646905.719100002315827, 1842553.883499999763444 ], [ 646936.797700000926852, 1842523.469699999084696 ], [ 646970.803600001730956, 1842506.933099999558181 ], [ 646984.780300001148134, 1842493.245899999048561 ], [ 646978.942200001329184, 1842464.741699999198318 ], [ 646974.745100000989623, 1842427.02930000028573 ], [ 646975.173900001565926, 1842398.815099999774247 ] ] } },
{ "type": "Feature", "properties": { "hy_use": null, "hy_mriver": null, "str_id": null, "str_type": null, "str_name_t": null, "str_name_e": null, "mod_date": null, "length": null, "source_layer": "minor_stream", "OBJECTID": 577207.0, "HY_USE": 1.0, "HY_LNAME": "คลองโกรงเกร", "HY_MRIVER": "แม่น้ำน่าน", "LENGTH": 0.018 }, "geometry": { "type": "LineString", "coordinates": [ [ 647248.408200003905222, 1842505.293400000780821 ], [ 647252.588800001190975, 1842476.3893 ], [ 647257.354900000616908, 1842461.832299999659881 ], [ 647269.814400000846945, 1842447.365199999883771 ], [ 647276.86460000067018, 1842435.137700001010671 ], [ 647268.725900002056733, 1842405.843599999323487 ], [ 647241.20130000077188, 1842392.476399999344721 ], [ 647205.529800001997501, 1842350.584899998968467 ], [ 647198.908400001353584, 1842323.610400000354275 ], [ 647166.642400001175702, 1842251.005200000712648 ], [ 647134.33519999939017, 1842182.2392 ], [ 647109.572900001658127, 1842126.630500000435859 ], [ 647084.159200001158752, 1842060.244000000879169 ], [ 647072.590300002368167, 1841993.247600000118837 ], [ 647074.30540000135079, 1841976.3511 ], [ 647086.748399999458343, 1841963.423699998995289 ], [ 647073.085000003455207, 1841947.127 ], [ 646924.915500001283363, 1841930.920299998950213 ], [ 646924.824800001573749, 1841938.5988 ], [ 646921.312000002013519, 1841979.300499999430031 ], [ 646915.564700002083555, 1842013.063600000459701 ], [ 646911.120200001168996, 1842068.362299998756498 ], [ 646889.400600000866689, 1842086.568600001046434 ], [ 646862.510900001274422, 1842085.508899999549612 ], [ 646869.297199999680743, 1842097.116499999538064 ], [ 646899.798600002424791, 1842119.741900000721216 ], [ 646938.628300002077594, 1842153.9849 ], [ 646936.822500001173466, 1842179.329800000414252 ], [ 646909.372100001433864, 1842229.759500000393018 ], [ 646938.488100001006387, 1842237.757899999851361 ], [ 646966.74660000228323, 1842184.258799999719486 ], [ 646995.211300001479685, 1842181.499299999093637 ], [ 647014.910600002040155, 1842207.844000000972301 ], [ 646999.243500000913627, 1842235.348400000249967 ], [ 647001.428700001211837, 1842246.136199999600649 ], [ 647040.769600003375672, 1842233.488700000569224 ], [ 647062.662300002062693, 1842269.861300000688061 ], [ 647115.105900001362897, 1842325.000099999597296 ], [ 647159.419000001274981, 1842350.0850000011269 ], [ 647149.952800001949072, 1842372.270500000799075 ], [ 647097.599899999331683, 1842379.389000000897795 ], [ 647040.761300002690405, 1842375.699799999827519 ], [ 646996.481200001901016, 1842347.545499999076128 ], [ 646957.206200001994148, 1842354.804 ], [ 646918.19510000187438, 1842337.467599999625236 ], [ 646905.109000001917593, 1842338.867299999576062 ], [ 646888.361600002041087, 1842394.795900000724941 ], [ 646919.679400000837632, 1842412.81220000050962 ], [ 646975.173900001565926, 1842398.815099999774247 ] ] } },
{ "type": "Feature", "properties": { "hy_use": null, "hy_mriver": null, "str_id": null, "str_type": null, "str_name_t": null, "str_name_e": null, "mod_date": null, "length": null, "source_layer": "minor_stream", "OBJECTID": 577225.0, "HY_USE": 2.0, "HY_LNAME": null, "HY_MRIVER": null, "LENGTH": 0.009 }, "geometry": { "type": "LineString", "coordinates": [ [ 644360.358900001854636, 1841854.075999998487532 ], [ 644426.268000001087785, 1841923.001900000264868 ], [ 644494.848700001137331, 1841978.320699999108911 ], [ 644556.643000001553446, 1842021.271899999817833 ], [ 644630.954600001568906, 1842044.3672 ], [ 644698.471500001847744, 1842055.864900000859052 ], [ 644755.928600000101142, 1842074.171199998818338 ], [ 644779.528200001339428, 1842095.176899999612942 ], [ 644789.885000001639128, 1842132.189399999799207 ], [ 644788.672800001688302, 1842172.91109999967739 ], [ 644775.124900000402704, 1842217.351999999489635 ], [ 644727.62060000130441, 1842273.710499999811873 ], [ 644706.667900001513772, 1842292.706700000911951 ], [ 644663.682300001499243, 1842357.5735 ], [ 644539.598900000797585, 1842529.1785000001546 ] ] } },
{ "type": "Feature", "properties": { "hy_use": null, "hy_mriver": null, "str_id": null, "str_type": null, "str_name_t": null, "str_name_e": null, "mod_date": null, "length": null, "source_layer": "minor_stream", "OBJECTID": 577228.0, "HY_USE": 12.0, "HY_LNAME": null, "HY_MRIVER": null, "LENGTH": 0.014 }, "geometry": { "type": "LineString", "coordinates": [ [ 646427.509600001387298, 1841828.661100000375882 ], [ 646422.842500001424924, 1841833.230199999408796 ], [ 646427.023100001155399, 1841873.2421 ], [ 646439.194000002113171, 1841884.909700000891462 ], [ 646475.187100001377985, 1841897.597100000595674 ], [ 646500.477100001880899, 1841904.785599998896942 ], [ 646499.627800000831485, 1841911.694199999561533 ], [ 646525.58570000086911, 1841928.120899999281392 ], [ 646556.260300001245923, 1841934.599600000306964 ], [ 646562.29620000149589, 1841945.427400000393391 ], [ 646572.686000001151115, 1841979.360500000417233 ], [ 646573.197200001683086, 1842003.195599998813123 ], [ 646596.796800001058728, 1842024.211300000781193 ], [ 646595.386800002423115, 1842083.379299999447539 ], [ 646593.572700001648627, 1842108.724099999293685 ], [ 646569.461900001624599, 1842134.598899999633431 ], [ 646563.145500000682659, 1842149.905699999537319 ], [ 646579.769200001843274, 1842176.2204 ], [ 646588.798400001367554, 1842194.7666 ], [ 646570.204000001773238, 1842207.6339999998454 ], [ 646563.887700001709163, 1842223.700700000394136 ], [ 646571.317200001329184, 1842246.846000000135973 ], [ 646589.482800002442673, 1842273.180700000142679 ], [ 646593.226400001207367, 1842282.438799999188632 ], [ 646621.443700000876561, 1842302.734599999617785 ], [ 646681.407400001306087, 1842301.844799998449162 ], [ 646685.398400001926348, 1842288.827500000828877 ], [ 646704.149500001920387, 1842260.583200000459328 ], [ 646736.761800002655946, 1842230.189400000264868 ], [ 646759.272900002310053, 1842210.453400000231341 ], [ 646746.343500002869405, 1842197.246099999174476 ], [ 646733.150100002414547, 1842208.6338 ], [ 646702.129200002062134, 1842234.4285 ], [ 646672.567900001071393, 1842266.392000000923872 ], [ 646634.727700001560152, 1842282.888699999079108 ], [ 646608.011200001579709, 1842265.692199999233708 ], [ 646593.581000001169741, 1842249.395500000566244 ], [ 646591.486500001279637, 1842230.149399999761954 ], [ 646592.500700001954101, 1842207.873900000238791 ], [ 646608.002900001010858, 1842195.746400000527501 ], [ 646595.988700000569224, 1842169.481799999251962 ], [ 646589.235400001751259, 1842154.034900000318885 ], [ 646592.566700001247227, 1842131.009600000223145 ], [ 646607.491700001177378, 1842101.195699999574572 ], [ 646606.147600002004765, 1842083.499299999093637 ], [ 646610.295300001394935, 1842055.105000000679865 ], [ 646618.986400001100264, 1842033.6694 ], [ 646595.329100000904873, 1841947.327 ], [ 646594.710600001504645, 1841933.4798 ], [ 646580.478300000424497, 1841898.736899999435991 ], [ 646548.360700002405792, 1841883.789899999275804 ], [ 646490.953200001269579, 1841861.634400000330061 ], [ 646456.58450000139419, 1841841.278599999845028 ], [ 646427.509600001387298, 1841828.661100000375882 ] ] } },
{ "type": "Feature", "properties": { "hy_use": null, "hy_mriver": null, "str_id": null, "str_type": null, "str_name_t": null, "str_name_e": null, "mod_date": null, "length": null, "source_layer": "minor_stream", "OBJECTID": 577234.0, "HY_USE": 2.0, "HY_LNAME": null, "HY_MRIVER": null, "LENGTH": 0.0 }, "geometry": { "type": "LineString", "coordinates": [ [ 644329.222600001608953, 1841812.914299999829382 ], [ 644360.358900001854636, 1841854.075999998487532 ] ] } },
{ "type": "Feature", "properties": { "hy_use": null, "hy_mriver": null, "str_id": null, "str_type": null, "str_name_t": null, "str_name_e": null, "mod_date": null, "length": null, "source_layer": "minor_stream", "OBJECTID": 577241.0, "HY_USE": 2.0, "HY_LNAME": null, "HY_MRIVER": null, "LENGTH": 0.012 }, "geometry": { "type": "LineString", "coordinates": [ [ 645734.594900001655333, 1842524.249500000616536 ], [ 645756.842100000474602, 1842496.825099999085069 ], [ 645781.835300001548603, 1842460.202600000659004 ], [ 645809.937100000912324, 1842421.3105 ], [ 645814.258000002824701, 1842376.769600000465289 ], [ 645810.984400002169423, 1842324.470199999632314 ], [ 645822.075000001466833, 1842293.836400000378489 ], [ 645819.403400001814589, 1842256.914000001037493 ], [ 645814.530100001371466, 1842210.743399999802932 ], [ 645808.708500001346692, 1842179.92960000038147 ], [ 645803.711500001838431, 1842144.516799999400973 ], [ 645804.84950000140816, 1842110.713699999731034 ], [ 645811.132800001301803, 1842098.4762 ], [ 645830.477500000968575, 1842086.388699998846278 ], [ 645836.884600002667867, 1842062.6335 ], [ 645840.875500002177432, 1842049.606200000271201 ], [ 645867.699300001375377, 1842056.814699999755248 ], [ 645907.576200001989491, 1842064.933000000659376 ], [ 645925.362500001327135, 1842055.135000000707805 ], [ 645945.663700002012774, 1842026.150900000706315 ], [ 645946.793400001712143, 1841993.1077 ], [ 645970.78060000250116, 1841978.76060000108555 ], [ 646006.10580000129994, 1841981.449999999022111 ], [ 646031.404000001959503, 1841987.878699999069795 ], [ 646060.701500001829118, 1841979.740399999544024 ], [ 646080.013300001621246, 1841970.722200001124293 ], [ 646107.702800001599826, 1841969.492499999701977 ], [ 646124.532599999685772, 1841976.59099999954924 ], [ 646145.386300002108328, 1841967.592900000978261 ], [ 646148.791900000884198, 1841936.879100000252947 ], [ 646165.151600001845509, 1841917.073100000852719 ], [ 646180.414700000546873, 1841927.231100000906736 ], [ 646215.203900003572926, 1841909.164699999848381 ], [ 646217.801300003309734, 1841882.290200000628829 ], [ 646226.690400001010858, 1841842.41829999932088 ], [ 646243.058400001842529, 1841821.072699999669567 ], [ 646267.754700002027676, 1841812.1144999996759 ], [ 646293.003400001092814, 1841823.1523 ], [ 646321.385600000619888, 1841828.0713 ], [ 646355.383200002019294, 1841812.29450000077486 ], [ 646367.034600001992658, 1841800.896799999754876 ], [ 646382.668700002250262, 1841777.231599999824539 ], [ 646409.706900000805035, 1841764.46419999958016 ], [ 646432.003600002266467, 1841768.7533 ] ] } },
{ "type": "Feature", "properties": { "hy_use": null, "hy_mriver": null, "str_id": null, "str_type": null, "str_name_t": null, "str_name_e": null, "mod_date": null, "length": null, "source_layer": "minor_stream", "OBJECTID": 577249.0, "HY_USE": 2.0, "HY_LNAME": null, "HY_MRIVER": null, "LENGTH": 0.001 }, "geometry": { "type": "LineString", "coordinates": [ [ 644284.827000000746921, 1841733.830399998929352 ], [ 644329.222600001608953, 1841812.914299999829382 ] ] } },
{ "type": "Feature", "properties": { "hy_use": null, "hy_mriver": null, "str_id": null, "str_type": null, "str_name_t": null, "str_name_e": null, "mod_date": null, "length": null, "source_layer": "minor_stream", "OBJECTID": 577267.0, "HY_USE": 12.0, "HY_LNAME": null, "HY_MRIVER": null, "LENGTH": 0.003 }, "geometry": { "type": "LineString", "coordinates": [ [ 646432.003600002266467, 1841768.7533 ], [ 646423.823800001875497, 1841814.024099999573082 ], [ 646462.76060000108555, 1841838.269200000911951 ], [ 646458.563500000163913, 1841800.5669 ], [ 646463.55220000189729, 1841765.25400000042282 ], [ 646467.559700001962483, 1841750.697000000393018 ], [ 646467.831800001789816, 1841725.3322 ], [ 646468.244100001873448, 1841687.669800000498071 ], [ 646445.221700000576675, 1841684.350500000175089 ], [ 646439.367200002074242, 1841727.331800000974908 ], [ 646432.003600002266467, 1841768.7533 ] ] } },
{ "type": "Feature", "properties": { "hy_use": null, "hy_mriver": null, "str_id": null, "str_type": null, "str_name_t": null, "str_name_e": null, "mod_date": null, "length": null, "source_layer": "minor_stream", "OBJECTID": 577278.0, "HY_USE": 2.0, "HY_LNAME": null, "HY_MRIVER": null, "LENGTH": 0.001 }, "geometry": { "type": "LineString", "coordinates": [ [ 644262.093200001050718, 1841642.838999999221414 ], [ 644284.827000000746921, 1841733.830399998929352 ] ] } },
{ "type": "Feature", "properties": { "hy_use": null, "hy_mriver": null, "str_id": null, "str_type": null, "str_name_t": null, "str_name_e": null, "mod_date": null, "length": null, "source_layer": "minor_stream", "OBJECTID": 577297.0, "HY_USE": 2.0, "HY_LNAME": null, "HY_MRIVER": null, "LENGTH": 0.001 }, "geometry": { "type": "LineString", "coordinates": [ [ 644237.190800001146272, 1841562.675300000235438 ], [ 644262.093200001050718, 1841642.838999999221414 ] ] } },
{ "type": "Feature", "properties": { "hy_use": null, "hy_mriver": null, "str_id": null, "str_type": null, "str_name_t": null, "str_name_e": null, "mod_date": null, "length": null, "source_layer": "minor_stream", "OBJECTID": 577324.0, "HY_USE": 2.0, "HY_LNAME": null, "HY_MRIVER": null, "LENGTH": 0.001 }, "geometry": { "type": "LineString", "coordinates": [ [ 644203.621900000609457, 1841499.848099998896942 ], [ 644237.190800001146272, 1841562.675300000235438 ] ] } },
{ "type": "Feature", "properties": { "hy_use": null, "hy_mriver": null, "str_id": null, "str_type": null, "str_name_t": null, "str_name_e": null, "mod_date": null, "length": null, "source_layer": "minor_stream", "OBJECTID": 577343.0, "HY_USE": 2.0, "HY_LNAME": null, "HY_MRIVER": null, "LENGTH": 0.001 }, "geometry": { "type": "LineString", "coordinates": [ [ 644168.981100002187304, 1841431.611999999498948 ], [ 644203.621900000609457, 1841499.848099998896942 ] ] } },
{ "type": "Feature", "properties": { "hy_use": null, "hy_mriver": null, "str_id": null, "str_type": null, "str_name_t": null, "str_name_e": null, "mod_date": null, "length": null, "source_layer": "minor_stream", "OBJECTID": 577374.0, "HY_USE": 2.0, "HY_LNAME": null, "HY_MRIVER": null, "LENGTH": 0.001 }, "geometry": { "type": "LineString", "coordinates": [ [ 644121.880900002084672, 1841354.157700000330806 ], [ 644168.981100002187304, 1841431.611999999498948 ] ] } },
{ "type": "Feature", "properties": { "hy_use": null, "hy_mriver": null, "str_id": null, "str_type": null, "str_name_t": null, "str_name_e": null, "mod_date": null, "length": null, "source_layer": "minor_stream", "OBJECTID": 577436.0, "HY_USE": 2.0, "HY_LNAME": null, "HY_MRIVER": null, "LENGTH": 0.003 }, "geometry": { "type": "LineString", "coordinates": [ [ 643964.880000001634471, 1841122.344900000607595 ], [ 644121.880900002084672, 1841354.157700000330806 ] ] } },
{ "type": "Feature", "properties": { "hy_use": null, "hy_mriver": null, "str_id": null, "str_type": null, "str_name_t": null, "str_name_e": null, "mod_date": null, "length": null, "source_layer": "minor_stream", "OBJECTID": 577471.0, "HY_USE": 2.0, "HY_LNAME": null, "HY_MRIVER": null, "LENGTH": 0.001 }, "geometry": { "type": "LineString", "coordinates": [ [ 643877.17720000166446, 1840998.84999999916181 ], [ 643964.880000001634471, 1841122.344900000607595 ] ] } },
{ "type": "Feature", "properties": { "hy_use": null, "hy_mriver": null, "str_id": null, "str_type": null, "str_name_t": null, "str_name_e": null, "mod_date": null, "length": null, "source_layer": "minor_stream", "OBJECTID": 577483.0, "HY_USE": 2.0, "HY_LNAME": null, "HY_MRIVER": null, "LENGTH": 0.001 }, "geometry": { "type": "LineString", "coordinates": [ [ 643846.857200002297759, 1840945.7708 ], [ 643877.17720000166446, 1840998.84999999916181 ] ] } },
{ "type": "Feature", "properties": { "hy_use": null, "hy_mriver": null, "str_id": null, "str_type": null, "str_name_t": null, "str_name_e": null, "mod_date": null, "length": null, "source_layer": "minor_stream", "OBJECTID": 577503.0, "HY_USE": 2.0, "HY_LNAME": null, "HY_MRIVER": null, "LENGTH": 0.001 }, "geometry": { "type": "LineString", "coordinates": [ [ 643845.777000000933185, 1840873.195599999278784 ], [ 643846.857200002297759, 1840945.7708 ] ] } },
{ "type": "Feature", "properties": { "hy_use": null, "hy_mriver": null, "str_id": null, "str_type": null, "str_name_t": null, "str_name_e": null, "mod_date": null, "length": null, "source_layer": "minor_stream", "OBJECTID": 577523.0, "HY_USE": 2.0, "HY_LNAME": null, "HY_MRIVER": null, "LENGTH": 0.0 }, "geometry": { "type": "LineString", "coordinates": [ [ 643862.021300001186319, 1840829.864399999147281 ], [ 643845.777000000933185, 1840873.195599999278784 ] ] } },
{ "type": "Feature", "properties": { "hy_use": null, "hy_mriver": null, "str_id": null, "str_type": null, "str_name_t": null, "str_name_e": null, "mod_date": null, "length": null, "source_layer": "minor_stream", "OBJECTID": 577532.0, "HY_USE": 2.0, "HY_LNAME": null, "HY_MRIVER": null, "LENGTH": 0.0 }, "geometry": { "type": "LineString", "coordinates": [ [ 643893.842100001871586, 1840798.920700000831857 ], [ 643862.021300001186319, 1840829.864399999147281 ] ] } },
{ "type": "Feature", "properties": { "hy_use": null, "hy_mriver": null, "str_id": null, "str_type": null, "str_name_t": null, "str_name_e": null, "mod_date": null, "length": null, "source_layer": "minor_stream", "OBJECTID": 577540.0, "HY_USE": 12.0, "HY_LNAME": null, "HY_MRIVER": null, "LENGTH": 0.014 }, "geometry": { "type": "LineString", "coordinates": [ [ 645170.92540000192821, 1840787.443099999334663 ], [ 645167.660100001376122, 1840805.079500000923872 ], [ 645167.322000000276603, 1840835.823200000915676 ], [ 645185.702000001678243, 1840842.171900000423193 ], [ 645239.291700001806021, 1840861.9779 ], [ 645274.889000002178364, 1840910.788000000407919 ], [ 645290.358200001297519, 1840973.215299999341369 ], [ 645284.553200001479127, 1841011.5874 ], [ 645277.041200001258403, 1841066.846200000261888 ], [ 645248.073600001749583, 1841114.956399999093264 ], [ 645218.413300001295283, 1841156.9179 ], [ 645207.866800000774674, 1841207.527599999215454 ], [ 645212.657700002309866, 1841262.156400001142174 ], [ 645211.915500001981854, 1841330.562499999767169 ], [ 645189.684700001380406, 1841395.65929999970831 ], [ 645184.539300002390519, 1841444.7993 ], [ 645215.189100001938641, 1841453.587500000139698 ], [ 645233.132100001559593, 1841429.182399999350309 ], [ 645245.78950000111945, 1841396.269099998986349 ], [ 645255.379400001140311, 1841362.546000000787899 ], [ 645257.407900001737289, 1841317.225199999287724 ], [ 645251.891400001593865, 1841258.737099999794737 ], [ 645243.175500001758337, 1841212.526499999687076 ], [ 645252.781900000874884, 1841177.273700000951067 ], [ 645284.643900001654401, 1841145.330199999734759 ], [ 645315.961600002949126, 1841092.640900000464171 ], [ 645328.825100001762621, 1841040.51160000031814 ], [ 645329.369300001650117, 1840990.551699999719858 ], [ 645322.888100001960993, 1840950.5099 ], [ 645307.344700001762249, 1840894.9912 ], [ 645272.522500002058223, 1840845.421299999579787 ], [ 645203.719200001913123, 1840810.8583 ], [ 645170.92540000192821, 1840787.443099999334663 ] ] } },
{ "type": "Feature", "properties": { "hy_use": null, "hy_mriver": null, "str_id": null, "str_type": null, "str_name_t": null, "str_name_e": null, "mod_date": null, "length": null, "source_layer": "minor_stream", "OBJECTID": 577559.0, "HY_USE": 2.0, "HY_LNAME": null, "HY_MRIVER": null, "LENGTH": 0.002 }, "geometry": { "type": "LineString", "coordinates": [ [ 643722.666600001743063, 1840737.873199999565259 ], [ 643748.525500001385808, 1840731.244500000495464 ], [ 643779.16710000182502, 1840740.802599999587983 ], [ 643818.277100001345389, 1840749.6808 ], [ 643846.560400001122616, 1840763.817900000372902 ], [ 643866.408100000349805, 1840777.105200000107288 ], [ 643893.842100001871586, 1840798.920700000831857 ] ] } },
{ "type": "Feature", "properties": { "hy_use": null, "hy_mriver": null, "str_id": null, "str_type": null, "str_name_t": null, "str_name_e": null, "mod_date": null, "length": null, "source_layer": "minor_stream", "OBJECTID": 577566.0, "HY_USE": 2.0, "HY_LNAME": null, "HY_MRIVER": null, "LENGTH": 0.011 }, "geometry": { "type": "LineString", "coordinates": [ [ 644890.805900002713315, 1841154.458399999653921 ], [ 644841.289600001182407, 1841150.389200000558048 ], [ 644783.873800002038479, 1841129.013499998953193 ], [ 644747.946600001771003, 1841110.177400000393391 ], [ 644709.933300000615418, 1841071.325300000375137 ], [ 644683.505300001590513, 1841027.994100000709295 ], [ 644664.8780000009574, 1840973.215299998875707 ], [ 644622.494300001999363, 1840912.79759999923408 ], [ 644570.141500001773238, 1840849.20049999980256 ], [ 644515.380800001323223, 1840795.571399999549612 ], [ 644458.121700002113357, 1840759.588700000196695 ], [ 644380.882800001301803, 1840723.3861 ], [ 644309.581000002101064, 1840706.479499999433756 ], [ 644233.595600001281127, 1840695.661800001049414 ], [ 644152.843999999808148, 1840699.391000000527129 ], [ 644044.180300001287833, 1840725.885600000387058 ], [ 643990.879200001130812, 1840749.900699998950586 ], [ 643893.842100001871586, 1840798.920700000831857 ] ] } },
{ "type": "Feature", "properties": { "hy_use": null, "hy_mriver": null, "str_id": null, "str_type": null, "str_name_t": null, "str_name_e": null, "mod_date": null, "length": null, "source_layer": "minor_stream", "OBJECTID": 577567.0, "HY_USE": 12.0, "HY_LNAME": "หนองแฝก", "HY_MRIVER": null, "LENGTH": 0.005 }, "geometry": { "type": "LineString", "coordinates": [ [ 643722.666600001743063, 1840737.873199999565259 ], [ 643714.44550000235904, 1840716.2676 ], [ 643697.780600001453422, 1840693.792100000195205 ], [ 643659.280800000648014, 1840699.520999999484047 ], [ 643612.131000001216307, 1840723.606100000208244 ], [ 643576.476000000606291, 1840750.89049999951385 ], [ 643565.319400001899339, 1840787.663000000873581 ], [ 643568.081700001261197, 1840816.137200000230223 ], [ 643599.358200001530349, 1840838.002800000598654 ], [ 643615.239700001780875, 1840861.9979 ], [ 643635.747100002132356, 1840885.283200000179932 ], [ 643667.419400001410395, 1840870.2562000004109 ], [ 643655.669100000523031, 1840820.166400000452995 ], [ 643669.81070000177715, 1840791.872199999168515 ], [ 643696.115000001620501, 1840776.025400000391528 ], [ 643715.509200002299622, 1840760.088600000366569 ], [ 643722.666600001743063, 1840737.873199999565259 ] ] } },
{ "type": "Feature", "properties": { "hy_use": null, "hy_mriver": null, "str_id": null, "str_type": null, "str_name_t": null, "str_name_e": null, "mod_date": null, "length": null, "source_layer": "minor_stream", "OBJECTID": 577615.0, "HY_USE": 2.0, "HY_LNAME": "คลองสะลุ", "HY_MRIVER": null, "LENGTH": 0.013 }, "geometry": { "type": "LineString", "coordinates": [ [ 646962.632000001263805, 1840612.0988 ], [ 647012.173000001581386, 1840623.826400000602007 ], [ 647070.537100002286024, 1840629.075300000840798 ], [ 647107.857800001394935, 1840660.988800000632182 ], [ 647129.725700001348741, 1840699.660900000715628 ], [ 647153.927300001843832, 1840736.053500000620261 ], [ 647180.454200000735, 1840770.9364 ], [ 647211.730700001469813, 1840792.791999999433756 ], [ 647247.831000001286156, 1840795.491399999475107 ], [ 647299.045900002121925, 1840822.186000001151115 ], [ 647318.011400001123548, 1840844.681399998720735 ], [ 647341.528500001179054, 1840873.375600000610575 ], [ 647378.239000001689419, 1840890.682099999859929 ], [ 647404.69170000217855, 1840932.483499999856576 ], [ 647418.79210000182502, 1840978.754100000718608 ], [ 647431.672099999850616, 1840995.800699999323115 ], [ 647464.52350000012666, 1841014.606799999717623 ], [ 647499.832200001343153, 1841018.835999999428168 ], [ 647519.144000002415851, 1841010.587600000202656 ], [ 647547.79010000184644, 1840991.681500000646338 ], [ 647569.74870000150986, 1840951.179699999513105 ], [ 647579.15720000048168, 1840934.373199999332428 ], [ 647617.022200000705197, 1840915.566999999573454 ], [ 647651.069300001021475, 1840895.181099998997524 ], [ 647685.372000002767891, 1840850.9800999998115 ], [ 647711.057800001930445, 1840821.276200000196695 ], [ 647741.311800001654774, 1840795.471400000154972 ], [ 647776.232900000410154, 1840765.107600000454113 ], [ 647799.66760000155773, 1840730.764599999412894 ], [ 647833.261200001696125, 1840681.16469999961555 ], [ 647857.537000000709668, 1840639.923100000247359 ], [ 647871.711600002134219, 1840608.559499999508262 ], [ 647911.20920000190381, 1840581.324999999487773 ], [ 647973.127200002083555, 1840525.836300000781193 ] ] } },
{ "type": "Feature", "properties": { "hy_use": null, "hy_mriver": null, "str_id": null, "str_type": null, "str_name_t": null, "str_name_e": null, "mod_date": null, "length": null, "source_layer": "minor_stream", "OBJECTID": 577679.0, "HY_USE": 12.0, "HY_LNAME": null, "HY_MRIVER": null, "LENGTH": 0.017 }, "geometry": { "type": "LineString", "coordinates": [ [ 645935.875900002196431, 1840317.748699999647215 ], [ 645919.689300000900403, 1840322.177799999481067 ], [ 645920.827300001401454, 1840359.090299999574199 ], [ 645947.527300001587719, 1840377.826400000369176 ], [ 645951.839900001650676, 1840405.540799999376759 ], [ 645949.168200001353398, 1840438.5641 ], [ 645943.783699999912642, 1840509.999500000849366 ], [ 645941.582000002148561, 1840570.6972 ], [ 646004.324700000695884, 1840597.511699999682605 ], [ 646026.448300001793541, 1840613.1286 ], [ 646033.943700000876561, 1840630.884899999713525 ], [ 646077.341600003303029, 1840669.027200000360608 ], [ 646121.61360000167042, 1840697.941299999132752 ], [ 646145.369800001266412, 1840704.34999999939464 ], [ 646167.147100001573563, 1840680.764799998840317 ], [ 646189.773700001882389, 1840650.260999999474734 ], [ 646211.468500002287328, 1840634.3542 ], [ 646301.974900001543574, 1840581.52500000083819 ], [ 646352.992000000434928, 1840555.180299999425188 ], [ 646366.416200001491234, 1840522.277000000933185 ], [ 646374.010600000969134, 1840460.089700000127777 ], [ 646380.425900001311675, 1840435.564699999755248 ], [ 646388.036800001282245, 1840430.495699999853969 ], [ 646408.791600002208725, 1840377.046599999302998 ], [ 646359.621600001119077, 1840430.495699999621138 ], [ 646358.145600001327693, 1840434.55489999987185 ], [ 646343.055700002005324, 1840478.975900000194088 ], [ 646333.375100001459941, 1840521.147299999371171 ], [ 646317.782200001180172, 1840541.733100001234561 ], [ 646185.485900003230199, 1840620.237099999329075 ], [ 646157.458200001390651, 1840652.9804 ], [ 646141.090200002188794, 1840673.5563 ], [ 646072.3611000017263, 1840632.074699999764562 ], [ 646048.868700001621619, 1840601.071000000461936 ], [ 646039.864300000597723, 1840580.98509999923408 ], [ 646010.055500000948086, 1840565.2882999998983 ], [ 645973.344999999855645, 1840547.9817999987863 ], [ 645971.258800000767224, 1840527.975899999728426 ], [ 645973.394500001100823, 1840472.657099999720231 ], [ 645988.02260000188835, 1840399.791999999433756 ], [ 645983.066900001023896, 1840361.299799998756498 ], [ 645960.366100001847371, 1840328.006599999731407 ], [ 645935.875900002196431, 1840317.748699999647215 ] ] } },
{ "type": "Feature", "properties": { "hy_use": null, "hy_mriver": null, "str_id": null, "str_type": null, "str_name_t": null, "str_name_e": null, "mod_date": null, "length": null, "source_layer": "minor_stream", "OBJECTID": 577860.0, "HY_USE": 2.0, "HY_LNAME": null, "HY_MRIVER": null, "LENGTH": 0.031 }, "geometry": { "type": "LineString", "coordinates": [ [ 651957.271800002548844, 1840857.908700000727549 ], [ 651913.85740000277292, 1840798.450799999758601 ], [ 651871.630400002351962, 1840752.960100001189858 ], [ 651816.95230000151787, 1840690.132899999152869 ], [ 651751.983200001996011, 1840618.637399998959154 ], [ 651684.853800001787022, 1840550.931199999758974 ], [ 651602.296400002785958, 1840470.497600000584498 ], [ 651558.981000001891516, 1840429.335999998729676 ], [ 651525.964700002106838, 1840389.803999999538064 ], [ 651451.249100002110936, 1840307.470799998845905 ], [ 651368.147400002693757, 1840211.340299998875707 ], [ 651315.637900002300739, 1840166.919399998616427 ], [ 651269.081900001736358, 1840117.639399999752641 ], [ 651203.032700002309866, 1840052.102700000395998 ], [ 651147.810200001578778, 1839997.933800000464544 ], [ 651083.657600001664832, 1839928.877800000598654 ], [ 651031.148000001325272, 1839877.428300001425669 ], [ 650989.457000002730638, 1839833.5572 ], [ 650929.369600001955405, 1839774.519200001144782 ], [ 650923.952100001624785, 1839776.138900000136346 ], [ 650916.918300002114847, 1839791.8457 ], [ 650886.326300001936033, 1839807.822499999776483 ], [ 650809.994500001659617, 1839844.115100000286475 ], [ 650746.658200002857484, 1839876.61849999986589 ], [ 650748.818600002094172, 1839893.404999999795109 ], [ 650752.067400001455098, 1839939.9856 ], [ 650754.772100001107901, 1839981.687100001145154 ], [ 650728.245200002100319, 1839985.476299999048933 ], [ 650647.584300000569783, 1839992.524900000309572 ], [ 650581.807200001552701, 1839997.123900000238791 ], [ 650513.053400001255795, 1839987.375900000100955 ], [ 650464.32870000298135, 1839980.337400000775233 ], [ 650442.130900003015995, 1839980.337400000542402 ], [ 650421.021500002010725, 1839966.790100001031533 ], [ 650399.359700003406033, 1839962.460999998962507 ], [ 650347.394400001037866, 1839958.671800001058728 ], [ 650307.327800001949072, 1839957.042099999031052 ], [ 650231.540300003020093, 1839950.003499999875203 ], [ 650154.93640000175219, 1839944.31470000045374 ], [ 650105.123200001427904, 1839939.98560000048019 ], [ 650050.445000001927838, 1839937.27610000083223 ], [ 650003.889000002876855, 1839937.276100000133738 ], [ 649962.750500001595356, 1839935.106599999824539 ], [ 649930.806100001093, 1839930.7774 ], [ 649889.659300002036616, 1839922.649099999805912 ], [ 649874.231300002080388, 1839916.960300000617281 ], [ 649862.860300001921132, 1839903.962900000158697 ], [ 649834.173000002512708, 1839899.093900000210851 ], [ 649783.279700002167374, 1839892.045299999415874 ], [ 649739.428300000028685, 1839885.00679999939166 ], [ 649700.994400001945905, 1839869.300000000745058 ], [ 649700.994400001596659, 1839863.881100000813603 ], [ 649705.323500001453795, 1839850.88370000035502 ], [ 649693.416500002727844, 1839823.80919999955222 ], [ 649685.838500001700595, 1839808.642300000181422 ], [ 649668.514000002061948, 1839804.303200000431389 ], [ 649636.569600001326762, 1839797.264599998947233 ], [ 649612.747400003485382, 1839782.097699999809265 ], [ 649580.811200001742691, 1839775.059099999489263 ], [ 649525.588800002122298, 1839761.521899999585003 ], [ 649493.372300002258271, 1839757.992599999532104 ], [ 649476.056000001146458, 1839734.70740000042133 ], [ 649448.440700002363883, 1839717.920800000429153 ], [ 649371.564700001268648, 1839683.797700001392514 ], [ 649327.177300001494586, 1839665.3815 ] ] } },
{ "type": "Feature", "properties": { "hy_use": null, "hy_mriver": null, "str_id": null, "str_type": null, "str_name_t": null, "str_name_e": null, "mod_date": null, "length": null, "source_layer": "minor_stream", "OBJECTID": 578039.0, "HY_USE": 2.0, "HY_LNAME": null, "HY_MRIVER": null, "LENGTH": 0.002 }, "geometry": { "type": "LineString", "coordinates": [ [ 651516.473700002068654, 1839168.192700000246987 ], [ 651482.368900001747534, 1839170.892100000986829 ], [ 651446.09540000220295, 1839169.812300000339746 ], [ 651414.69520000112243, 1839166.562999999849126 ], [ 651380.046200001728721, 1839158.984500000718981 ], [ 651328.0726000018185, 1839143.277699999045581 ] ] } },
{ "type": "Feature", "properties": { "hy_use": null, "hy_mriver": null, "str_id": null, "str_type": null, "str_name_t": null, "str_name_e": null, "mod_date": null, "length": null, "source_layer": "minor_stream", "OBJECTID": 578056.0, "HY_USE": 2.0, "HY_LNAME": null, "HY_MRIVER": null, "LENGTH": 0.016 }, "geometry": { "type": "LineString", "coordinates": [ [ 651516.473700002068654, 1839168.192700000246987 ], [ 651574.945000001695007, 1839168.192700000712648 ], [ 651633.40800000121817, 1839164.943299998994917 ], [ 651714.077100002206862, 1839160.064300000201911 ], [ 651782.830900002154522, 1839156.275100000435486 ], [ 651815.311300002154894, 1839151.946000000694767 ], [ 651850.496300002210774, 1839141.108200000599027 ], [ 651876.215100001660176, 1839133.259799999417737 ], [ 651894.619900002959184, 1839131.6301 ], [ 651913.568800001870841, 1839131.090199999744073 ], [ 651927.644500002963468, 1839126.7511 ], [ 651970.951600002939813, 1839121.882099999347702 ], [ 652040.7939000017941, 1839118.092900000279769 ], [ 652107.37910000118427, 1839112.134099999442697 ], [ 652164.22600000188686, 1839107.255100000184029 ], [ 652204.284300002036616, 1839100.216499999165535 ], [ 652237.036800001631491, 1839098.3169 ], [ 652267.892700000549667, 1839099.4067 ], [ 652296.588300001923926, 1839098.316900000208989 ], [ 652322.570900000981055, 1839092.908 ], [ 652350.722200002404861, 1839089.6586 ], [ 652421.100500001804903, 1839081.530300000682473 ], [ 652489.318400002317503, 1839076.111400000518188 ], [ 652555.903600001824088, 1839070.692500001052395 ], [ 652680.688000002526678, 1839056.885299999034032 ], [ 652756.483800002140924, 1839057.425200000405312 ], [ 652806.288700002478436, 1839060.1347 ], [ 652852.844700002460741, 1839065.553600000217557 ], [ 652925.39160000171978, 1839075.841499999398366 ], [ 653077.783100002096035, 1839111.864099999656901 ], [ 653145.456700001726858, 1839128.110800000140443 ], [ 653207.712800002424046, 1839144.3575 ] ] } },
{ "type": "Feature", "properties": { "hy_use": null, "hy_mriver": null, "str_id": null, "str_type": null, "str_name_t": null, "str_name_e": null, "mod_date": null, "length": null, "source_layer": "minor_stream", "OBJECTID": 578090.0, "HY_USE": 1.0, "HY_LNAME": "คลองโกรงเกร", "HY_MRIVER": "แม่น้ำน่าน", "LENGTH": 0.035 }, "geometry": { "type": "LineString", "coordinates": [ [ 646962.632000001263805, 1840612.0988 ], [ 646962.904100002138875, 1840586.733899999409914 ], [ 646964.05020000168588, 1840552.161 ], [ 646965.872600002330728, 1840526.046299999579787 ], [ 646967.851600000634789, 1840485.3246 ], [ 646969.525500001618639, 1840472.277199999894947 ], [ 646971.323100000852719, 1840448.462099999422207 ], [ 646971.636400002753362, 1840420.027899998938665 ], [ 646968.857600001734681, 1840392.323500000406057 ], [ 646963.027800002135336, 1840363.049499999731779 ], [ 646954.056300002499484, 1840339.894200000911951 ], [ 646937.432700001285411, 1840313.579500001156703 ], [ 646922.285000002244487, 1840292.663799998583272 ], [ 646905.570700001553632, 1840274.7974 ], [ 646894.191500001004897, 1840260.840299998875707 ], [ 646877.444100001011975, 1840245.283399998908862 ], [ 646861.414200002327561, 1840235.115499999141321 ], [ 646839.249400002066977, 1840223.347899999469519 ], [ 646809.391200001351535, 1840212.260099999606609 ], [ 646786.352300002123229, 1840210.480499998899177 ], [ 646764.880100001581013, 1840206.401300000259653 ], [ 646744.191300001228228, 1840200.0226 ], [ 646720.492700001574121, 1840188.234999999171123 ], [ 646726.099900000030175, 1840167.549200000241399 ], [ 646729.332300001289696, 1840152.972200000425801 ], [ 646724.937300002318807, 1840132.946299999486655 ], [ 646714.382600001408719, 1840113.610200000926852 ], [ 646699.292700001620688, 1840087.315600000787526 ], [ 646687.278500001411885, 1840061.050899998750538 ], [ 646676.047600003075786, 1840034.026399999624118 ], [ 646651.615200001979247, 1840018.379600000102073 ], [ 646631.792200001189485, 1840003.562599999597296 ], [ 646614.220300002023578, 1839993.384700000286102 ], [ 646596.648400002392009, 1839983.966600001091138 ], [ 646583.718900002306327, 1839970.75929999910295 ], [ 646580.024800001760013, 1839957.652000000234693 ], [ 646593.308800001279451, 1839937.805999999633059 ], [ 646598.025500001502223, 1839927.868000000482425 ], [ 646604.432500001043081, 1839904.112900000531226 ], [ 646605.438500002492219, 1839882.597200000891462 ], [ 646606.469200002844445, 1839858.012299999129027 ], [ 646610.42720000189729, 1839847.294399998849258 ], [ 646613.791500001796521, 1839821.189700000686571 ], [ 646613.263800001703203, 1839798.894300000276417 ], [ 646609.693300002370961, 1839773.489499998511747 ], [ 646606.873300002189353, 1839750.404200000688434 ], [ 646594.883800001814961, 1839721.83 ], [ 646578.22720000136178, 1839698.594699999084696 ], [ 646562.378700001398101, 1839671.510199999436736 ], [ 646552.615600002231076, 1839649.884600000921637 ], [ 646535.983700000797398, 1839624.339799999725074 ], [ 646510.800900000496767, 1839607.9232 ], [ 646489.295800002058968, 1839606.153499999782071 ], [ 646472.383500002091751, 1839605.973599999444559 ], [ 646456.221700001042336, 1839608.1031 ], [ 646439.960900001227856, 1839618.680999999633059 ], [ 646431.294500000891276, 1839638.57689999951981 ], [ 646430.304999999701977, 1839658.552899999311194 ], [ 646420.170800000079907, 1839671.510199998971075 ], [ 646399.391300001414493, 1839674.359599999384955 ], [ 646381.011300001293421, 1839668.010900000343099 ], [ 646374.340400002198294, 1839644.875600000377744 ], [ 646378.455100002349354, 1839620.320599999045953 ], [ 646388.754200001712888, 1839591.996400000993162 ], [ 646402.112400001846254, 1839565.231799999019131 ], [ 646408.725600001052953, 1839522.260600000387058 ], [ 646419.758600001921877, 1839497.015699999406934 ], [ 646425.439900000812486, 1839469.4014 ], [ 646425.761499999905936, 1839440.197300000116229 ], [ 646415.982000001007691, 1839420.111400000518188 ], [ 646395.482800001860596, 1839396.82609999855049 ], [ 646383.3367000016151, 1839382.858999999240041 ], [ 646348.852500002132729, 1839373.260900000110269 ], [ 646326.489800001261756, 1839379.929600000148639 ], [ 646313.444900000817142, 1839377.4901 ], [ 646319.753000000608154, 1839362.95299999951385 ], [ 646334.471800002269447, 1839352.3452 ], [ 646353.857800002093427, 1839337.188299999805167 ], [ 646365.575100002111867, 1839319.63179999939166 ], [ 646379.007600001175888, 1839285.958699999609962 ], [ 646384.689000001992099, 1839258.3443 ], [ 646384.301400002092123, 1839222.9815 ], [ 646383.724200001219288, 1839205.295099999057129 ], [ 646392.250400001415983, 1839128.5207 ], [ 646392.687400001450442, 1839071.4724 ], [ 646408.973000001045875, 1839042.61820000060834 ], [ 646417.911500002024695, 1838998.127299999119714 ], [ 646436.184300001594238, 1839014.474 ], [ 646455.215700001455843, 1839031.590500000864267 ], [ 646472.779300002614036, 1839041.7684 ], [ 646494.911200001020916, 1839056.615399999311194 ], [ 646517.076000001979992, 1839068.382999998982996 ], [ 646538.614200001116842, 1839067.083200000226498 ], [ 646574.054800001089461, 1839059.784700000891462 ], [ 646593.317100001033396, 1839055.375600000843406 ], [ 646626.457100001396611, 1839047.2873 ], [ 646658.673600001144223, 1839053.016100001055747 ], [ 646673.879000001703389, 1839068.5529 ], [ 646691.277700002188794, 1839094.8776 ], [ 646712.618000001762994, 1839111.244300000136718 ], [ 646732.614100000821054, 1839110.694399999454618 ], [ 646751.076600002357736, 1839109.364600001135841 ], [ 646770.338900001370348, 1839104.955499998759478 ], [ 646798.152100001578219, 1839092.188100000377744 ], [ 646825.973600002238527, 1839077.891000000759959 ], [ 646859.187800002284348, 1839063.643899999558926 ], [ 646887.735000002430752, 1839053.196099999826401 ], [ 646912.398300000932068, 1839047.317299999529496 ], [ 646934.752800001064315, 1839041.408500000834465 ], [ 646953.116300001973286, 1839049.296899999724701 ], [ 646968.181400001281872, 1839077.901000000303611 ], [ 646989.365000001620501, 1839108.87470000050962 ], [ 647012.164700001711026, 1839132.9498 ], [ 647035.681900001596659, 1839161.643999999156222 ], [ 647065.548300001071766, 1839171.961899999529123 ], [ 647090.912600002600811, 1839172.241800000891089 ], [ 647113.432000001426786, 1839150.956199999898672 ], [ 647118.19810000108555, 1839137.368899999419227 ], [ 647129.898900002241135, 1839121.35219999961555 ], [ 647138.50760000187438, 1839107.605000000679865 ], [ 647145.541300001554191, 1839096.927200000500306 ], [ 647145.656700001563877, 1839086.159399999538437 ], [ 647130.055600001709536, 1839024.80189999891445 ], [ 647111.725100001785904, 1839018.6831 ], [ 647053.055900000967085, 1839038.249099999666214 ], [ 647011.496800001012161, 1839034.579900000244379 ], [ 646980.946000001509674, 1838995.447799998568371 ], [ 646967.497000002069399, 1838940.428999999538064 ], [ 646938.166500001680106, 1838936.75980000034906 ], [ 646906.387100000865757, 1838952.656500000273809 ], [ 646848.946500001125969, 1839044.357899999246001 ], [ 646767.057000001310371, 1839076.1514 ], [ 646724.277600000612438, 1839077.371099999407306 ], [ 646696.16750000230968, 1839049.2569 ], [ 646683.947200002032332, 1839029.690899999812245 ], [ 646652.167700002319179, 1839011.344599999021739 ], [ 646610.616900001186877, 1839006.455600001616403 ] ] } },
{ "type": "Feature", "properties": { "hy_use": null, "hy_mriver": null, "str_id": null, "str_type": null, "str_name_t": null, "str_name_e": null, "mod_date": null, "length": null, "source_layer": "minor_stream", "OBJECTID": 578147.0, "HY_USE": 12.0, "HY_LNAME": "บึงสะลุ", "HY_MRIVER": null, "LENGTH": 0.08 }, "geometry": { "type": "LineString", "coordinates": [ [ 647973.127200002083555, 1840525.836300000781193 ], [ 647995.869200000190176, 1840555.290300000458956 ], [ 648011.899200002197176, 1840565.4583 ], [ 648028.918600002070889, 1840555.650299999630079 ], [ 648044.932000002241693, 1840567.35789999878034 ], [ 648065.291000001365319, 1840603.7005 ], [ 648099.239100001985207, 1840591.772899999748915 ], [ 648124.290000001899898, 1840621.256899999687448 ], [ 648156.234400001587346, 1840652.350600000703707 ], [ 648182.645900001749396, 1840697.2214 ], [ 648176.230600002687424, 1840721.746400000527501 ], [ 648169.130900001619011, 1840738.583000000799075 ], [ 648168.759900001110509, 1840773.165999998804182 ], [ 648178.457000000867993, 1840800.170499999076128 ], [ 648210.541500002262183, 1840818.206800001207739 ], [ 648217.245400001993403, 1840838.262700001010671 ], [ 648210.088000001618639, 1840860.478199999546632 ], [ 648197.241000001784414, 1840878.554500001017004 ], [ 648197.727500001783483, 1840904.689200001303107 ], [ 648220.782900002319366, 1840904.939200000837445 ], [ 648261.64100000099279, 1840893.85139999887906 ], [ 648280.895100002060644, 1840890.992000000551343 ], [ 648303.752600001404062, 1840909.688200000906363 ], [ 648318.867200001492165, 1840932.913499999558553 ], [ 648329.570300001651049, 1840938.4023 ], [ 648381.197500001173466, 1840926.664699999149889 ], [ 648380.620300000882708, 1840908.97829999984242 ], [ 648381.700500000733882, 1840880.55409999913536 ], [ 648398.019100002478808, 1840864.587400000542402 ], [ 648417.957500001881272, 1840868.646500000962988 ], [ 648442.266300001996569, 1840895.051200000569224 ], [ 648467.317100001731887, 1840924.525199999334291 ], [ 648490.85080000187736, 1840951.689600000390783 ], [ 648502.205300001660362, 1840967.9563 ], [ 648538.247900002053939, 1841045.980399999534711 ], [ 648552.793600001372397, 1841051.519300000742078 ], [ 648623.452200001920573, 1841198.329399999463931 ], [ 648671.236900001531467, 1841186.551799999782816 ], [ 648702.23300000175368, 1841163.826500000199303 ], [ 648653.112500001210719, 1841015.716600000858307 ], [ 648574.001900002127513, 1840868.036699998890981 ], [ 648554.500400002580136, 1840824.015599999343976 ], [ 648507.589800001122057, 1840825.805299998959526 ], [ 648449.398900001891889, 1840804.419600000372157 ], [ 648432.692800002172589, 1840785.79340000031516 ], [ 648378.89690000214614, 1840785.213500000536442 ], [ 648345.888800002168864, 1840781.004399999743327 ], [ 648315.791500002611428, 1840720.726600000634789 ], [ 648309.178300001425669, 1840692.982300000498071 ], [ 648341.922600001445971, 1840650.290999999502674 ], [ 648360.088200001511723, 1840605.90000000060536 ], [ 648412.828600000706501, 1840562.668800000101328 ], [ 648405.514500002958812, 1840527.995899999514222 ], [ 648381.873700002324767, 1840510.829399998998269 ], [ 648284.910800001583993, 1840521.307199999224395 ], [ 648223.17420000245329, 1840543.692700000945479 ], [ 648193.316000001505017, 1840532.604900000384077 ], [ 648142.97510000213515, 1840496.702199999243021 ], [ 648105.78630000166595, 1840452.481299999635667 ], [ 648125.972200001007877, 1840434.255000000819564 ], [ 648224.081200001528487, 1840389.20409999974072 ], [ 648238.816500001354143, 1840377.066600000252947 ], [ 648218.894600001629442, 1840300.75209999945946 ], [ 648048.733300002291799, 1840326.576899999752641 ], [ 648046.614200003328733, 1840309.6403 ], [ 648063.237800002098083, 1840265.239399999612942 ], [ 648092.609500001883134, 1840250.18239999958314 ], [ 648108.350800001295283, 1840216.52930000028573 ], [ 648114.972200001589954, 1840172.788200000533834 ], [ 648114.419700001832098, 1840152.8022 ], [ 648163.779400001745671, 1840137.965299999108538 ], [ 648146.075500002596527, 1840069.35920000099577 ], [ 648114.658900002366863, 1840060.561000001151115 ], [ 648067.410200001904741, 1840022.378799999132752 ], [ 648047.191400001989678, 1839972.968900000676513 ], [ 648028.349600002518855, 1839938.945800000568852 ], [ 648005.48390000173822, 1839921.019400000339374 ], [ 647989.8333000021521, 1839875.498700000811368 ], [ 647983.624200002057478, 1839810.092000000178814 ], [ 647976.268900001421571, 1839780.028100001160055 ], [ 647819.540100001497194, 1839772.949599999701604 ], [ 647790.547700002207421, 1839681.928099999204278 ], [ 647751.083100002142601, 1839635.387599998852238 ], [ 647732.307300001499243, 1839594.435900000622496 ], [ 647736.488000001059845, 1839563.742199999745935 ], [ 647758.982600000919774, 1839544.766000000527129 ], [ 647788.93980000144802, 1839546.625600000610575 ], [ 647817.31370000122115, 1839553.084299999522045 ], [ 647835.009300001314841, 1839480.259099999675527 ], [ 647850.626900001196191, 1839458.133599999593571 ], [ 647879.009100002120249, 1839463.052600000286475 ], [ 647899.030000003520399, 1839460.193199999397621 ], [ 647957.921900000073947, 1839417.02199999964796 ], [ 647974.405300001846626, 1839384.918500000843778 ], [ 647992.364800003007986, 1839359.743699999293312 ], [ 647980.070200000307523, 1839288.128300000214949 ], [ 647958.697000000625849, 1839274.831000000471249 ], [ 647824.256700001307763, 1839267.22249999968335 ], [ 647832.708700002054684, 1839196.596899999072775 ], [ 647794.546900001470931, 1839100.866399999242276 ], [ 647753.144600002910011, 1839091.188300000969321 ], [ 647743.917500002775341, 1839091.858200000831857 ], [ 647725.31480000121519, 1839106.255299999611452 ], [ 647704.683700000168756, 1839094.507700000656769 ], [ 647683.434200002229773, 1839069.682700000237674 ], [ 647679.946200001169927, 1839036.589500000700355 ], [ 647697.312000001664273, 1838994.497999999206513 ], [ 647732.901000001351349, 1838973.36229999945499 ], [ 647747.751800001249649, 1838951.236799999605864 ], [ 647749.508100001839921, 1838930.501000000163913 ], [ 647751.074900002335198, 1838899.107399999862537 ], [ 647765.727700001676567, 1838866.754000000655651 ], [ 647788.074000001652166, 1838852.896799999754876 ], [ 647814.271000000881031, 1838828.251900000264868 ], [ 647839.701200001290999, 1838800.517500000307336 ], [ 647834.316700001712888, 1838784.340799999888986 ], [ 647785.781600002199411, 1838774.312799999723211 ], [ 647723.385300002410077, 1838768.903899998636916 ], [ 647663.297800001688302, 1838758.096100000664592 ], [ 647638.642800001194701, 1838756.546499999472871 ], [ 647618.597100001759827, 1838820.4834 ], [ 647479.935000001452863, 1838794.248800000408664 ], [ 647448.312200001673773, 1838905.176199999870732 ], [ 647402.094200003310107, 1838880.511199999367818 ], [ 647365.886700001661666, 1838888.969499999890104 ], [ 647335.838900000904687, 1838893.588600000599399 ], [ 647305.015900001046248, 1838895.888100000564009 ], [ 647268.80020000168588, 1838915.134199999039993 ], [ 647251.071600001887418, 1838949.0273 ], [ 647231.042400001548231, 1838956.725700000999495 ], [ 647222.565700001316145, 1838964.424100000411272 ], [ 647200.986300001386553, 1838977.511499998392537 ], [ 647180.957200001343153, 1838978.281300000846386 ], [ 647160.928000002168119, 1838970.572899999562651 ], [ 647143.216000002110377, 1838959.775100000435486 ], [ 647133.19730000209529, 1838965.943800000706688 ], [ 647135.036100001190789, 1838990.928699999814853 ], [ 647160.853800001787022, 1839091.138300000224262 ], [ 647175.135600001667626, 1839120.502399999648333 ], [ 647188.22180000168737, 1839119.112700000405312 ], [ 647189.994600001373328, 1839097.607000001007691 ], [ 647186.350000001839362, 1839079.1208 ], [ 647209.487800001283176, 1839071.682299999753013 ], [ 647284.228100002161227, 1839055.585599999176338 ], [ 647344.241400001337752, 1839050.0867000001017 ], [ 647390.294400002225302, 1839055.965500000631437 ], [ 647410.900800000992604, 1839070.022600000258535 ], [ 647407.520000001648441, 1839097.656999999424443 ], [ 647408.014700002036989, 1839123.031899999361485 ], [ 647418.709600000875071, 1839129.300599999725819 ], [ 647437.147300001350231, 1839130.270400000270456 ], [ 647450.200500002130866, 1839202.665600000182167 ], [ 647486.160600001458079, 1839217.6526 ], [ 647517.75870000210125, 1839210.314099999144673 ], [ 647537.268400001572445, 1839182.849700000137091 ], [ 647546.602700001327321, 1839172.9617000001017 ], [ 647579.685000000637956, 1839170.2422 ], [ 647627.205800000810996, 1839183.059599998639897 ], [ 647657.698900001705624, 1839206.45490000071004 ], [ 647675.048200002056547, 1839236.618699999526143 ], [ 647684.836000001756474, 1839255.175000000745058 ], [ 647707.03380000218749, 1839263.873199998633936 ], [ 647726.91450000135228, 1839274.081099999835715 ], [ 647735.655100001487881, 1839317.992200000211596 ], [ 647732.150600002612919, 1839357.924000000348315 ], [ 647733.503000001073815, 1839374.8506 ], [ 647726.287800002028234, 1839402.435000000754371 ], [ 647697.551100001204759, 1839429.799399999668822 ], [ 647671.584900001180358, 1839484.858200000599027 ], [ 647645.148700000951067, 1839512.242599999764934 ], [ 647625.342200001701713, 1839566.611600000178441 ], [ 647610.969700001645833, 1839616.411399999400601 ], [ 647619.083600001293235, 1839648.015000000130385 ], [ 647647.845100001199171, 1839689.066600000252947 ], [ 647668.245300001115538, 1839721.57 ], [ 647735.547900001169182, 1839965.200399999739602 ], [ 647785.600200002314523, 1839957.291999999433756 ], [ 647831.100800001993775, 1839943.184900000225753 ], [ 647842.504800001857802, 1839954.832499999320135 ], [ 647867.448500001686625, 1840064.260299998801202 ], [ 647887.312700001522899, 1840076.007899999152869 ], [ 647912.36360000143759, 1840104.711999999126419 ], [ 647935.278800002066419, 1840118.029300000984222 ], [ 647964.493800001568161, 1840117.579399998998269 ], [ 647980.457800002070144, 1840133.8961 ], [ 647979.377500002738088, 1840162.320299999555573 ], [ 647969.721700001507998, 1840202.192199999466538 ], [ 647958.062000002013519, 1840214.359700000146404 ], [ 647919.323100000503473, 1840242.384000000311062 ], [ 647886.966400001198053, 1840248.9527000002563 ], [ 647874.572900001308881, 1840258.04079999960959 ], [ 647885.737700001918711, 1840291.21409999881871 ], [ 647893.802200003177859, 1840327.426700000185519 ], [ 647930.586900002323091, 1840408.540200000395998 ], [ 647952.982600002083927, 1840469.507799999322742 ], [ 647973.127200002083555, 1840525.836300000781193 ] ] } },
{ "type": "Feature", "properties": { "hy_use": null, "hy_mriver": null, "str_id": null, "str_type": null, "str_name_t": null, "str_name_e": null, "mod_date": null, "length": null, "source_layer": "minor_stream", "OBJECTID": 578149.0, "HY_USE": 13.0, "HY_LNAME": null, "HY_MRIVER": null, "LENGTH": 0.01 }, "geometry": { "type": "LineString", "coordinates": [ [ 639219.965600001392886, 1838744.418900000164285 ], [ 639175.190600001718849, 1838805.456499999621883 ], [ 639282.683500001206994, 1838846.298199999611825 ], [ 639384.049600000493228, 1838874.202500000130385 ], [ 639519.677300000796095, 1838899.727299999212846 ], [ 639649.145300001604483, 1838899.377399999182671 ], [ 639669.553700001793914, 1838843.728700000792742 ], [ 639630.715800001984462, 1838843.838699999265373 ], [ 639529.423900000983849, 1838842.588899999391288 ], [ 639402.916100000729784, 1838810.175500000128523 ], [ 639219.965600001392886, 1838744.418900000164285 ] ] } },
{ "type": "Feature", "properties": { "hy_use": null, "hy_mriver": null, "str_id": null, "str_type": null, "str_name_t": null, "str_name_e": null, "mod_date": null, "length": null, "source_layer": "minor_stream", "OBJECTID": 578151.0, "HY_USE": 12.0, "HY_LNAME": null, "HY_MRIVER": null, "LENGTH": 0.009 }, "geometry": { "type": "LineString", "coordinates": [ [ 644636.809100001584738, 1838742.679300000891089 ], [ 644581.916500002145767, 1838771.293500000378117 ], [ 644592.908200001693331, 1838821.373299999162555 ], [ 644607.420900002820417, 1838899.937299999641255 ], [ 644622.560299999895506, 1838992.338500001002103 ], [ 644636.273100001038983, 1839074.741699998965487 ], [ 644640.008500003721565, 1839084.769600000232458 ], [ 644659.567600000649691, 1839124.181600000942126 ], [ 644698.587000001920387, 1839140.748199999332428 ], [ 644722.574100001249462, 1839126.411199999740347 ], [ 644751.4099000004353, 1839089.828600000357255 ], [ 644733.582300001522526, 1839005.755699999630451 ], [ 644708.919000000925735, 1838914.234400000423193 ], [ 644706.461800001794472, 1838840.289400000358 ], [ 644708.374800000106916, 1838805.716399998869747 ], [ 644684.34640000120271, 1838753.187100000679493 ], [ 644636.809100001584738, 1838742.679300000891089 ] ] } },
{ "type": "Feature", "properties": { "hy_use": null, "hy_mriver": null, "str_id": null, "str_type": null, "str_name_t": null, "str_name_e": null, "mod_date": null, "length": null, "source_layer": "minor_stream", "OBJECTID": 578152.0, "HY_USE": 1.0, "HY_LNAME": null, "HY_MRIVER": null, "LENGTH": 0.006 }, "geometry": { "type": "LineString", "coordinates": [ [ 644301.82990000222344, 1838742.449300000676885 ], [ 644163.085400001029484, 1838988.929199999198318 ], [ 644210.84530000097584, 1839011.284600000130013 ], [ 644348.823000001371838, 1838767.884099998977035 ], [ 644301.82990000222344, 1838742.449300000676885 ] ] } },
{ "type": "Feature", "properties": { "hy_use": null, "hy_mriver": null, "str_id": null, "str_type": null, "str_name_t": null, "str_name_e": null, "mod_date": null, "length": null, "source_layer": "minor_stream", "OBJECTID": 578157.0, "HY_USE": 2.0, "HY_LNAME": null, "HY_MRIVER": null, "LENGTH": 0.005 }, "geometry": { "type": "LineString", "coordinates": [ [ 651428.234900001902133, 1838730.021900000749156 ], [ 651406.573100002016872, 1838732.181399999186397 ], [ 651362.7299000013154, 1838734.350999999325722 ], [ 651368.139200001722202, 1838747.888200000161305 ], [ 651387.632400001981296, 1838797.7181 ], [ 651416.863900002092123, 1838900.627100000390783 ], [ 651439.333800002234057, 1838959.935099999420345 ], [ 651509.16790000104811, 1839148.956599999219179 ], [ 651516.473700002068654, 1839168.192700000246987 ] ] } },
{ "type": "Feature", "properties": { "hy_use": null, "hy_mriver": null, "str_id": null, "str_type": null, "str_name_t": null, "str_name_e": null, "mod_date": null, "length": null, "source_layer": "minor_stream", "OBJECTID": 578189.0, "HY_USE": 12.0, "HY_LNAME": "หนองแหลมพระ", "HY_MRIVER": null, "LENGTH": 0.003 }, "geometry": { "type": "LineString", "coordinates": [ [ 648841.36510000214912, 1838639.3003 ], [ 648820.560900001088157, 1838641.609799999278039 ], [ 648802.073700001230463, 1838644.679199999198318 ], [ 648777.418600002070889, 1838653.917300001485273 ], [ 648764.316000001737848, 1838667.014699999243021 ], [ 648758.914900002535433, 1838682.42149999900721 ], [ 648761.223800001549534, 1838697.828400000697002 ], [ 648765.841400002362207, 1838709.386100000236183 ], [ 648777.402100001694635, 1838717.094499999890104 ], [ 648811.29250000230968, 1838716.334599999710917 ], [ 648825.162000000826083, 1838709.396099999314174 ], [ 648842.115500003797933, 1838693.999199999030679 ], [ 648850.592200001119636, 1838682.44150000042282 ], [ 648857.535200001788326, 1838664.725099999224767 ], [ 648855.226400001556613, 1838647.00870000012219 ], [ 648841.36510000214912, 1838639.3003 ] ] } },
{ "type": "Feature", "properties": { "hy_use": null, "hy_mriver": null, "str_id": null, "str_type": null, "str_name_t": null, "str_name_e": null, "mod_date": null, "length": null, "source_layer": "minor_stream", "OBJECTID": 578215.0, "HY_USE": 2.0, "HY_LNAME": null, "HY_MRIVER": null, "LENGTH": 0.004 }, "geometry": { "type": "LineString", "coordinates": [ [ 651641.258000002009794, 1838566.175200000405312 ], [ 651640.177800001343712, 1838568.884700000751764 ], [ 651484.801400001626462, 1838559.676500000292435 ], [ 651530.277200002339669, 1838670.174000000581145 ], [ 651537.591300001717173, 1838692.1096 ], [ 651467.213000002200715, 1838711.065699999686331 ], [ 651428.234900001902133, 1838730.021900000749156 ] ] } },
{ "type": "Feature", "properties": { "hy_use": null, "hy_mriver": null, "str_id": null, "str_type": null, "str_name_t": null, "str_name_e": null, "mod_date": null, "length": null, "source_layer": "minor_stream", "OBJECTID": 578299.0, "HY_USE": 13.0, "HY_LNAME": "หนองแฝก", "HY_MRIVER": null, "LENGTH": 0.015 }, "geometry": { "type": "LineString", "coordinates": [ [ 639777.986600001109764, 1838293.710699999006465 ], [ 639736.988300001015887, 1838340.281199999153614 ], [ 639676.298800001153722, 1838427.263499998953193 ], [ 639596.5285000015283, 1838499.058899999829009 ], [ 639501.454000001656823, 1838544.24970000050962 ], [ 639390.291700001456775, 1838555.207399999490008 ], [ 639221.928100001183338, 1838532.822000000625849 ], [ 639181.548200001823716, 1838528.352900000289083 ], [ 639170.795600000536069, 1838586.141100000590086 ], [ 639339.926100000739098, 1838603.367599998600781 ], [ 639476.485500000882894, 1838606.007099999347702 ], [ 639580.003900000359863, 1838585.92119999974966 ], [ 639644.626600001356564, 1838545.389399999286979 ], [ 639725.889400001498871, 1838461.396500000962988 ], [ 639778.23400000075344, 1838385.861900000134483 ], [ 639802.460300001897849, 1838332.482800000114366 ], [ 639808.488000000361353, 1838308.097700000507757 ], [ 639777.986600001109764, 1838293.710699999006465 ] ] } },
{ "type": "Feature", "properties": { "hy_use": null, "hy_mriver": null, "str_id": null, "str_type": null, "str_name_t": null, "str_name_e": null, "mod_date": null, "length": null, "source_layer": "minor_stream", "OBJECTID": 578399.0, "HY_USE": 2.0, "HY_LNAME": null, "HY_MRIVER": null, "LENGTH": 0.023 }, "geometry": { "type": "LineString", "coordinates": [ [ 653627.920200001564808, 1837988.156099999323487 ], [ 653612.938400000566617, 1837983.943700000178069 ], [ 653593.989400003221817, 1837975.815400000894442 ], [ 653402.883700001984835, 1837936.823300000512972 ], [ 653274.578400002326816, 1837910.818600001512095 ], [ 653215.299000001512468, 1837896.471499999286607 ], [ 653162.789500002283603, 1837892.6722999997437 ], [ 653163.869700002367608, 1837913.798000000882894 ], [ 653087.537900001741946, 1837931.674399999668822 ], [ 652965.186100001330487, 1837963.627800000598654 ], [ 652970.603600001428276, 1838055.699100000783801 ], [ 652973.30820000206586, 1838179.193999999202788 ], [ 652973.580300001893193, 1838189.211899998830631 ], [ 652974.660500001627952, 1838209.797700001159683 ], [ 652907.531100001651794, 1838217.916099999565631 ], [ 652757.572200001683086, 1838233.622899999842048 ], [ 652640.63790000253357, 1838246.6202 ], [ 652553.199000002583489, 1838258.267899999162182 ], [ 652219.448400001740083, 1838305.1183 ], [ 652229.731000001193024, 1838358.197499999543652 ], [ 652042.146300002466887, 1838402.3386 ], [ 651905.718800002010539, 1838434.291999999200925 ], [ 651796.906600002665073, 1838460.836599999340251 ], [ 651619.604500002111308, 1838499.0189 ], [ 651641.258000002009794, 1838566.175200000405312 ] ] } },
{ "type": "Feature", "properties": { "hy_use": null, "hy_mriver": null, "str_id": null, "str_type": null, "str_name_t": null, "str_name_e": null, "mod_date": null, "length": null, "source_layer": "minor_stream", "OBJECTID": 578405.0, "HY_USE": 12.0, "HY_LNAME": "หนองบัว", "HY_MRIVER": null, "LENGTH": 0.003 }, "geometry": { "type": "LineString", "coordinates": [ [ 649304.616700001526624, 1837852.1006 ], [ 649282.270400001434609, 1837864.417999999364838 ], [ 649274.560600001597777, 1837874.426000000908971 ], [ 649273.785400002030656, 1837891.372600000351667 ], [ 649273.010300002060831, 1837908.32909999974072 ], [ 649286.104700002237223, 1837925.275699998950586 ], [ 649320.770300001371652, 1837939.152799998642877 ], [ 649341.574500001966953, 1837931.454399999463931 ], [ 649361.603700001491234, 1837917.597200000658631 ], [ 649366.229600002290681, 1837902.9602 ], [ 649364.695900001097471, 1837885.24379999935627 ], [ 649356.227400002069771, 1837865.97770000086166 ], [ 649344.675000001559965, 1837856.729599999496713 ], [ 649326.187800001120195, 1837852.87040000082925 ], [ 649304.616700001526624, 1837852.1006 ] ] } },
{ "type": "Feature", "properties": { "hy_use": null, "hy_mriver": null, "str_id": null, "str_type": null, "str_name_t": null, "str_name_e": null, "mod_date": null, "length": null, "source_layer": "minor_stream", "OBJECTID": 578547.0, "HY_USE": 12.0, "HY_LNAME": null, "HY_MRIVER": null, "LENGTH": 0.009 }, "geometry": { "type": "LineString", "coordinates": [ [ 646277.344599999953061, 1837316.579600000288337 ], [ 646359.720599999884143, 1837499.952199999243021 ], [ 646405.138700001640245, 1837607.050399999832734 ], [ 646410.531500000623055, 1837629.395899999653921 ], [ 646405.897300003212877, 1837641.723400000482798 ], [ 646398.19570000085514, 1837654.05089999968186 ], [ 646384.326200001989491, 1837666.368399999802932 ], [ 646358.129100000485778, 1837676.376299999654293 ], [ 646335.782900001038797, 1837690.2335 ], [ 646344.251400002278388, 1837712.5789 ], [ 646382.767700001480989, 1837702.581 ], [ 646388.943800000473857, 1837683.314899999648333 ], [ 646410.515000001061708, 1837665.608499999856576 ], [ 646474.469700000248849, 1837636.354499999200925 ], [ 646452.91510000184644, 1837587.034499999135733 ], [ 646386.701000002445653, 1837442.184000000124797 ], [ 646326.646500001661479, 1837319.6689 ], [ 646277.344599999953061, 1837316.579600000288337 ] ] } },
{ "type": "Feature", "properties": { "hy_use": null, "hy_mriver": null, "str_id": null, "str_type": null, "str_name_t": null, "str_name_e": null, "mod_date": null, "length": null, "source_layer": "minor_stream", "OBJECTID": 578594.0, "HY_USE": 2.0, "HY_LNAME": null, "HY_MRIVER": null, "LENGTH": 0.022 }, "geometry": { "type": "LineString", "coordinates": [ [ 646610.616900001186877, 1839006.455600001616403 ], [ 646614.550100001972169, 1838903.116599998902529 ], [ 646623.035100001608953, 1838867.683800001395866 ], [ 646626.12730000144802, 1838843.028799999505281 ], [ 646639.229900001781061, 1838833.790699999546632 ], [ 646688.540100001497194, 1838810.685399999376386 ], [ 646737.850200002081692, 1838789.129799999762326 ], [ 646773.290900000720285, 1838775.28260000073351 ], [ 646791.786300000851043, 1838759.875800000270829 ], [ 646797.187300001969561, 1838734.450999999186024 ], [ 646799.504400002304465, 1838713.655200000852346 ], [ 646804.913700002245605, 1838677.442600000184029 ], [ 646802.6049000013154, 1838652.79759999900125 ], [ 646791.827500001294538, 1838636.61089999973774 ], [ 646778.733100001583807, 1838623.513499999186024 ], [ 646774.123700002208352, 1838593.459599999245256 ], [ 646772.590000001364388, 1838559.56650000042282 ], [ 646761.820900001097471, 1838514.875600001076236 ], [ 646751.810500000603497, 1838485.601600000401959 ], [ 646746.425900000846013, 1838465.565700000617653 ], [ 646746.434200001647696, 1838444.000099999830127 ], [ 646756.452900001197122, 1838423.204299999633804 ], [ 646760.311900001368485, 1838393.1604 ], [ 646760.320200003567152, 1838367.735600000247359 ], [ 646763.412400001310743, 1838345.390100000426173 ], [ 646776.515000000828877, 1838322.284799999790266 ], [ 646791.926500000990927, 1838302.258899999549612 ], [ 646796.552400001324713, 1838287.6219 ], [ 646780.3823000008706, 1838273.754699999466538 ], [ 646751.884700001799501, 1838248.319900000467896 ], [ 646737.256500001763925, 1838225.974400000879541 ], [ 646731.86380000191275, 1838211.33739999984391 ], [ 646730.33830000157468, 1838182.053400000557303 ], [ 646732.647100000875071, 1838169.7359 ], [ 646741.915400001686066, 1838108.098400000715628 ], [ 646751.167300001718104, 1838073.435500000137836 ], [ 646752.717500002239831, 1838051.869899999350309 ], [ 646744.249000001698732, 1838038.762599998619407 ], [ 646732.688300001434982, 1838035.6832 ], [ 646718.827100001741201, 1838025.665200000395998 ], [ 646720.369100001873448, 1838012.5679 ], [ 646735.78880000137724, 1837995.621300000697374 ], [ 646745.807500001625158, 1837974.05570000060834 ], [ 646751.975400001509115, 1837954.0298 ], [ 646749.674800001899712, 1837919.356899999082088 ], [ 646749.674800001550466, 1837911.64839999913238 ], [ 646765.877900001709349, 1837836.933599999174476 ], [ 646785.156700001913123, 1837779.155400000745431 ], [ 646800.576400001533329, 1837745.262299999594688 ], [ 646807.511100000934675, 1837738.33369999891147 ], [ 646846.035700001986697, 1837728.3257 ], [ 646862.214100001961924, 1837722.936799998860806 ], [ 646893.037000000709668, 1837709.849499999778345 ], [ 646914.608200000599027, 1837706.780099999159575 ], [ 646943.880900001269765, 1837699.851500000804663 ], [ 646961.609500001883134, 1837685.224500000244007 ], [ 646986.264600002439693, 1837666.738299999618903 ], [ 646993.1993000023067, 1837655.950500000268221 ], [ 646997.833500001113862, 1837637.464199999347329 ], [ 647012.46980000147596, 1837632.075300000375137 ], [ 647030.181900001363829, 1837642.103299999143928 ], [ 647055.603900002199225, 1837651.351399999111891 ], [ 647073.32420000154525, 1837651.361400000518188 ], [ 647086.426800001063384, 1837645.972500000149012 ], [ 647093.361600002273917, 1837625.166699999710545 ], [ 647099.537700001848862, 1837595.892700000200421 ], [ 647101.86300000094343, 1837558.150399999227375 ], [ 647115.732600002782419, 1837531.185900000855327 ], [ 647135.770000000717118, 1837505.771 ], [ 647153.498500001733191, 1837475.727199999382719 ], [ 647160.441500001121312, 1837448.002800001297146 ], [ 647158.907800002256408, 1837430.276399999856949 ], [ 647151.206200002110563, 1837418.718800000846386 ], [ 647133.494100001174957, 1837416.39919999986887 ], [ 647112.689800001797266, 1837411.000299999723211 ], [ 647100.37050000182353, 1837394.823599999537691 ], [ 647112.698100000736304, 1837377.107199999736622 ], [ 647112.706300001475029, 1837356.301499999593943 ], [ 647100.387000001734123, 1837343.204099999507889 ], [ 647081.899900001473725, 1837330.876599999610335 ], [ 647061.103800001204945, 1837319.30900000105612 ], [ 647044.925500001409091, 1837303.132300000404939 ], [ 647034.915000001667067, 1837287.715399999171495 ], [ 647033.381300000124611, 1837271.538699999684468 ], [ 647040.324300001724623, 1837246.113900000229478 ], [ 647053.427000001771376, 1837228.3975000011269 ], [ 647061.91190000064671, 1837192.194900000467896 ], [ 647064.22900000330992, 1837165.230399999534711 ], [ 647061.928400000557303, 1837148.283800000324845 ], [ 647049.609100001864135, 1837117.460100001189858 ] ] } },
{ "type": "Feature", "properties": { "hy_use": null, "hy_mriver": null, "str_id": null, "str_type": null, "str_name_t": null, "str_name_e": null, "mod_date": null, "length": null, "source_layer": "minor_stream", "OBJECTID": 578598.0, "HY_USE": 2.0, "HY_LNAME": null, "HY_MRIVER": null, "LENGTH": 0.007 }, "geometry": { "type": "LineString", "coordinates": [ [ 643383.97680000110995, 1837104.712699998868629 ], [ 643372.06150000100024, 1837107.7421 ], [ 643361.267700001248159, 1837114.670700000599027 ], [ 643355.874900001334026, 1837126.998099999269471 ], [ 643356.641800001030788, 1837149.333599999314174 ], [ 643361.251200001803227, 1837168.5997 ], [ 643365.868900001514703, 1837187.085899999598041 ], [ 643365.868900000816211, 1837205.572100000455976 ], [ 643362.776700001908466, 1837231.766799999168143 ], [ 643352.758000001311302, 1837247.173699998995289 ], [ 643342.731100001372397, 1837268.739299999317154 ], [ 643327.319600000861101, 1837293.394300000742078 ], [ 643313.441800001659431, 1837324.208000001031905 ], [ 643288.778500001411885, 1837359.6308 ], [ 643267.199100000201724, 1837384.27580000134185 ], [ 643256.405300000449643, 1837400.452500000596046 ], [ 643243.310900001553819, 1837410.460399999516085 ], [ 643227.899400002206676, 1837425.0975 ], [ 643217.105600002221763, 1837435.8753 ], [ 643208.628900000592694, 1837445.123400000855327 ], [ 643187.824600000865757, 1837462.839800000423566 ], [ 643176.263900000485592, 1837475.157299998681992 ], [ 643163.936400001053698, 1837488.25459999893792 ], [ 643154.684600000968203, 1837507.510700000450015 ], [ 643144.665900000371039, 1837523.687400000868365 ], [ 643140.040000001899898, 1837536.774700000882149 ], [ 643135.405800001346506, 1837552.951400000834838 ], [ 643128.471000001882203, 1837561.429700000444427 ], [ 643111.525800000992604, 1837565.278899999102578 ], [ 643094.572400000761263, 1837564.499099999433383 ], [ 643075.310100001050159, 1837570.657799999695271 ], [ 643071.459300002083182, 1837579.126099999761209 ], [ 643068.367100001312792, 1837602.241399999707937 ], [ 643077.610700000775978, 1837614.5689 ], [ 643078.377500002039596, 1837629.9757999998983 ], [ 643066.041700003086589, 1837657.710100000491366 ], [ 643059.107000002171844, 1837667.718100000172853 ], [ 643049.855200001271442, 1837683.894799999892712 ] ] } },
{ "type": "Feature", "properties": { "hy_use": null, "hy_mriver": null, "str_id": null, "str_type": null, "str_name_t": null, "str_name_e": null, "mod_date": null, "length": null, "source_layer": "minor_stream", "OBJECTID": 578599.0, "HY_USE": 2.0, "HY_LNAME": null, "HY_MRIVER": null, "LENGTH": 0.0 }, "geometry": { "type": "LineString", "coordinates": [ [ 643395.59520000172779, 1837101.04340000054799 ], [ 643383.97680000110995, 1837104.712699998868629 ] ] } },
{ "type": "Feature", "properties": { "hy_use": null, "hy_mriver": null, "str_id": null, "str_type": null, "str_name_t": null, "str_name_e": null, "mod_date": null, "length": null, "source_layer": "minor_stream", "OBJECTID": 578602.0, "HY_USE": 1.0, "HY_LNAME": "คลองโกรงเกร", "HY_MRIVER": "แม่น้ำน่าน", "LENGTH": 0.161 }, "geometry": { "type": "LineString", "coordinates": [ [ 644890.805900002713315, 1841154.458399999653921 ], [ 644894.368100002640858, 1841181.772800000617281 ], [ 644916.920400001923554, 1841179.393300000578165 ], [ 644958.463000001269393, 1841152.088799998862669 ], [ 644985.765000000363216, 1841111.7071 ], [ 645007.13000000140164, 1841047.5801 ], [ 645021.37060000130441, 1840978.714099999517202 ], [ 645028.495000001043081, 1840883.7135 ], [ 645033.236299999873154, 1840778.025000001071021 ], [ 645023.745400000596419, 1840700.830700000980869 ], [ 645017.808400001842529, 1840643.832300000125542 ], [ 644982.202800001134165, 1840571.39699999964796 ], [ 644928.786200001253746, 1840520.337400000542402 ], [ 644826.710900001577102, 1840450.271700000623241 ], [ 644715.136400001123548, 1840338.644400000339374 ], [ 644640.363100000657141, 1840262.649900000542402 ], [ 644548.37240000104066, 1840193.174000000581145 ], [ 644496.143300001276657, 1840169.428900000173599 ], [ 644452.225900002405979, 1840144.493899999186397 ], [ 644410.683300001546741, 1840096.993599999696016 ], [ 644340.651400001486763, 1840042.364700000733137 ], [ 644269.432000001426786, 1840017.429800000274554 ], [ 644212.4615000016056, 1839984.176599999889731 ], [ 644118.698000000556931, 1839941.4253 ], [ 644049.853400002117269, 1839892.735200000461191 ], [ 644005.936100001214072, 1839852.36339999968186 ], [ 643988.125000001164153, 1839811.991599999368191 ], [ 644039.166800001403317, 1839772.799599999561906 ], [ 644110.386199999484234, 1839744.30540000111796 ], [ 644259.941100001917221, 1839700.364299999317154 ], [ 644369.140800002147444, 1839690.86629999987781 ], [ 644449.851100000785664, 1839663.551799999549985 ], [ 644545.403900000150315, 1839645.145600000396371 ], [ 644618.998100001947023, 1839607.143300000345334 ], [ 644694.958800001884811, 1839588.147199999075383 ], [ 644754.304200003156438, 1839585.767699999501929 ], [ 644817.211700001731515, 1839592.89619999867864 ], [ 644915.733000001870096, 1839617.8311 ], [ 645013.058700001332909, 1839655.833399999886751 ], [ 645100.893500002217479, 1839690.2664 ], [ 645155.497500000172295, 1839691.456199999898672 ], [ 645218.405000001657754, 1839672.46000000089407 ], [ 645249.260999999707565, 1839624.959699999308214 ], [ 645264.697200001450256, 1839579.8289 ], [ 645259.947600000770763, 1839519.271199998212978 ], [ 645237.395200001308694, 1839483.648499998729676 ], [ 645214.842800001613796, 1839438.5176 ], [ 645197.040000001201406, 1839363.712899999693036 ], [ 645180.42459999921266, 1839240.208000001264736 ], [ 645164.988400001078844, 1839097.707000000867993 ], [ 645165.582100001978688, 1838977.171499999472871 ], [ 645169.144300001091324, 1838903.54649999900721 ], [ 645173.893900000490248, 1838802.607100001070648 ], [ 645186.955400002072565, 1838712.365399999311194 ], [ 645184.580600001965649, 1838664.865099999355152 ], [ 645170.331700001494028, 1838625.673099999781698 ], [ 645128.789200002676807, 1838613.795499999076128 ], [ 645070.631200001924299, 1838617.364800000330433 ], [ 644976.859500003512949, 1838631.611900000134483 ], [ 644917.514200001489371, 1838632.801599999889731 ], [ 644874.784200000809506, 1838632.80159999942407 ], [ 644820.180200002156198, 1838623.303600000217557 ], [ 644734.720300001557916, 1838578.172800000291318 ], [ 644684.874100000364706, 1838542.550000000512227 ], [ 644626.11430000141263, 1838494.45979999913834 ], [ 644576.268100002082065, 1838429.143100000917912 ], [ 644525.226400000741705, 1838378.0835 ], [ 644468.255800002487376, 1838292.580900000873953 ], [ 644414.839200001209974, 1838213.017100000288337 ], [ 644345.994700001785532, 1838127.514499999582767 ], [ 644292.586300000897609, 1838066.956800000509247 ], [ 644252.231200001435354, 1838024.205499998759478 ], [ 644220.773300001397729, 1838012.927799999713898 ], [ 644176.295200000400655, 1837995.0415 ], [ 644168.428700000862591, 1837986.753100000321865 ], [ 644156.101100002299063, 1837979.044700000435114 ], [ 644145.323800002224743, 1837972.106100000673905 ], [ 644132.996300000464544, 1837964.3977 ], [ 644111.425100000575185, 1837951.290400000754744 ], [ 644090.629100001067854, 1837936.653300000121817 ], [ 644068.291100000729784, 1837925.085699999006465 ], [ 644048.270200001075864, 1837914.297900000354275 ], [ 644029.783000000985339, 1837901.960399999748915 ], [ 644012.837800001259893, 1837886.55350000038743 ], [ 644004.361100001609884, 1837883.464199999114498 ], [ 643984.340200001606718, 1837864.9679000005126 ], [ 643968.937000000965782, 1837851.8706 ], [ 643956.617700002156198, 1837836.453700000187382 ], [ 643947.374100000946783, 1837821.816700000781566 ], [ 643940.447600000537932, 1837804.870200001168996 ], [ 643936.605000001844019, 1837777.1258 ], [ 643951.249600001145154, 1837752.480799998855218 ], [ 643983.606300001614727, 1837735.544299999251962 ], [ 644015.196100001921877, 1837740.1733 ], [ 644049.086600001319312, 1837746.352099999785423 ], [ 644084.527200003154576, 1837739.423499999800697 ], [ 644114.575100001762621, 1837739.43349999957718 ], [ 644146.931800001533702, 1837734.05460000038147 ], [ 644168.511100003030151, 1837727.126000000163913 ], [ 644213.195400001248345, 1837712.499000000301749 ], [ 644241.701200001873076, 1837697.102099999552593 ], [ 644268.673400000669062, 1837673.996799999382347 ], [ 644292.569900001282804, 1837647.042300000786781 ], [ 644311.832100002910011, 1837616.22859999909997 ], [ 644327.251900000264868, 1837586.194700000574812 ], [ 644341.896500001195818, 1837559.230200000107288 ], [ 644349.614600001717918, 1837521.487800000235438 ], [ 644354.248800000874326, 1837478.346600000280887 ], [ 644352.715000000782311, 1837452.921800000825897 ], [ 644353.498400000855327, 1837428.266799999400973 ], [ 644351.189600001322106, 1837401.302300000330433 ], [ 644348.889000003458932, 1837375.107599999755621 ], [ 644338.119900001445785, 1837336.585499999346212 ], [ 644326.57570000179112, 1837287.275499999290332 ], [ 644315.031500002951361, 1837251.062899999553338 ], [ 644305.796200000680983, 1837206.381999999750406 ], [ 644301.186800001771189, 1837170.939200000604615 ], [ 644305.054100001347251, 1837132.416999999666587 ], [ 644315.847900002147071, 1837109.311699999496341 ], [ 644328.175400000996888, 1837093.134999999776483 ], [ 644352.063600001158193, 1837085.436599999899045 ], [ 644374.401600002544001, 1837083.1371 ], [ 644404.441200001980178, 1837094.704700000118464 ], [ 644428.321200001519173, 1837121.669199999421835 ], [ 644452.192900002002716, 1837154.812499999534339 ], [ 644499.169500000658445, 1837193.344599999254569 ], [ 644561.565800001262687, 1837221.098999998997897 ], [ 644654.776800001389347, 1837241.924699999624863 ], [ 644744.912100002169609, 1837237.325700000394136 ], [ 644785.745600002352148, 1837230.4070999994874 ], [ 644886.674700001836754, 1837228.127599998842925 ], [ 644974.49290000135079, 1837248.953299999237061 ], [ 645053.059300001244992, 1837275.947799999732524 ], [ 645140.877600001753308, 1837321.4286 ], [ 645221.761100001516752, 1837346.103499999269843 ], [ 645311.888100003590807, 1837371.558399999514222 ], [ 645412.042200001189485, 1837367.729099999880418 ], [ 645512.196200001984835, 1837356.2115 ], [ 645576.917800001334399, 1837334.655899999896064 ], [ 645633.921300001675263, 1837334.67589999968186 ], [ 645659.343300001695752, 1837359.330900000641122 ], [ 645654.700900000869296, 1837404.0218 ], [ 645635.430300001287833, 1837440.224400000879541 ], [ 645566.849700000253506, 1837508.760399998398498 ], [ 645452.034500000067055, 1837581.915500000584871 ], [ 645304.095800002105534, 1837668.927799999481067 ], [ 645156.148900001891889, 1837768.257600000360981 ], [ 645016.662200001883321, 1837889.9428 ], [ 644861.005400001187809, 1838029.334499999880791 ], [ 644814.762700001359917, 1838078.624399999156594 ], [ 644780.072400000761263, 1838137.932399999350309 ], [ 644750.00810000160709, 1838221.125399999320507 ], [ 644766.928500002017245, 1838304.338500000303611 ], [ 644801.577600001124665, 1838361.356899999082088 ], [ 644826.991300000809133, 1838384.482200000202283 ], [ 644862.860700001940131, 1838385.281999999890104 ], [ 644914.191100002499297, 1838381.6128 ], [ 644967.970500001916662, 1838376.723799999570474 ], [ 645055.970100001548417, 1838370.615000000689179 ], [ 645129.300400000996888, 1838349.819200000260025 ], [ 645159.85950000223238, 1838325.364199999719858 ], [ 645200.189900001510978, 1838276.454199999338016 ], [ 645293.689600001438521, 1838201.259500000393018 ], [ 645423.240000002086163, 1838134.003200000384822 ], [ 645506.349900001077913, 1838110.777899999404326 ], [ 645605.349500000942498, 1838111.997599999653175 ], [ 645682.349200001684949, 1838126.66469999961555 ], [ 645734.908200001809746, 1838145.010899999644607 ], [ 645864.458700001938269, 1838179.244000000413507 ], [ 645941.458400000818074, 1838195.140699999872595 ], [ 645953.678700001561083, 1838212.267200000584126 ], [ 645978.127600002102554, 1838255.05849999957718 ], [ 646001.34790000191424, 1838323.534600000828505 ], [ 645997.678500001435168, 1838388.341399999568239 ], [ 646008.678500001551583, 1838456.817500000586733 ], [ 646025.788600000552833, 1838492.280200000386685 ], [ 646116.525900000706315, 1838540.8804 ], [ 646130.288200002396479, 1838554.027699999511242 ], [ 646136.39840000285767, 1838601.718000000342727 ], [ 646163.288100001169369, 1838648.17850000038743 ], [ 646168.177800001809373, 1838725.212799999862909 ], [ 646175.508400001330301, 1838805.916400000918657 ], [ 646231.728600001661107, 1838860.945199999725446 ], [ 646259.84690000093542, 1838870.723200000822544 ], [ 646302.618100001825951, 1838869.503499999176711 ], [ 646334.397600000840612, 1838882.9507 ], [ 646367.719000001554377, 1838948.57740000099875 ], [ 646375.107300002127886, 1838976.331700000911951 ], [ 646371.685300001408905, 1839008.575200000312179 ], [ 646364.511400001938455, 1839031.5605 ], [ 646351.969500001054257, 1839054.485800000373274 ], [ 646348.563900002278388, 1839084.429700000211596 ], [ 646343.731900001177564, 1839105.125499999383464 ], [ 646331.882600001175888, 1839134.2096 ], [ 646328.493600001791492, 1839163.383599999826401 ], [ 646325.252900000661612, 1839178.720499999588355 ], [ 646328.658500001765788, 1839289.448000000789762 ], [ 646320.049800001084805, 1839303.954999999841675 ], [ 646304.506400001235306, 1839319.161900000181049 ], [ 646292.046900001820177, 1839334.398800000548363 ], [ 646285.070900001563132, 1839339.697799998801202 ], [ 646272.603200000943616, 1839354.944700001040474 ], [ 646264.786199999856763, 1839367.152200000127777 ], [ 646259.649000001722015, 1839415.52229999913834 ], [ 646265.594300002092496, 1839434.038600000320002 ], [ 646283.949500001617707, 1839442.686799999326468 ], [ 646306.221500001964159, 1839444.466399999102578 ], [ 646323.917100002174266, 1839443.126700001070276 ], [ 646340.227400003699586, 1839427.9298 ], [ 646364.866000000853091, 1839423.580700000515208 ], [ 646377.82020000112243, 1839434.48850000067614 ], [ 646383.765400000964291, 1839453.004699999233708 ], [ 646371.536900001228787, 1839517.431600000476465 ], [ 646362.111900001531467, 1839535.777799999341369 ], [ 646354.220600000582635, 1839554.913899999344721 ], [ 646344.234900001320057, 1839624.749700000276789 ], [ 646336.953800002345815, 1839658.49290000111796 ], [ 646336.706400001654401, 1839680.778300000121817 ], [ 646336.475500001222827, 1839702.303899999707937 ], [ 646340.90350000129547, 1839719.260500000556931 ], [ 646351.61490000190679, 1839723.989499999443069 ], [ 646369.318700001225807, 1839721.880000000121072 ], [ 646392.38240000163205, 1839721.360099999466911 ], [ 646431.665600000647828, 1839714.101500000804663 ], [ 646462.414300002157688, 1839713.661599999293685 ], [ 646485.527400001185015, 1839708.532699999865144 ], [ 646510.166000001714565, 1839704.953400000929832 ], [ 646525.404300000634976, 1839717.420900000492111 ], [ 646537.468000001274049, 1839739.076500000664964 ], [ 646553.399000002420507, 1839758.46250000060536 ], [ 646569.264000001363456, 1839784.0073000008706 ], [ 646575.868900002213195, 1839812.511499999091029 ], [ 646584.172400000970811, 1839826.438699999591336 ], [ 646578.425100000808015, 1839860.2018 ], [ 646575.151500000967644, 1839878.608100000536069 ], [ 646571.836700001265854, 1839900.86350000067614 ], [ 646567.779700001236051, 1839920.809499999508262 ], [ 646558.330000002286397, 1839941.465299999341369 ], [ 646546.620900002075359, 1839958.241900000255555 ], [ 646544.114100001403131, 1839976.668099998962134 ], [ 646545.540700001874939, 1839986.676100000739098 ], [ 646556.210800001397729, 1839995.2443 ], [ 646566.856200001435354, 1840005.352299999212846 ], [ 646576.025600001448765, 1840010.831099999602884 ], [ 646599.039700001128949, 1840014.930299999192357 ], [ 646614.269800001406111, 1840028.15760000096634 ], [ 646617.873200002242811, 1840050.493100000312552 ], [ 646654.451800000970252, 1840079.327199999243021 ], [ 646667.298800001386553, 1840099.4531 ], [ 646677.094900001538917, 1840118.009299999801442 ], [ 646686.816700001945719, 1840142.704299999400973 ], [ 646694.386400003335439, 1840153.55210000067018 ], [ 646678.859500001301058, 1840167.989199998788536 ], [ 646670.951700002187863, 1840187.88509999983944 ], [ 646670.712600001250394, 1840210.180600000778213 ], [ 646675.940400001825765, 1840224.067700000479817 ], [ 646690.378900001291186, 1840239.604599998798221 ], [ 646701.098500001360662, 1840243.563799999654293 ], [ 646713.409600002109073, 1840242.154100000625476 ], [ 646730.396000001463108, 1840235.425399999832734 ], [ 646756.395100003690459, 1840248.002900000428781 ], [ 646784.727900002035312, 1840257.540899998974055 ], [ 646807.123600001330487, 1840247.782899999292567 ], [ 646827.853600001661107, 1840250.322399999247864 ], [ 646845.409000001847744, 1840261.270199998980388 ], [ 646856.029700001934543, 1840274.447500000242144 ], [ 646874.261200000881217, 1840294.63340000086464 ], [ 646893.300900000729598, 1840310.980100000277162 ], [ 646909.297800000291318, 1840324.227399999275804 ], [ 646921.394500001799315, 1840342.803600000217557 ], [ 646929.640300002181903, 1840362.109599999617785 ], [ 646934.027100000297651, 1840382.915400000754744 ], [ 646934.612600001157261, 1840399.832000000402331 ], [ 646935.123800002154894, 1840423.667099999263883 ], [ 646935.717500002589077, 1840439.813800000352785 ], [ 646931.668800002196804, 1840458.220100000500679 ], [ 646920.536900001345202, 1840492.683099999791011 ], [ 646904.688400002080016, 1840536.324200000846758 ], [ 646910.584200001321733, 1840559.449499999638647 ], [ 646910.427500002784654, 1840574.056500000180677 ], [ 646910.105900001828559, 1840604.030400000978261 ], [ 646908.968000001972541, 1840637.8335 ], [ 646901.703400002093986, 1840669.277100000996143 ], [ 646889.029600001871586, 1840704.499999999767169 ], [ 646877.122600001865067, 1840738.952899999683723 ], [ 646880.684800001210533, 1840765.127599999075755 ], [ 646884.288200002047233, 1840786.693199999397621 ], [ 646879.571600000374019, 1840796.631200000876561 ], [ 646866.435900001786649, 1840802.640000000828877 ], [ 646848.55900000128895, 1840820.896299999440089 ], [ 646847.602400002419017, 1840838.562699999194592 ], [ 646845.879100000835024, 1840855.449200001079589 ], [ 646831.984800001839176, 1840860.688200000906363 ], [ 646809.737500001559965, 1840856.598999999696389 ], [ 646811.658800001721829, 1840891.981799999019131 ], [ 646815.361200001789257, 1840905.089099999051541 ], [ 646824.489300001761876, 1840913.637399999424815 ], [ 646829.750200001639314, 1840925.22499999916181 ], [ 646818.717200002050959, 1840949.699999999022111 ], [ 646814.577800001716241, 1840977.334399999585003 ], [ 646810.520900001050904, 1840997.2704 ], [ 646810.314700002083555, 1841015.716600000858307 ], [ 646810.042600002372637, 1841041.081399999326095 ], [ 646808.978900002432056, 1841067.975999999791384 ], [ 646806.45570000144653, 1841087.931900000199676 ], [ 646801.623600001446903, 1841108.637700001010671 ], [ 646801.42570000118576, 1841126.314099999843165 ], [ 646802.011200000648387, 1841143.230699999025092 ], [ 646801.780300001846626, 1841164.7463 ], [ 646808.987100001540966, 1841208.637299999594688 ], [ 646806.290800000308082, 1841244.74 ], [ 646809.82820000150241, 1841273.21419999958016 ], [ 646816.449600000982173, 1841300.188700000289828 ], [ 646820.844700001878664, 1841320.224600000306964 ], [ 646829.766700001549907, 1841347.998999999836087 ], [ 646833.394800001871772, 1841368.01490000076592 ], [ 646843.916500001214445, 1841389.660499998833984 ], [ 646853.704400002025068, 1841408.976600001100451 ], [ 646864.234300001058728, 1841429.8423 ], [ 646853.160100001376122, 1841458.93639999977313 ], [ 646847.643700003274716, 1841471.173900000983849 ], [ 646835.951100001577288, 1841486.420800000429153 ], [ 646826.559000001638196, 1841501.697699999436736 ], [ 646809.45720000192523, 1841519.953999999444932 ], [ 646791.64610000140965, 1841531.291700000409037 ], [ 646773.068200000794604, 1841543.389199999626726 ], [ 646759.042100001592189, 1841560.9156 ], [ 646746.549600000493228, 1841579.231899999314919 ], [ 646735.533200002391823, 1841602.16719999932684 ], [ 646735.978400001535192, 1841632.151100000366569 ], [ 646738.081100002047606, 1841651.387199999531731 ], [ 646750.977600001031533, 1841666.904100000858307 ], [ 646765.42430000170134, 1841680.901199999731034 ], [ 646773.802100001485087, 1841688.669600000372157 ], [ 646785.247400002437644, 1841696.488000000128523 ], [ 646801.351500001503155, 1841699.737400000682101 ], [ 646819.030600002035499, 1841699.927300000563264 ], [ 646841.310900001786649, 1841700.937100000446662 ], [ 646871.251500001642853, 1841704.336400000145659 ], [ 646881.196000001276843, 1841708.285599999828264 ], [ 646898.042300000786781, 1841714.624299999559298 ], [ 646911.77160000090953, 1841723.992400000337511 ], [ 646927.001699999906123, 1841737.229699999559671 ], [ 646934.455900001805276, 1841758.835300000617281 ], [ 646937.539900001138449, 1841758.095500000286847 ], [ 646938.933400001726113, 1841771.182799999602139 ], [ 646939.38690000330098, 1841800.396900000283495 ], [ 646939.92290000221692, 1841821.922499999403954 ], [ 646941.052600001217797, 1841859.594799999613315 ], [ 646944.581800001207739, 1841888.078999999677762 ], [ 646942.000900001963601, 1841913.41389999887906 ], [ 647066.298700001440011, 1841934.749500000849366 ], [ 647066.455400002188981, 1841920.142499999608845 ], [ 647059.677300001727417, 1841907.005199999548495 ], [ 647049.889500002842396, 1841888.448999999091029 ], [ 647043.160900001064874, 1841870.812599999830127 ], [ 647038.65860000171233, 1841860.774599998956546 ], [ 647028.227699999813922, 1841829.910900000482798 ], [ 647026.182700001634657, 1841806.065700000151992 ], [ 647018.720200002193451, 1841785.230000000447035 ], [ 647013.492300000973046, 1841771.332800001371652 ], [ 647002.921200001728721, 1841754.306299999123439 ], [ 646980.162600001785904, 1841726.391899999463931 ], [ 646954.287200002232566, 1841702.276900000637397 ], [ 646919.530900001409464, 1841678.541700000874698 ], [ 646911.878800001111813, 1841675.382300000404939 ], [ 646880.660000002011657, 1841648.137900000438094 ], [ 646857.68710000126157, 1841640.199499999172986 ], [ 646834.664700000779703, 1841636.880200000246987 ], [ 646815.658000002382323, 1841617.454099999507889 ], [ 646816.581600001780316, 1841602.857100000604987 ], [ 646823.681200002436526, 1841586.030500000109896 ], [ 646836.140700001968071, 1841571.5535 ], [ 646853.259100002469495, 1841552.527299999492243 ], [ 646865.768000001320615, 1841532.681399998720735 ], [ 646876.067100001731887, 1841505.117000001017004 ], [ 646891.000300001585856, 1841474.533199998550117 ], [ 646897.465100000961684, 1841445.38910000026226 ], [ 646902.429100001230836, 1841413.165699999546632 ], [ 646901.183900001109578, 1841386.2412 ], [ 646894.496500001754612, 1841365.415399999590591 ], [ 646887.759700001450256, 1841348.438899999251589 ], [ 646875.778500001062639, 1841319.094900000840425 ], [ 646865.421700000762939, 1841282.09239999926649 ], [ 646853.531200001016259, 1841244.290100000798702 ], [ 646844.666900000884198, 1841211.146800000220537 ], [ 646845.120400001527742, 1841169.64530000067316 ], [ 646845.400800001109019, 1841143.510600000154227 ], [ 646842.621900001075119, 1841116.5761 ], [ 646846.827300001401454, 1841082.802899999544024 ], [ 646853.57240000134334, 1841028.294 ], [ 646856.879000001819804, 1841006.808399999048561 ], [ 646857.975700002047233, 1840976.844499999657273 ], [ 646859.963000000920147, 1840935.3629999991972 ], [ 646867.145100001362152, 1840910.837999999755993 ], [ 646869.808500001439825, 1840877.81470000045374 ], [ 646879.950900001102127, 1840864.08750000060536 ], [ 646883.900600001798011, 1840854.139499999349937 ], [ 646896.467300001066178, 1840829.684499999508262 ], [ 646906.71690000128001, 1840805.959299999522045 ], [ 646913.033200001576915, 1840790.6624 ], [ 646916.372800001408905, 1840766.097400000318885 ], [ 646923.662100001820363, 1840732.354299999540672 ], [ 646936.303000002168119, 1840700.210799999535084 ], [ 646939.073600001749583, 1840657.9594 ], [ 646940.887700002058409, 1840632.61460000090301 ], [ 646962.632000001263805, 1840612.0988 ] ] } },
{ "type": "Feature", "properties": { "hy_use": null, "hy_mriver": null, "str_id": null, "str_type": null, "str_name_t": null, "str_name_e": null, "mod_date": null, "length": null, "source_layer": "minor_stream", "OBJECTID": 578616.0, "HY_USE": 2.0, "HY_LNAME": null, "HY_MRIVER": null, "LENGTH": 0.001 }, "geometry": { "type": "LineString", "coordinates": [ [ 643444.921800000942312, 1837016.320699999108911 ], [ 643440.295900001190603, 1837039.42600000044331 ], [ 643435.670000000973232, 1837056.372500000521541 ], [ 643418.716500001261011, 1837067.9202 ], [ 643411.781800000928342, 1837074.858799999812618 ], [ 643403.305000001331791, 1837088.7159 ], [ 643395.59520000172779, 1837101.04340000054799 ] ] } },
{ "type": "Feature", "properties": { "hy_use": null, "hy_mriver": null, "str_id": null, "str_type": null, "str_name_t": null, "str_name_e": null, "mod_date": null, "length": null, "source_layer": "minor_stream", "OBJECTID": 578676.0, "HY_USE": 2.0, "HY_LNAME": "คลองคู", "HY_MRIVER": null, "LENGTH": 0.001 }, "geometry": { "type": "LineString", "coordinates": [ [ 652671.526800002437085, 1836809.092900000745431 ], [ 652692.116700001992285, 1836801.364399999380112 ], [ 652714.314500000677072, 1836811.952299998840317 ], [ 652734.22000000171829, 1836822.560099999886006 ], [ 652751.800099999643862, 1836824.7797 ], [ 652773.940200002514757, 1836823.919799999799579 ], [ 652805.282700001611374, 1836828.358899999642745 ] ] } },
{ "type": "Feature", "properties": { "hy_use": null, "hy_mriver": null, "str_id": null, "str_type": null, "str_name_t": null, "str_name_e": null, "mod_date": null, "length": null, "source_layer": "minor_stream", "OBJECTID": 578718.0, "HY_USE": 2.0, "HY_LNAME": "คลองคู", "HY_MRIVER": null, "LENGTH": 0.02 }, "geometry": { "type": "LineString", "coordinates": [ [ 652805.282700001611374, 1836828.358899999642745 ], [ 652822.137200002442114, 1836840.50650000013411 ], [ 652837.482700001914054, 1836856.483200000133365 ], [ 652849.810200001229532, 1836880.1084 ], [ 652855.236000002245419, 1836898.41469999961555 ], [ 652840.096600001561455, 1836928.268599999835715 ], [ 652820.265400001779199, 1836935.99699999880977 ], [ 652805.010500001255423, 1836940.646099999547005 ], [ 652791.281200002296828, 1836945.2851 ], [ 652771.46650000277441, 1836955.303099999204278 ], [ 652764.630600001197308, 1836962.971499999286607 ], [ 652763.938000001711771, 1836979.018300000578165 ], [ 652775.449200002243742, 1836991.185799999628216 ], [ 652790.770000001648441, 1837001.053800000343472 ], [ 652829.814000002341345, 1837022.259500000160187 ], [ 652856.571800001896918, 1837028.25819999887608 ], [ 652879.536500002141111, 1837039.615900000324473 ], [ 652908.611300002550706, 1837049.41389999887906 ], [ 652930.776200002874248, 1837052.373299999395385 ], [ 652967.486700002686121, 1837063.670999999856576 ], [ 653012.566700002644211, 1837067.290300000458956 ], [ 653040.06660000118427, 1837067.160299999872223 ], [ 653066.799600001773797, 1837066.280500000342727 ], [ 653094.307700001634657, 1837069.979699998628348 ], [ 653127.150900001521222, 1837069.839800000423566 ], [ 653179.0420000028098, 1837057.382300000404939 ], [ 653214.91150000190828, 1837050.353700001025572 ], [ 653244.695500003173947, 1837049.453899999381974 ], [ 653265.318300002021715, 1837050.1338 ], [ 653289.00040000223089, 1837050.793700000736862 ], [ 653307.330900002387352, 1837050.713700000196695 ], [ 653327.178600002545863, 1837047.564300000667572 ], [ 653325.578900002059527, 1837031.537599999457598 ], [ 653346.177100001368672, 1837026.0987 ], [ 653375.952800001832657, 1837022.14949999935925 ], [ 653397.334300002781674, 1837022.0495 ], [ 653408.796000001719221, 1837021.239700000500306 ], [ 653435.446600001305342, 1837003.553300000727177 ], [ 653454.511000002035871, 1836996.594699999084696 ], [ 653473.600100002833642, 1836994.215200000209734 ], [ 653496.531800003838725, 1836997.934399999445304 ], [ 653530.323300002724864, 1837040.555700000375509 ], [ 653554.879400001838803, 1837064.890799999469891 ], [ 653573.259400002192706, 1837077.038300000363961 ], [ 653596.949700001277961, 1837078.458000000799075 ], [ 653629.017800002009608, 1837076.7884 ], [ 653652.691600001533516, 1837075.918500001076609 ], [ 653682.475600001402199, 1837074.258899999782443 ], [ 653684.718400003039278, 1837062.031400000676513 ], [ 653677.775400001672097, 1837047.544299999484792 ], [ 653672.316700002993457, 1837022.369400000665337 ], [ 653673.743200003053062, 1836998.6843 ], [ 653680.521300002699718, 1836976.4988 ], [ 653689.558800000580959, 1836948.194499999284744 ], [ 653700.913300001760945, 1836924.469399999128655 ], [ 653726.797000002115965, 1836905.253300000214949 ], [ 653745.028500002226792, 1836883.027799999341369 ], [ 653746.455100001767278, 1836858.582800000207499 ], [ 653746.356100001605228, 1836837.957000000169501 ], [ 653743.940100004314445, 1836809.702699999790639 ], [ 653746.117000001482666, 1836783.72800000035204 ], [ 653748.26920000242535, 1836750.87470000074245 ], [ 653751.988000002107583, 1836728.699200000381097 ], [ 653760.291600002907217, 1836705.753900000592694 ], [ 653769.36200000171084, 1836685.088099999818951 ], [ 653776.123600001912564, 1836659.083400000119582 ], [ 653783.709800002747215, 1836646.835899999830872 ], [ 653793.613100002519786, 1836641.447000000625849 ], [ 653803.565800002659671, 1836646.745899999514222 ], [ 653818.886600003461353, 1836657.373700000345707 ], [ 653847.961400002939627, 1836667.941600000718608 ], [ 653871.684700001846068, 1836676.999700000276789 ], [ 653890.839800002984703, 1836691.426799999317154 ], [ 653908.469400002504699, 1836705.8639 ], [ 653923.814900000346825, 1836721.070800001267344 ], [ 653936.868100002175197, 1836736.287699999753386 ], [ 653959.107200002297759, 1836755.283800000324845 ], [ 653978.245800001895986, 1836765.891599999507889 ], [ 654001.936100001214072, 1836768.850999999558553 ], [ 654034.795800002291799, 1836772.52030000067316 ], [ 654069.914800002938136, 1836768.551100000506267 ], [ 654088.220600002910942, 1836762.352399999042973 ], [ 654110.278200001106597, 1836740.866699998965487 ], [ 654117.88090000289958, 1836733.1983 ], [ 654127.734700002707541, 1836716.351700000697747 ], [ 654136.09600000269711, 1836705.623900000238791 ], [ 654142.18140000232961, 1836700.244999998714775 ], [ 654160.445900002378039, 1836685.658 ] ] } },
{ "type": "Feature", "properties": { "hy_use": null, "hy_mriver": null, "str_id": null, "str_type": null, "str_name_t": null, "str_name_e": null, "mod_date": null, "length": null, "source_layer": "minor_stream", "OBJECTID": 578734.0, "HY_USE": 12.0, "HY_LNAME": null, "HY_MRIVER": null, "LENGTH": 0.007 }, "geometry": { "type": "LineString", "coordinates": [ [ 646532.512200000928715, 1836561.813200000673532 ], [ 646517.834600001340732, 1836693.546399999177083 ], [ 646510.133000002242625, 1836699.705100000370294 ], [ 646596.392800001194701, 1836776.779400000581518 ], [ 646639.543300002231263, 1836746.745500000193715 ], [ 646665.732100001652725, 1836748.295199998887256 ], [ 646681.910400002612732, 1836762.1624 ], [ 646692.687800002284348, 1836769.100999999791384 ], [ 646705.015300001716241, 1836772.190400000428781 ], [ 646705.790400001569651, 1836759.093000000575557 ], [ 646703.489800001494586, 1836734.437999999383464 ], [ 646708.132200001506135, 1836662.7926 ], [ 646709.682400001445785, 1836641.217000000411645 ], [ 646662.70590000168886, 1836571.871099999640137 ], [ 646657.313100002007559, 1836571.871099999174476 ], [ 646532.512200000928715, 1836561.813200000673532 ] ] } },
{ "type": "Feature", "properties": { "hy_use": null, "hy_mriver": null, "str_id": null, "str_type": null, "str_name_t": null, "str_name_e": null, "mod_date": null, "length": null, "source_layer": "minor_stream", "OBJECTID": 578788.0, "HY_USE": 2.0, "HY_LNAME": "คลองวังทอง", "HY_MRIVER": "แม่น้ำน่าน", "LENGTH": 0.13 }, "geometry": { "type": "LineString", "coordinates": [ [ 641318.92870000062976, 1842799.053600000217557 ], [ 641287.182200000272132, 1842816.210100000491366 ], [ 641261.282100002048537, 1842823.818600000813603 ], [ 641193.476500000339001, 1842817.719799999147654 ], [ 641139.392000001389533, 1842802.472899999702349 ], [ 641064.734100001514889, 1842783.4168 ], [ 640998.453999999444932, 1842774.268700000829995 ], [ 640940.559900001157075, 1842782.636999999871477 ], [ 640869.70340000174474, 1842795.584300000220537 ], [ 640820.945700001087971, 1842808.521700000623241 ], [ 640774.472100001643412, 1842832.1369 ], [ 640740.944500002078712, 1842862.600700000766665 ], [ 640701.32330000330694, 1842922.778400000184774 ], [ 640638.836200000601821, 1843020.288599999155849 ], [ 640590.828900001011789, 1843089.614499999210238 ], [ 640539.020300001022406, 1843136.074999999254942 ], [ 640477.308400003123097, 1843181.015900000929832 ], [ 640432.352100000600331, 1843198.532299998914823 ], [ 640387.404000000678934, 1843206.900599997956306 ], [ 640320.365300001110882, 1843208.420299998717383 ], [ 640251.801099999458529, 1843189.364199999021366 ], [ 640205.335700001334772, 1843172.5976 ], [ 640171.816400001524016, 1843140.594100000103936 ], [ 640142.873500000452623, 1843097.162900000577793 ], [ 640119.257400000235066, 1843049.172700001392514 ], [ 640096.408100000116974, 1843006.50139999971725 ], [ 640060.61290000192821, 1842972.218399999197572 ], [ 640028.619000001111999, 1842946.303600000450388 ], [ 639989.764600001275539, 1842924.208100000396371 ], [ 639945.58340000116732, 1842898.303400000557303 ], [ 639918.165900001768023, 1842867.81959999888204 ], [ 639896.834000000497326, 1842828.207699998747557 ], [ 639894.558100001653656, 1842794.684499999741092 ], [ 639907.512300001340918, 1842770.309499999508262 ], [ 639942.557200000737794, 1842753.552899999311194 ], [ 640035.504300000844523, 1842737.566099999006838 ], [ 640149.783500000834465, 1842716.250499999150634 ], [ 640247.298800000688061, 1842679.697899998864159 ], [ 640312.061700001475401, 1842632.467499999329448 ], [ 640354.733900001388974, 1842568.480499999597669 ], [ 640380.650600002030842, 1842495.3454 ], [ 640379.133400000748225, 1842426.019500000867993 ], [ 640362.386099999770522, 1842356.6937000004109 ], [ 640342.587800001027063, 1842289.647299999836832 ], [ 640340.303700000979006, 1842270.601199999218807 ], [ 640338.027800001902506, 1842197.466099999845028 ], [ 640347.939400000730529, 1842102.9953 ], [ 640348.714500001631677, 1842038.248500000452623 ], [ 640336.527100000763312, 1841992.537799999117851 ], [ 640318.254300001310185, 1841951.396199999144301 ], [ 640298.447800001944415, 1841929.290600000182167 ], [ 640273.30620000208728, 1841914.81360000022687 ], [ 640242.837800002191216, 1841907.195099999895319 ], [ 640213.127999999444, 1841908.714800000656396 ], [ 640187.219600001582876, 1841901.096400000387803 ], [ 640155.992600001394749, 1841879.760700000915676 ], [ 640117.905000000726432, 1841839.379000000888482 ], [ 640059.252300000982359, 1841760.135099999606609 ], [ 639994.506000000750646, 1841684.700399999506772 ], [ 639921.381800000206567, 1841648.127900000894442 ], [ 639818.539700000314042, 1841604.686699999496341 ], [ 639765.213800000725314, 1841592.489199999487028 ], [ 639721.791200001258403, 1841578.772000000346452 ], [ 639693.60690000152681, 1841558.956 ], [ 639677.609900000621565, 1841536.860500000417233 ], [ 639671.516300001880154, 1841501.057800000300631 ], [ 639669.240400000708178, 1841440.870100000640377 ], [ 639688.296500001801178, 1841338.030999999493361 ], [ 639705.068600000347942, 1841274.793899999698624 ], [ 639715.747000001720153, 1841187.1917 ], [ 639735.561700001824647, 1841111.007200000574812 ], [ 639762.236999999033287, 1841059.207800000905991 ], [ 639832.335000000661239, 1840979.223999998997897 ], [ 639886.435900001553819, 1840914.477199999382719 ], [ 639914.628500000806525, 1840874.865299999481067 ], [ 639921.489000000758097, 1840856.578999999444932 ], [ 639953.499400000553578, 1840756.019500000635162 ], [ 639986.268400001106784, 1840662.318499998888001 ], [ 640025.131000001332723, 1840603.660499999299645 ], [ 640071.612900001462549, 1840566.33809999958612 ], [ 640108.941800000844523, 1840550.351299999514595 ], [ 640138.651600000681356, 1840554.160599999129772 ], [ 640162.267700001480989, 1840571.687000000849366 ], [ 640193.502899999613874, 1840594.542300000786781 ], [ 640213.301200001151301, 1840619.687200000975281 ], [ 640219.394899999839254, 1840638.733300000661984 ], [ 640225.48860000143759, 1840663.118399999802932 ], [ 640248.337800000794232, 1840713.39809999987483 ], [ 640260.52520000084769, 1840733.2141 ], [ 640323.746000001323409, 1840786.543299998855218 ], [ 640367.927300000796095, 1840839.882400000467896 ], [ 640403.72250000142958, 1840898.550500000361353 ], [ 640440.284600001410581, 1840954.169099999591708 ], [ 640486.749900001101196, 1841002.929199998965487 ], [ 640524.837500000372529, 1841015.126700000138953 ], [ 640578.930200001457706, 1841012.087300000712276 ], [ 640607.114500000141561, 1841021.235500000650063 ], [ 640652.062600000645034, 1841013.617000000784174 ], [ 640702.354000001796521, 1840993.821100001223385 ], [ 640732.822400000877678, 1840970.205900000641122 ], [ 640751.111700001987629, 1840936.682700000703335 ], [ 640752.645400000386871, 1840907.738600000971928 ], [ 640744.26760000071954, 1840863.54759999923408 ], [ 640715.332900000968948, 1840737.843200000468642 ], [ 640690.207900000386871, 1840624.32630000077188 ], [ 640681.071500000311062, 1840578.615599998971447 ], [ 640684.130700000678189, 1840517.667999999364838 ], [ 640701.661300000734627, 1840436.914399999892339 ], [ 640716.149300000513904, 1840360.73990000016056 ], [ 640721.492600002093241, 1840291.414000000804663 ], [ 640727.594500000355765, 1840257.130999999120831 ], [ 640716.932600000873208, 1840215.229499998968095 ], [ 640678.0865000016056, 1840159.61089999973774 ], [ 640628.570200001704507, 1840107.791400000220165 ], [ 640603.436800001654774, 1840068.939300000201911 ], [ 640575.260800002026372, 1840020.179199999431148 ], [ 640531.079600000870414, 1839965.3203999993857 ], [ 640492.992000000784174, 1839944.744600000558421 ], [ 640454.137600002344698, 1839928.7379 ], [ 640393.959400001214817, 1839905.112700000172481 ], [ 640311.682400002027862, 1839872.339299999643117 ], [ 640253.788300001411699, 1839854.053099999204278 ], [ 640197.41150000190828, 1839819.759999999543652 ], [ 640131.139600001042709, 1839765.6611 ], [ 640039.734400001121685, 1839683.367799998493865 ], [ 639997.078699999721721, 1839642.226199998985976 ], [ 639971.178500000969507, 1839603.374099999433383 ], [ 639933.857800002675503, 1839562.22249999968335 ], [ 639871.395500000333413, 1839514.222200000891462 ], [ 639828.739800001261756, 1839461.652899998938665 ], [ 639802.081000000936911, 1839412.122999999672174 ], [ 639795.987300000851974, 1839386.218299999833107 ], [ 639796.754100000020117, 1839352.705100000370294 ], [ 639815.043400001479313, 1839306.234600000316277 ], [ 639844.002800000016578, 1839275.760800000512972 ], [ 639879.047700001625344, 1839242.247600000584498 ], [ 639943.810500000603497, 1839203.405500000575557 ], [ 640010.857500000623986, 1839156.944999999832362 ], [ 640045.91060000192374, 1839112.753900000825524 ], [ 640084.00640000065323, 1839062.484200000530109 ], [ 640119.818100000964478, 1839016.773499999660999 ], [ 640151.350200001616031, 1838966.563699999125674 ], [ 640174.826100001810119, 1838916.243899998720735 ], [ 640192.909200001042336, 1838846.128200000151992 ], [ 640229.95780000067316, 1838744.738900000462309 ], [ 640254.118100000894628, 1838667.7545 ], [ 640292.791100001428276, 1838605.197299999650568 ], [ 640323.144100001314655, 1838563.235800000373274 ], [ 640376.305100001278333, 1838509.016799999633804 ], [ 640446.246300000697374, 1838462.376299999887124 ], [ 640537.461800000630319, 1838398.919199999189004 ], [ 640612.696900000795722, 1838340.071199999656528 ], [ 640665.091000001179054, 1838284.342599998693913 ], [ 640698.54440000129398, 1838262.926899999380112 ], [ 640836.208800000837073, 1838195.540599999716505 ], [ 640880.315800000680611, 1838171.045600000536069 ], [ 640954.091400000732392, 1838137.342499998630956 ], [ 641084.994100000942126, 1838103.479399999370798 ], [ 641260.762600001180544, 1838045.891100000590086 ], [ 641308.670900000724941, 1838022.155899999430403 ], [ 641355.053800001507625, 1837992.322000000393018 ], [ 641386.190100001869723, 1837959.498700000578538 ], [ 641390.651100001530722, 1837921.406400000676513 ], [ 641381.333300001337193, 1837854.410099999513477 ], [ 641367.472000001464039, 1837798.091499999631196 ], [ 641333.829000001191162, 1837747.16190000064671 ], [ 641300.202400000649504, 1837704.600600000470877 ], [ 641271.177100001252256, 1837671.167400000151247 ], [ 641252.013700000592507, 1837627.046399999177083 ], [ 641247.363100001355633, 1837595.842700000852346 ], [ 641255.658400001120754, 1837565.358899999177083 ], [ 641265.495700000668876, 1837540.19400000013411 ], [ 641293.498600000981241, 1837476.1471 ], [ 641320.050200002733618, 1837439.524499999592081 ], [ 641344.358900001971051, 1837415.089500000700355 ], [ 641361.089800001936965, 1837407.4211 ], [ 641386.214800001122057, 1837404.31169999926351 ], [ 641405.271000001579523, 1837411.110300000291318 ], [ 641432.721400000969879, 1837421.698199999751523 ], [ 641465.490400000941008, 1837431.516200000420213 ], [ 641502.052500001736917, 1837432.176000000908971 ], [ 641543.916600000695325, 1837425.207399999722838 ], [ 641600.22750000061933, 1837409.07069999887608 ], [ 641684.673200001707301, 1837374.567800000542775 ], [ 641753.097200000542216, 1837332.496300000930205 ], [ 641790.360200000810437, 1837311.83049999922514 ], [ 641806.282900000922382, 1837285.895800000289455 ], [ 641812.261100000701845, 1837242.474600000772625 ], [ 641807.585700001101941, 1837203.642499999841675 ], [ 641787.647300001233816, 1837154.19260000041686 ], [ 641748.677400001441129, 1837104.80269999965094 ], [ 641702.096600001561455, 1837058.472100000362843 ], [ 641670.795400001225062, 1837029.618000000715256 ], [ 641641.077400002977811, 1837022.839299999410287 ], [ 641612.90960000094492, 1837025.958699999609962 ], [ 641585.516900002025068, 1837036.696499999146909 ], [ 641552.063500000163913, 1837056.592499998863786 ], [ 641514.808800000697374, 1837078.778000001097098 ], [ 641474.503100001253188, 1837100.203600000357255 ], [ 641417.425400000647642, 1837116.350299999117851 ], [ 641355.762900000321679, 1837125.658399999607354 ], [ 641285.698000000556931, 1837124.328700000420213 ], [ 641246.076700001140125, 1837116.820199999725446 ], [ 641202.612900001229718, 1837097.894099998986349 ], [ 641156.089800000656396, 1837071.3595 ], [ 641069.912500000442378, 1837028.948100000154227 ], [ 640993.671400002087466, 1836996.404699999373406 ], [ 640919.730900000082329, 1836971.4697999979835 ], [ 640877.79260000330396, 1836951.024 ], [ 640851.851100000320002, 1836932.817700000246987 ], [ 640831.962200001580641, 1836902.403899999102578 ], [ 640805.913500000839122, 1836843.835799999069422 ], [ 640789.768200000748038, 1836785.997599999886006 ], [ 640782.800400000065565, 1836745.655799999367446 ], [ 640787.277900001034141, 1836710.6129 ], [ 640807.752400000579655, 1836677.809599999338388 ], [ 640835.079100001021288, 1836643.466600000858307 ], [ 640849.43510000128299, 1836602.304899999639019 ], [ 640865.308400001376867, 1836558.08390000090003 ], [ 640895.628300001029857, 1836503.93500000028871 ], [ 640927.465500000631437, 1836450.535800000652671 ], [ 640975.646000000648201, 1836408.234400000190362 ], [ 641030.381900000502355, 1836373.051599999889731 ], [ 641060.050500000477768, 1836360.794099999824539 ], [ 641085.183800000697374, 1836359.964299998944625 ], [ 641099.564600001554936, 1836364.433399999514222 ], [ 641140.389700002036989, 1836381.38990000076592 ], [ 641212.79650000075344, 1836413.773299999535084 ], [ 641289.820900000282563, 1836452.315500000258908 ], [ 641343.74870000150986, 1836461.5736 ], [ 641393.05890000029467, 1836456.964500000467524 ], [ 641474.717500001308508, 1836442.357500000158325 ], [ 641544.056800001766533, 1836438.528300000587478 ], [ 641609.537000001175329, 1836444.707000000635162 ], [ 641701.214300002786331, 1836457.834300000220537 ], [ 641794.425400003092363, 1836478.6601 ], [ 641859.138699999661185, 1836492.547299999278039 ], [ 641907.673800000688061, 1836487.938200000906363 ], [ 641924.619000000995584, 1836483.329199999570847 ], [ 641947.740300000994466, 1836471.771500000497326 ], [ 641962.385000001639128, 1836446.356699999189004 ], [ 641983.189200001070276, 1836418.63230000063777 ], [ 642007.085700000403449, 1836380.120200000470504 ] ] } },
{ "type": "Feature", "properties": { "hy_use": null, "hy_mriver": null, "str_id": null, "str_type": null, "str_name_t": null, "str_name_e": null, "mod_date": null, "length": null, "source_layer": "minor_stream", "OBJECTID": 578817.0, "HY_USE": 2.0, "HY_LNAME": "คลองหวาย", "HY_MRIVER": null, "LENGTH": 0.062 }, "geometry": { "type": "LineString", "coordinates": [ [ 639418.385300001013093, 1836290.938300000503659 ], [ 639429.86350000067614, 1836392.137700001243502 ], [ 639431.504500000737607, 1836436.29869999946095 ], [ 639428.618400000501424, 1836494.956800000276417 ], [ 639419.564500002074055, 1836526.200400000205263 ], [ 639391.487400001497008, 1836564.35270000086166 ], [ 639335.292000002344139, 1836623.910499999066815 ], [ 639311.783099999185652, 1836662.052799999481067 ], [ 639302.712600001948886, 1836687.207699999446049 ], [ 639302.819800000987016, 1836726.049799999222159 ], [ 639310.513200000394136, 1836756.483600000152364 ], [ 639325.067100001033396, 1836785.387700001243502 ], [ 639336.520600001444109, 1836796.785399999003857 ], [ 639355.568500001099892, 1836801.294399998616427 ], [ 639373.074400001438335, 1836798.205100000137463 ], [ 639555.64570000092499, 1836720.79079999984242 ], [ 639572.376500001177192, 1836713.892200000351295 ], [ 639591.424400000600144, 1836716.13179999939166 ], [ 639630.29530000151135, 1836728.209299999522045 ], [ 639654.711200001300313, 1836743.3762 ], [ 639702.058900000876747, 1836791.986300001153722 ], [ 639751.674100001226179, 1836835.267500000307336 ], [ 639789.077300001634285, 1836866.39119999948889 ], [ 639812.767600001068786, 1836896.785000000149012 ], [ 639846.418900000513531, 1836948.4845 ], [ 639880.828799999435432, 1837001.703600000822917 ], [ 639922.099200001102872, 1837056.422499999171123 ], [ 639958.818000001250766, 1837118.009999999543652 ], [ 639977.189700000802986, 1837152.992900000652298 ], [ 640003.91450000111945, 1837177.287900001276284 ], [ 640019.977400001836941, 1837203.9025 ], [ 640049.744900001445785, 1837227.427699999883771 ], [ 640070.367700000759214, 1837250.22309999843128 ], [ 640080.345199999865144, 1837279.137199999764562 ], [ 640074.309300001361407, 1837299.712999999290332 ], [ 640053.810100002097897, 1837324.138000000268221 ], [ 640017.330500001320615, 1837350.892600000137463 ], [ 639925.339800001820549, 1837410.5404 ], [ 639810.516500000841916, 1837477.106899998849258 ], [ 639752.729600001359358, 1837509.25029999925755 ], [ 639663.798100001993589, 1837573.457299999892712 ], [ 639599.224900001310743, 1837633.795 ], [ 639514.985400000936352, 1837742.9328 ], [ 639509.031900001340546, 1837793.212500000372529 ], [ 639522.134500000509433, 1837851.050799999153242 ], [ 639539.821900000330061, 1837915.737600000808015 ], [ 639560.568400001619011, 1837983.463799999561161 ], [ 639578.222800001152791, 1838036.722999999299645 ], [ 639582.906400001142174, 1838077.0748 ], [ 639562.44020000169985, 1838115.207000000635162 ], [ 639530.512300000991672, 1838134.33310000016354 ], [ 639502.344500001752749, 1838138.222300000488758 ], [ 639470.317700001061894, 1838123.835200000321493 ], [ 639452.671500001335517, 1838075.145099999150261 ], [ 639422.697900000959635, 1837973.175899999216199 ], [ 639379.027900000917725, 1837878.855100000742823 ], [ 639312.525200000498444, 1837786.8838 ], [ 639300.288300001760945, 1837767.877699998905882 ], [ 639280.457100000698119, 1837756.509999999776483 ], [ 639257.607900001690723, 1837753.52060000016354 ], [ 639236.284100001095794, 1837753.580600000685081 ], [ 639218.027800002018921, 1837762.008899999083951 ], [ 639211.249699998646975, 1837790.203099999111146 ], [ 639218.959600000758655, 1837825.215999999782071 ], [ 639229.82760000298731, 1837902.870200000936165 ], [ 639220.105800000485033, 1837968.386900001205504 ], [ 639194.31280000123661, 1838006.529100001091138 ], [ 639153.240200001047924, 1838027.204900000244379 ], [ 639104.507300001103431, 1838028.104699998395517 ], [ 639042.028499999316409, 1838017.606899999082088 ], [ 638939.120400000130758, 1837980.564400000497699 ], [ 638885.044100000057369, 1837978.424799999222159 ], [ 638843.988100000540726, 1838005.949200000846758 ], [ 638825.806000000680797, 1838040.272199999075383 ], [ 638825.129800001392141, 1838073.025599999120459 ], [ 638846.552500001853332, 1838109.518200000980869 ], [ 638913.681900001130998, 1838148.940099998842925 ], [ 638962.604500001994893, 1838217.346199999796227 ], [ 638976.4081, 1838252.349099998595193 ], [ 638991.052700000698678, 1838319.325400000670925 ], [ 638989.741600000998005, 1838396.249800000805408 ], [ 638973.18390000006184, 1838470.924599999561906 ], [ 638934.560399999958463, 1838551.758099999744445 ], [ 638892.102600000333041, 1838620.414200000697747 ], [ 638830.712200000416487, 1838731.001700001070276 ], [ 638804.29260000155773, 1838817.893999999156222 ], [ 638802.932000001543202, 1838878.061699999496341 ], [ 638802.2971000012476, 1838927.561600000131875 ], [ 638814.385500001255423, 1838992.058499999111518 ], [ 638818.937200000393204, 1839107.09510000073351 ], [ 638816.636600001365878, 1839228.9903 ], [ 638818.145600001094863, 1839340.977499999571592 ], [ 638831.083300001453608, 1839430.119300000602379 ], [ 638853.924300000770018, 1839515.451999999349937 ], [ 638885.151300000958145, 1839587.067399999359623 ], [ 638912.577000001212582, 1839632.7781 ], [ 638939.235800001304597, 1839661.732200000667945 ], [ 638974.272400000481866, 1839701.354100000113249 ], [ 639009.309000001405366, 1839759.252400000579655 ], [ 639029.874100000946783, 1839806.492699999595061 ], [ 639040.527800000505522, 1839849.913899999111891 ], [ 639035.959600000525825, 1839868.960000000428408 ], [ 639015.386200000997633, 1839902.483200001064688 ], [ 638988.719100000802428, 1839933.71680000051856 ], [ 638943.004200001945719, 1839964.1806 ], [ 638809.668900000629947, 1840022.818700000876561 ], [ 638677.859000001451932, 1840117.2695 ], [ 638552.151100000948645, 1840196.483400000492111 ], [ 638485.862800000235438, 1840229.99650000105612 ], [ 638427.960500000743195, 1840242.943900000769645 ], [ 638370.066400002688169, 1840225.407500000204891 ] ] } },
{ "type": "Feature", "properties": { "hy_use": null, "hy_mriver": null, "str_id": null, "str_type": null, "str_name_t": null, "str_name_e": null, "mod_date": null, "length": null, "source_layer": "minor_stream", "OBJECTID": 578893.0, "HY_USE": 12.0, "HY_LNAME": null, "HY_MRIVER": null, "LENGTH": 0.006 }, "geometry": { "type": "LineString", "coordinates": [ [ 645142.089700002456084, 1836057.625800000270829 ], [ 644960.252400001278147, 1836109.185300000477582 ], [ 645013.372100002248771, 1836250.956499999621883 ], [ 645119.685800001490861, 1836240.19859999907203 ], [ 645135.122000002418645, 1836166.243699999060482 ], [ 645153.609200001228601, 1836150.84679999970831 ], [ 645142.089700002456084, 1836057.625800000270829 ] ] } },
{ "type": "Feature", "properties": { "hy_use": null, "hy_mriver": null, "str_id": null, "str_type": null, "str_name_t": null, "str_name_e": null, "mod_date": null, "length": null, "source_layer": "minor_stream", "OBJECTID": 578995.0, "HY_USE": 2.0, "HY_LNAME": null, "HY_MRIVER": null, "LENGTH": 0.018 }, "geometry": { "type": "LineString", "coordinates": [ [ 644263.841300001950003, 1835696.089400000870228 ], [ 644251.926100000855513, 1835732.312000000383705 ], [ 644236.514600001042709, 1835756.957 ], [ 644229.571600001538172, 1835773.133699999656528 ], [ 644228.021400001249276, 1835796.248999999603257 ], [ 644228.013100001146086, 1835822.44370000064373 ], [ 644214.918700001318939, 1835840.929899999406189 ], [ 644201.816100001800805, 1835850.937899999320507 ], [ 644181.011800001608208, 1835867.884400001028553 ], [ 644168.676000001258217, 1835880.201899999286979 ], [ 644160.966200000606477, 1835900.997699999250472 ], [ 644158.649100001435727, 1835922.573300000280142 ], [ 644144.779600001056679, 1835934.12089999881573 ], [ 644105.488100001122802, 1835949.517799999797717 ], [ 644074.665200000628829, 1835959.525800000643358 ], [ 643999.924800001084805, 1835991.859200001228601 ], [ 643968.3350000011269, 1835999.54759999900125 ], [ 643942.913100000703707, 1836002.627 ], [ 643924.425900002242997, 1836002.617 ], [ 643896.686900000902824, 1836001.837200001114979 ], [ 643871.264900001464412, 1836001.837200000649318 ], [ 643848.151800001971424, 1836001.827199999243021 ], [ 643825.047000000951812, 1836001.817199999233708 ], [ 643798.849900000845082, 1836003.356899998849258 ], [ 643782.671600000932813, 1836002.576999999117106 ], [ 643755.707700002007186, 1836002.566999999573454 ], [ 643734.903400001348928, 1836002.557000000262633 ], [ 643707.172600001213141, 1836009.485599999781698 ], [ 643693.303100002114661, 1836017.184000000590459 ], [ 643677.891600000788458, 1836021.803099999204278 ], [ 643664.797200001776218, 1836022.57289999909699 ], [ 643650.16090000141412, 1836021.793099998962134 ], [ 643635.516200003330596, 1836022.562899999320507 ], [ 643630.12350000126753, 1836034.890399999683723 ], [ 643624.72240000218153, 1836059.535399999702349 ], [ 643619.321400000830181, 1836074.942299999063835 ], [ 643609.302700001513585, 1836088.809499999275431 ], [ 643599.284000001149252, 1836099.587300001177937 ], [ 643587.723299999954179, 1836119.613199999323115 ], [ 643579.24660000228323, 1836130.401000001467764 ], [ 643568.45280000125058, 1836148.8871999992989 ], [ 643566.910800000652671, 1836175.081900000805035 ], [ 643571.520200001890771, 1836195.877699998905882 ], [ 643579.221900001168251, 1836208.984999999171123 ], [ 643579.213600001647137, 1836236.719399999361485 ], [ 643579.205400001490489, 1836259.054800000973046 ], [ 643576.121400001458824, 1836282.939899999415502 ], [ 643576.880000001285225, 1836300.656300001079217 ], [ 643580.730900001479313, 1836319.922399999340996 ], [ 643576.09670000069309, 1836349.1964999998454 ], [ 643571.470800002338365, 1836366.14299999922514 ], [ 643562.218900001142174, 1836379.230300000403076 ], [ 643552.200200000777841, 1836404.655200000619516 ], [ 643546.799200002220459, 1836423.911299999803305 ], [ 643533.696600001305342, 1836445.476899999659508 ], [ 643522.911000001942739, 1836455.494799999287352 ], [ 643512.117200003238395, 1836464.732899999478832 ], [ 643500.56480000121519, 1836470.891699999570847 ], [ 643482.844400000525638, 1836475.510800000280142 ], [ 643462.807000001310371, 1836482.439300000201911 ], [ 643435.843100001220591, 1836497.066400000592694 ], [ 643421.198500000871718, 1836507.074300000444055 ], [ 643409.63780000153929, 1836516.312400000868365 ], [ 643396.543400001013651, 1836527.870100000873208 ], [ 643384.982800001045689, 1836544.816600000485778 ], [ 643368.021099999779835, 1836564.842599999392405 ], [ 643353.384700001683086, 1836580.239399999380112 ], [ 643340.28200000198558, 1836594.876499999081716 ], [ 643330.263300001621246, 1836603.344699998851866 ], [ 643321.786600001272745, 1836612.592800000915304 ], [ 643321.011500001652166, 1836624.1405 ], [ 643327.171100001782179, 1836631.848899999866262 ], [ 643344.116400001454167, 1836651.884899999480695 ], [ 643366.454300002194941, 1836668.071599999442697 ], [ 643381.849300001049414, 1836691.956700000911951 ], [ 643391.092900000629015, 1836705.053999999305233 ], [ 643400.328300001332536, 1836724.32010000012815 ], [ 643407.26300000178162, 1836729.71900000073947 ], [ 643415.739800000446849, 1836732.79839999973774 ], [ 643421.899400001391768, 1836740.50679999939166 ], [ 643428.059000002220273, 1836754.374 ], [ 643434.985600001877174, 1836768.241199999349192 ], [ 643450.38880000077188, 1836785.197699998971075 ], [ 643458.090400001034141, 1836795.215700000757352 ], [ 643461.166100001544692, 1836804.463799999793991 ], [ 643461.166100003290921, 1836816.02140000090003 ], [ 643458.849000002141111, 1836833.737800000468269 ], [ 643458.073900001239963, 1836851.454199999570847 ], [ 643461.916500002145767, 1836883.817600001115352 ], [ 643463.450200001243502, 1836905.383300001034513 ], [ 643461.900000002002344, 1836920.020300000207499 ], [ 643457.274100001901388, 1836937.736699999775738 ], [ 643453.415000000968575, 1836970.090099999681115 ], [ 643448.780900000594556, 1836994.7451000015717 ], [ 643444.921800000942312, 1837016.320699999108911 ] ] } },
{ "type": "Feature", "properties": { "hy_use": null, "hy_mriver": null, "str_id": null, "str_type": null, "str_name_t": null, "str_name_e": null, "mod_date": null, "length": null, "source_layer": "minor_stream", "OBJECTID": 579007.0, "HY_USE": 2.0, "HY_LNAME": "คลองแหลมคก", "HY_MRIVER": null, "LENGTH": 0.044 }, "geometry": { "type": "LineString", "coordinates": [ [ 650820.343000002671033, 1835674.573799999430776 ], [ 650801.212700002244674, 1835667.015300000319257 ], [ 650780.565100001753308, 1835661.7664 ], [ 650748.505200002575293, 1835665.725600000238046 ], [ 650732.508300001267344, 1835676.483399999793619 ], [ 650711.934900002554059, 1835686.511299999430776 ], [ 650688.26110000256449, 1835688.9009 ], [ 650664.579000002238899, 1835687.481200000504032 ], [ 650640.888700002455153, 1835684.531799999764189 ], [ 650624.083700001705438, 1835685.371600000653416 ], [ 650600.442800001823343, 1835692.350199999520555 ], [ 650589.789200002327561, 1835703.087999999523163 ], [ 650578.418200001469813, 1835722.234099998837337 ], [ 650570.08990000130143, 1835738.310799999162555 ], [ 650565.587700001662597, 1835757.426899999612942 ], [ 650561.176100001204759, 1835794.8693 ], [ 650558.191100002732128, 1835811.695900000398979 ], [ 650553.664200002327561, 1835823.933399999281392 ], [ 650540.734700003638864, 1835836.210899999365211 ], [ 650522.428900001686998, 1835842.399599999189377 ], [ 650499.530200001550838, 1835846.318800000473857 ], [ 650490.393800002057105, 1835853.237400001147762 ], [ 650476.689200002350844, 1835862.465500000631437 ], [ 650459.208000001264736, 1835883.161299999570474 ], [ 650444.010900002671406, 1835900.037900000577793 ], [ 650424.963000002433546, 1835910.815700000617653 ], [ 650408.149800001177937, 1835909.356000000843778 ], [ 650392.820700002484955, 1835897.208499999251217 ], [ 650375.199400002718903, 1835885.060900001320988 ], [ 650359.120000001275912, 1835875.9628 ], [ 650346.124500001315027, 1835873.733200000831857 ], [ 650327.802200001198798, 1835876.872600000118837 ], [ 650310.271600001724437, 1835886.1107 ], [ 650298.117200002307072, 1835900.6778 ], [ 650295.132200002204627, 1835915.964600000530481 ], [ 650303.674900001497008, 1835948.778000000165775 ], [ 650306.066200001398101, 1835971.683299999684095 ], [ 650293.928300001192838, 1835990.069599999114871 ], [ 650279.473400002694689, 1836003.116900000721216 ], [ 650261.975700002512895, 1836019.233599999686703 ], [ 650236.133200000505894, 1836048.367699998430908 ], [ 650218.676700001233257, 1836072.122899999609217 ], [ 650207.322200002148747, 1836096.61790000135079 ], [ 650203.611600001575425, 1836121.082900000503287 ], [ 650209.111600003554486, 1836156.185699999332428 ], [ 650215.394899999722838, 1836194.357999999308959 ], [ 650216.986300001619384, 1836209.624900000635535 ], [ 650214.834200002020225, 1836240.948499999707565 ], [ 650223.393400002154522, 1836276.051400000229478 ], [ 650229.833399999886751, 1836350.116300000110641 ], [ 650226.930800002533942, 1836385.259099999675527 ], [ 650227.87910000118427, 1836427.27060000016354 ], [ 650231.111500001861714, 1836467.732299999799579 ], [ 650235.127200003014877, 1836511.253500000108033 ], [ 650239.918000001576729, 1836558.593800001079217 ], [ 650236.339300002669916, 1836613.602600000798702 ], [ 650237.279400002560578, 1836654.084400000283495 ], [ 650234.36860000086017, 1836686.177899999776855 ], [ 650224.580800001043826, 1836719.061200000345707 ], [ 650226.238200001767837, 1836748.085300000151619 ], [ 650229.396300002466887, 1836770.980599998962134 ], [ 650228.736700001638383, 1836794.6658 ], [ 650221.150500002782792, 1836806.923299999674782 ], [ 650208.96310000133235, 1836813.851899999892339 ], [ 650190.640900001861155, 1836816.221400000853464 ], [ 650173.811100000981241, 1836810.182600001106039 ], [ 650163.800700000836514, 1836792.656199998920783 ], [ 650154.565300001297146, 1836776.659499999135733 ], [ 650130.058700001332909, 1836762.252400000113994 ], [ 650110.953000000794418, 1836759.282999999821186 ], [ 650078.093300001113676, 1836755.613700001034886 ], [ 650038.364900001673959, 1836754.254000000655651 ], [ 649995.544200001517311, 1836744.516000000759959 ], [ 649958.891400002175942, 1836746.965500001097098 ], [ 649922.939500001724809, 1836734.14809999987483 ], [ 649883.178100001066923, 1836724.390100000891834 ], [ 649812.148400002508424, 1836726.229699998861179 ], [ 649770.548100003274158, 1836726.489700000733137 ], [ 649726.639000002644025, 1836714.92200000025332 ], [ 649675.803300001076423, 1836687.167699999874458 ], [ 649627.276500001433305, 1836667.89159999974072 ], [ 649598.770700002554804, 1836651.704899999778718 ], [ 649575.665800001472235, 1836641.686899999156594 ], [ 649515.570100001408719, 1836641.666899999603629 ], [ 649470.119000001926906, 1836643.966499998932704 ], [ 649437.762300001457334, 1836643.186599999899045 ], [ 649416.182900002342649, 1836662.442700000479817 ], [ 649398.462600001948886, 1836687.8575 ], [ 649388.443900001700968, 1836700.175000000279397 ], [ 649381.500900000333786, 1836709.423100000247359 ], [ 649369.940200002165511, 1836718.6613 ], [ 649352.228200001176447, 1836719.431099999696016 ], [ 649326.03110000200104, 1836709.403100000927225 ], [ 649304.4682, 1836700.924900000682101 ], [ 649282.130199999548495, 1836691.676799999317154 ], [ 649243.613900001859292, 1836675.480000000214204 ], [ 649222.817900002468377, 1836660.06319999974221 ], [ 649208.956600002362393, 1836642.346799999242648 ], [ 649189.702600002405234, 1836627.699799999594688 ], [ 649168.906600001966581, 1836613.822600000305101 ], [ 649151.186200002441183, 1836607.653899999335408 ], [ 649121.138400001567788, 1836602.255000000819564 ], [ 649088.014800001168624, 1836603.014799999538809 ], [ 649047.956500002299435, 1836592.216999999713153 ], [ 649034.862100001890212, 1836582.198999998625368 ], [ 649012.524100001901388, 1836569.091700000921264 ], [ 648990.186100001097657, 1836573.7108 ], [ 648962.44710000208579, 1836574.470599999651313 ], [ 648950.127800001064315, 1836565.222500000149012 ], [ 648943.968200001632795, 1836552.125199999194592 ], [ 648934.724600001471117, 1836535.948400000343099 ], [ 648922.405300000915304, 1836525.920499998843297 ], [ 648903.143000001087785, 1836536.7083 ], [ 648889.265200001653284, 1836544.406699999701232 ], [ 648877.712800001609139, 1836547.486099998932332 ], [ 648864.618400001199916, 1836545.936400000238791 ], [ 648854.608000001870096, 1836535.148600000189617 ], [ 648843.055500001064502, 1836521.281400000210851 ], [ 648826.877200003014877, 1836513.573000000556931 ], [ 648799.913300001760945, 1836513.562999999150634 ], [ 648774.491300002438948, 1836512.783199999015778 ], [ 648751.378200001898222, 1836514.312899999786168 ], [ 648735.199900001636706, 1836515.852499999804422 ], [ 648722.872300000395626, 1836515.082699998747557 ], [ 648709.777899999986403, 1836511.993299999739975 ], [ 648687.431700001121499, 1836509.673800000688061 ], [ 648660.467800001380965, 1836508.893999999156222 ], [ 648639.671800001524389, 1836512.743200000841171 ], [ 648628.111100001493469, 1836520.441600000951439 ], [ 648617.325500001432374, 1836526.600400001741946 ], [ 648602.680900002014823, 1836530.4496 ], [ 648575.717000003671274, 1836530.439600000157952 ], [ 648551.070200001355261, 1836531.1994 ], [ 648526.415100001380779, 1836539.667699999641627 ], [ 648503.302000002120622, 1836543.516899998765439 ], [ 648484.039700000779703, 1836541.197399999480695 ], [ 648460.9266000011703, 1836548.125999999465421 ], [ 648443.198000001721084, 1836561.213300000177696 ], [ 648406.990500002517365, 1836576.610200001625344 ], [ 648376.167600001441315, 1836588.1578 ], [ 648353.054500001482666, 1836596.626099999761209 ], [ 648335.334200002485886, 1836596.6161 ], [ 648314.538100000703707, 1836594.306600000709295 ], [ 648294.509000001475215, 1836593.526699999347329 ], [ 648272.162700001616031, 1836592.7469 ], [ 648253.675600001122802, 1836600.4453 ], [ 648225.161400001728907, 1836618.931600000709295 ], [ 648210.516800002311356, 1836632.018900000490248 ], [ 648195.105300001683645, 1836641.256999999284744 ], [ 648169.683400001726113, 1836652.03480000118725 ], [ 648157.355800000717863, 1836652.804699999745935 ], [ 648143.486300001386553, 1836653.574499999871477 ], [ 648131.158800002536736, 1836653.5645 ], [ 648127.308000002522022, 1836648.9453999993857 ], [ 648125.774300002027303, 1836642.776699998881668 ], [ 648125.77430000086315, 1836630.449200000613928 ], [ 648131.175300001050346, 1836621.211100000888109 ], [ 648132.717300003278069, 1836609.653400000417605 ], [ 648130.408400001120754, 1836601.954999999608845 ], [ 648125.015600001090206, 1836597.325999999884516 ], [ 648112.688100002007559, 1836589.6175 ], [ 648093.434100001701154, 1836587.298000001115724 ], [ 648076.480600001756102, 1836588.0678 ], [ 648061.077400001930073, 1836588.067799999378622 ], [ 648044.123900001402944, 1836588.8277000002563 ], [ 648030.254400002653711, 1836593.446699999738485 ], [ 648014.851200001197867, 1836599.605500000296161 ], [ 647994.82200000109151, 1836599.595499999122694 ], [ 647979.410500001395121, 1836599.595499999821186 ], [ 647966.316100002848543, 1836597.276000000536442 ], [ 647955.530600001802668, 1836592.656899999128655 ], [ 647941.66110000142362, 1836591.107200000667945 ], [ 647913.930300001171418, 1836589.557499999180436 ], [ 647908.537500002188608, 1836585.708299999590963 ], [ 647880.806700000655837, 1836576.450200001010671 ], [ 647860.777600001427345, 1836561.033299999078736 ], [ 647855.393000002368353, 1836557.1841 ], [ 647843.832400001352653, 1836554.094799998914823 ], [ 647830.738000002223998, 1836552.555099999764934 ], [ 647814.559600001317449, 1836548.6959 ], [ 647803.007200001040474, 1836542.527100001228973 ], [ 647790.679600002011284, 1836534.818700000876561 ], [ 647783.753100001718849, 1836524.800699999788776 ], [ 647779.135500001953915, 1836500.915599999716505 ], [ 647773.750900001497939, 1836490.137800000142306 ], [ 647761.423400001018308, 1836482.429300000891089 ], [ 647742.93620000150986, 1836473.171200000215322 ], [ 647734.459499999764375, 1836469.322000000625849 ], [ 647728.299800001550466, 1836460.843699999153614 ], [ 647718.289400001987815, 1836439.268100000917912 ], [ 647705.203200001851656, 1836429.250199998961762 ], [ 647687.482900001457892, 1836420.002000001026317 ], [ 647667.453700002399273, 1836409.974099999293685 ], [ 647645.115800002822652, 1836397.646600000793114 ], [ 647628.178800000343472, 1836381.459899999201298 ], [ 647616.626400001347065, 1836366.052999999606982 ], [ 647608.149600001517683, 1836352.185900001088157 ], [ 647599.68120000208728, 1836332.14989999984391 ], [ 647596.613700001267716, 1836308.264799999073148 ], [ 647588.912100001354702, 1836278.990800000494346 ], [ 647593.546200001612306, 1836245.087699999567121 ], [ 647594.321400000946596, 1836228.910900000482798 ] ] } },
{ "type": "Feature", "properties": { "hy_use": null, "hy_mriver": null, "str_id": null, "str_type": null, "str_name_t": null, "str_name_e": null, "mod_date": null, "length": null, "source_layer": "minor_stream", "OBJECTID": 579010.0, "HY_USE": 2.0, "HY_LNAME": "คลองคู", "HY_MRIVER": null, "LENGTH": 0.021 }, "geometry": { "type": "LineString", "coordinates": [ [ 651225.848900001496077, 1835655.217700001318008 ], [ 651232.791900002164766, 1835670.464599999831989 ], [ 651237.434300001710653, 1835684.191800000611693 ], [ 651248.21160000259988, 1835703.237900000298396 ], [ 651262.782000001636334, 1835716.155300000449643 ], [ 651281.195000001695007, 1835733.641799998702481 ], [ 651296.532300001708791, 1835747.328999999677762 ], [ 651311.069700002204627, 1835754.137599998852238 ], [ 651324.856800003908575, 1835762.475900000426918 ], [ 651347.846200002124533, 1835779.942299999529496 ], [ 651366.25090000173077, 1835795.1392 ], [ 651381.571700003929436, 1835805.767100000986829 ], [ 651390.807000002590939, 1835821.004000000655651 ], [ 651400.075300002587028, 1835843.87929999968037 ], [ 651406.284500002046116, 1835866.764699999475852 ], [ 651413.252200001501478, 1835888.120300000533462 ], [ 651427.847400004044175, 1835906.38660000031814 ], [ 651456.130600001779385, 1835910.84569999948144 ], [ 651491.249600001610816, 1835906.866499999538064 ], [ 651513.398000000510365, 1835907.536399999866262 ], [ 651528.710500002955087, 1835915.874700000975281 ], [ 651541.013300001272, 1835934.150900001171976 ], [ 651548.005800004233606, 1835960.0857 ], [ 651548.888100002077408, 1835986.8202 ], [ 651548.995300001231954, 1836011.265199999790639 ], [ 651552.194700002321042, 1836044.8584 ], [ 651558.420300002675503, 1836070.033299999311566 ], [ 651566.946500001475215, 1836098.257500000996515 ], [ 651583.875200000125915, 1836126.4418 ], [ 651609.91560000134632, 1836142.368599999696016 ], [ 651628.287300002295524, 1836150.686899998690933 ], [ 651649.718300001346506, 1836162.054600000847131 ], [ 651679.535300001152791, 1836167.273499998962507 ], [ 651707.026900002500042, 1836165.623799999710172 ], [ 651735.219400003436022, 1836150.9868 ], [ 651764.211800001910888, 1836143.218399999430403 ], [ 651791.678700001561083, 1836135.46000000089407 ], [ 651808.450800001388416, 1836127.741499999072403 ], [ 651821.405000003986061, 1836122.342599999392405 ], [ 651837.410200002370402, 1836113.104499999200925 ], [ 651854.982100002001971, 1836113.794399999314919 ], [ 651868.777400001767091, 1836125.182099999859929 ], [ 651877.2541000014171, 1836142.718499999493361 ], [ 651882.655100001604296, 1836154.915999999269843 ], [ 651904.086100002285093, 1836164.754000000655651 ], [ 651916.298200001940131, 1836162.4045 ], [ 651940.714100002194755, 1836155.425899999216199 ], [ 651964.379700002260506, 1836153.786199999740347 ], [ 651999.55650000134483, 1836162.034600000595674 ], [ 652011.851000001654029, 1836178.791099998867139 ], [ 652025.695800002082251, 1836200.116800000891089 ], [ 652043.358400001889095, 1836221.422499999869615 ], [ 652064.080200001830235, 1836243.487999999662861 ], [ 652072.556900001596659, 1836261.014399999286979 ], [ 652077.323000001721084, 1836302.235999999335036 ], [ 652077.438500001328066, 1836328.970599999418482 ], [ 652076.778800002182834, 1836351.885899999877438 ], [ 652080.67080000275746, 1836369.442299999762326 ], [ 652091.406900001689792, 1836379.3203 ], [ 652105.161000002291985, 1836379.260299999266863 ], [ 652123.458500002278015, 1836371.541899999370798 ], [ 652144.823500001919456, 1836366.862899999599904 ], [ 652170.080500003532507, 1836378.980399999767542 ], [ 652183.925300002447329, 1836400.306099999230355 ], [ 652190.893000003532507, 1836421.661699999822304 ], [ 652207.788800002541393, 1836441.447699999436736 ], [ 652229.978300000773743, 1836450.515799999469891 ], [ 652256.670100002316758, 1836441.227700000628829 ], [ 652292.52310000162106, 1836431.139799998840317 ], [ 652307.068700000876561, 1836437.18860000022687 ], [ 652311.74410000233911, 1836459.313999999081716 ], [ 652308.792100002290681, 1836482.249399999389425 ], [ 652308.882800003397278, 1836503.634999999776483 ], [ 652323.428500001900829, 1836509.673800000688061 ], [ 652342.534100002376363, 1836512.653199999593198 ], [ 652362.414900001836941, 1836517.912099999608472 ], [ 652376.935800002655014, 1836518.611999999731779 ], [ 652393.765600001206622, 1836524.640799999237061 ], [ 652413.720500000286847, 1836546.7063 ], [ 652426.748900000471622, 1836557.344100000802428 ], [ 652437.518000002251938, 1836573.34080000128597 ], [ 652444.510500001488253, 1836600.805199999827892 ], [ 652447.701600001659244, 1836630.579199999105185 ], [ 652451.643100002082065, 1836658.823400000110269 ], [ 652460.17760000214912, 1836688.577400000533089 ], [ 652467.912200001766905, 1836711.4527 ], [ 652481.006600002176128, 1836735.077900000149384 ], [ 652494.826600002124906, 1836751.814499999629334 ], [ 652513.214900001883507, 1836764.721899999538437 ], [ 652548.45760000217706, 1836789.006899998523295 ], [ 652572.19740000134334, 1836802.654200000222772 ], [ 652594.403400001931004, 1836814.011800000444055 ], [ 652610.466300002299249, 1836819.29079999984242 ], [ 652634.14840000285767, 1836819.9506 ], [ 652671.526800002437085, 1836809.092900000745431 ] ] } },
{ "type": "Feature", "properties": { "hy_use": null, "hy_mriver": null, "str_id": null, "str_type": null, "str_name_t": null, "str_name_e": null, "mod_date": null, "length": null, "source_layer": "minor_stream", "OBJECTID": 579012.0, "HY_USE": 2.0, "HY_LNAME": "คลองคู", "HY_MRIVER": null, "LENGTH": 0.001 }, "geometry": { "type": "LineString", "coordinates": [ [ 651083.006100001744926, 1835653.5581 ], [ 651110.530800000880845, 1835658.777000000700355 ], [ 651138.055400002282113, 1835664.76579999900423 ], [ 651165.547000002698041, 1835663.885999999707565 ], [ 651191.496700001065619, 1835658.417099998798221 ], [ 651214.370700001483783, 1835650.678600000450388 ], [ 651225.848900001496077, 1835655.217700001318008 ] ] } },
{ "type": "Feature", "properties": { "hy_use": null, "hy_mriver": null, "str_id": null, "str_type": null, "str_name_t": null, "str_name_e": null, "mod_date": null, "length": null, "source_layer": "minor_stream", "OBJECTID": 579016.0, "HY_USE": 12.0, "HY_LNAME": null, "HY_MRIVER": null, "LENGTH": 0.006 }, "geometry": { "type": "LineString", "coordinates": [ [ 640100.679500000434928, 1835647.609300001058728 ], [ 640090.454600000753999, 1835809.8562 ], [ 640086.908900001319125, 1835907.3464 ], [ 640096.037100001703948, 1835901.987500000512227 ], [ 640175.081700001726858, 1835843.899299999466166 ], [ 640193.222600001143292, 1835792.819700000574812 ], [ 640191.515700001036748, 1835722.764 ], [ 640186.015700000803918, 1835662.6162 ], [ 640100.679500000434928, 1835647.609300001058728 ] ] } },
{ "type": "Feature", "properties": { "hy_use": null, "hy_mriver": null, "str_id": null, "str_type": null, "str_name_t": null, "str_name_e": null, "mod_date": null, "length": null, "source_layer": "minor_stream", "OBJECTID": 579018.0, "HY_USE": 2.0, "HY_LNAME": null, "HY_MRIVER": null, "LENGTH": 0.007 }, "geometry": { "type": "LineString", "coordinates": [ [ 647594.321400000946596, 1836228.910900000482798 ], [ 647606.310800001607276, 1836213.924000000581145 ], [ 647617.096400000038557, 1836190.8187000004109 ], [ 647614.804000000469387, 1836146.137800000375137 ], [ 647624.831000001751818, 1836109.935200000414625 ], [ 647627.923200001125224, 1836081.431 ], [ 647657.971000001532957, 1836073.7325 ], [ 647684.159800001070835, 1836071.433000000193715 ], [ 647689.560900001553819, 1836052.166899999603629 ], [ 647712.674000001046807, 1836036.000199999660254 ], [ 647730.402500001830049, 1836024.4526 ], [ 647738.104100001393817, 1836012.8949 ], [ 647744.272000000928529, 1835997.488099999725819 ], [ 647746.597400002297945, 1835975.1526 ], [ 647742.746600001584738, 1835952.0373 ], [ 647734.286300001549534, 1835922.75330000044778 ], [ 647724.275899999774992, 1835897.328400000464171 ], [ 647716.582500001066364, 1835868.824200000613928 ], [ 647706.572000000742264, 1835851.097799999639392 ], [ 647695.786500002024695, 1835841.07990000071004 ], [ 647685.009200002066791, 1835825.673000000184402 ], [ 647674.998700002208352, 1835808.716499998932704 ], [ 647662.671200000913814, 1835801.007999998982996 ], [ 647645.725900002289563, 1835801.777899998705834 ], [ 647625.696800001547672, 1835801.767899999395013 ], [ 647610.285300001036376, 1835800.997999999206513 ], [ 647596.424000001046807, 1835791.749900001101196 ], [ 647588.722400001133792, 1835780.962099998956546 ], [ 647575.628000001655892, 1835771.713999999221414 ], [ 647560.224800001829863, 1835767.85480000032112 ], [ 647547.897300001583062, 1835767.854800000786781 ], [ 647540.203900001826696, 1835737.80089999944903 ], [ 647539.437000002129935, 1835718.544800000265241 ], [ 647530.19340000313241, 1835701.58830000134185 ], [ 647521.724900000030175, 1835688.4909 ], [ 647516.340400001266971, 1835676.163499998860061 ], [ 647520.191200001398101, 1835663.06609999970533 ], [ 647543.312599999713711, 1835646.12959999893792 ] ] } },
{ "type": "Feature", "properties": { "hy_use": null, "hy_mriver": null, "str_id": null, "str_type": null, "str_name_t": null, "str_name_e": null, "mod_date": null, "length": null, "source_layer": "minor_stream", "OBJECTID": 579026.0, "HY_USE": 12.0, "HY_LNAME": null, "HY_MRIVER": null, "LENGTH": 0.003 }, "geometry": { "type": "LineString", "coordinates": [ [ 640418.062000000965782, 1835623.164200000232086 ], [ 640399.789200000930578, 1835623.974099999526516 ], [ 640375.447500000242144, 1835634.701899999752641 ], [ 640360.266900000860915, 1835653.788000000407919 ], [ 640360.341100001242012, 1835683.48200000054203 ], [ 640375.645400001085363, 1835707.816999999107793 ], [ 640393.959400001680478, 1835721.474199999123812 ], [ 640437.349000001559034, 1835713.745799999451265 ], [ 640454.038600000203587, 1835690.090600001160055 ], [ 640453.189300000201911, 1835657.347300000721589 ], [ 640439.418800001498312, 1835634.5319 ], [ 640418.062000000965782, 1835623.164200000232086 ] ] } },
{ "type": "Feature", "properties": { "hy_use": null, "hy_mriver": null, "str_id": null, "str_type": null, "str_name_t": null, "str_name_e": null, "mod_date": null, "length": null, "source_layer": "minor_stream", "OBJECTID": 579041.0, "HY_USE": 2.0, "HY_LNAME": "คลองคู", "HY_MRIVER": null, "LENGTH": 0.003 }, "geometry": { "type": "LineString", "coordinates": [ [ 650820.343000002671033, 1835674.573799999430776 ], [ 650841.765700002550147, 1835682.112199999857694 ], [ 650865.456000003498048, 1835684.301799999084324 ], [ 650889.863700001966208, 1835677.3232 ], [ 650909.678500002017245, 1835666.535399999469519 ], [ 650940.922000001533888, 1835651.128599998774007 ], [ 650959.928700001910329, 1835630.42280000098981 ], [ 650971.27500000060536, 1835604.398099999642 ], [ 650984.196200002683327, 1835590.590900000650436 ], [ 651003.244100001524203, 1835579.813100000377744 ], [ 651025.359400001703762, 1835572.074599999701604 ], [ 651037.612800001632422, 1835578.1334 ], [ 651036.136800002073869, 1835590.36089999973774 ], [ 651032.376700001419522, 1835604.888000000268221 ], [ 651033.992800002684817, 1835623.214199998881668 ], [ 651047.046000001486391, 1835639.200999998720363 ], [ 651063.892300002160482, 1835648.289100000634789 ], [ 651083.006100001744926, 1835653.5581 ] ] } },
{ "type": "Feature", "properties": { "hy_use": null, "hy_mriver": null, "str_id": null, "str_type": null, "str_name_t": null, "str_name_e": null, "mod_date": null, "length": null, "source_layer": "minor_stream", "OBJECTID": 579052.0, "HY_USE": 2.0, "HY_LNAME": "คลองแหลมคก", "HY_MRIVER": null, "LENGTH": 0.013 }, "geometry": { "type": "LineString", "coordinates": [ [ 647594.321400000946596, 1836228.910900000482798 ], [ 647585.852900002268143, 1836218.123099999269471 ], [ 647569.674500002060086, 1836215.803599999751896 ], [ 647557.3470000019297, 1836215.033800000324845 ], [ 647542.71890000149142, 1836201.936400000471622 ], [ 647528.849400000530295, 1836188.82909999974072 ], [ 647519.61400000192225, 1836178.8111 ], [ 647518.847100001294166, 1836159.555099999532104 ], [ 647521.164200002793223, 1836139.519099998986349 ], [ 647521.172500001965091, 1836118.723400000482798 ], [ 647516.554800001904368, 1836099.45729999919422 ], [ 647506.544299999950454, 1836093.298499999102205 ], [ 647493.449900002335198, 1836085.590099999681115 ], [ 647478.805300001404248, 1836084.81029999977909 ], [ 647465.710900002159178, 1836093.278599999845028 ], [ 647461.851900001754984, 1836104.836200001183897 ], [ 647461.076800001785159, 1836120.243100000778213 ], [ 647461.843600001302548, 1836135.649900000775233 ], [ 647458.759700002497993, 1836142.588500000536442 ], [ 647450.28290000197012, 1836146.437699999427423 ], [ 647437.963700001360849, 1836141.038799998816103 ], [ 647427.17810000188183, 1836131.020899999653921 ], [ 647414.850600001169369, 1836127.161699999356642 ], [ 647404.065000002388842, 1836127.931500001111999 ], [ 647394.046300001442432, 1836132.550599999725819 ], [ 647387.111500001745299, 1836138.709300000453368 ], [ 647384.802700001862831, 1836151.036800000583753 ], [ 647384.794500001240522, 1836163.3643 ], [ 647378.626600001589395, 1836171.832599999150261 ], [ 647367.841000001411885, 1836175.6818 ], [ 647360.139400000683963, 1836174.14210000121966 ], [ 647350.895800001570024, 1836168.7432 ], [ 647350.128900001058355, 1836151.026799999177456 ], [ 647350.904000002308749, 1836138.699300000211224 ], [ 647339.351600001333281, 1836126.371799999615178 ], [ 647332.425100003019907, 1836116.353900000685826 ], [ 647311.620800001895986, 1836110.955 ], [ 647290.82480000180658, 1836106.325899999588728 ], [ 647283.123200000496581, 1836088.599500000942498 ], [ 647262.335400001844391, 1836067.02390000061132 ], [ 647241.539400001522154, 1836050.837200000416487 ], [ 647227.669900003122166, 1836037.739900000393391 ], [ 647189.936900001717731, 1836009.225700000301003 ], [ 647179.926400002092123, 1835990.729399999370798 ], [ 647186.094300002092496, 1835963.764899999834597 ], [ 647186.094300002092496, 1835953.756999999517575 ], [ 647172.233100001001731, 1835942.189300000667572 ], [ 647145.277400001417845, 1835924.462899999693036 ], [ 647134.491800002171658, 1835908.286200000206009 ], [ 647124.481400001677684, 1835892.869300000602379 ], [ 647110.620100001804531, 1835890.559800000628456 ], [ 647090.591000001877546, 1835881.301699999719858 ], [ 647083.656200001831166, 1835872.83339999942109 ], [ 647081.347400001250207, 1835865.124999999767169 ], [ 647079.038500002003275, 1835853.567299999296665 ], [ 647079.046800001524389, 1835837.3906 ], [ 647070.578300002263859, 1835825.063100001541898 ], [ 647059.792700001504272, 1835820.434100000420585 ], [ 647045.156400001025759, 1835818.114600000204518 ], [ 647028.978000001981854, 1835814.265300000319257 ], [ 647015.883600002387539, 1835803.47749999910593 ], [ 646970.449000001652166, 1835753.38770000054501 ], [ 646885.723000002210028, 1835700.198599999770522 ], [ 646848.748599999817088, 1835683.242 ], [ 646832.570300002582371, 1835667.825200000777841 ], [ 646832.578500001458451, 1835653.958000000566244 ], [ 646817.175300003145821, 1835623.904100000625476 ], [ 646774.816400001756847, 1835590.001 ], [ 646730.140400002012029, 1835563.016500000376254 ], [ 646697.025100002414547, 1835536.041999998968095 ] ] } },
{ "type": "Feature", "properties": { "hy_use": null, "hy_mriver": null, "str_id": null, "str_type": null, "str_name_t": null, "str_name_e": null, "mod_date": null, "length": null, "source_layer": "minor_stream", "OBJECTID": 579069.0, "HY_USE": 1.0, "HY_LNAME": "คลองโกรงเกร", "HY_MRIVER": "แม่น้ำน่าน", "LENGTH": 0.037 }, "geometry": { "type": "LineString", "coordinates": [ [ 646610.616900001186877, 1839006.455600001616403 ], [ 646565.396700001670979, 1839006.455600000917912 ], [ 646537.286600002320483, 1838977.1116 ], [ 646495.727500002132729, 1838900.07719999901019 ], [ 646476.176600002334453, 1838815.7043999992311 ], [ 646417.507400001748465, 1838799.807600000407547 ], [ 646367.397400001529604, 1838771.683399999747053 ], [ 646300.177300001727417, 1838774.132899999152869 ], [ 646259.846900002099574, 1838749.677899999544024 ], [ 646248.846900001866743, 1838656.736799999838695 ], [ 646199.957300000824034, 1838602.937699999427423 ], [ 646185.288000001572073, 1838486.7814 ], [ 646090.6916000014171, 1838433.622199999168515 ], [ 646048.464700001291931, 1838383.612400001380593 ], [ 646050.344700001645833, 1838376.853700000559911 ], [ 646054.203800001298077, 1838361.446900001028553 ], [ 646067.298200001125224, 1838349.129399999743327 ], [ 646076.550000001210719, 1838339.111400000518188 ], [ 646088.877600001869723, 1838321.394999999552965 ], [ 646095.820600001723506, 1838302.138900000602007 ], [ 646097.36250000144355, 1838288.2718 ], [ 646092.753100002300926, 1838269.785499999066815 ], [ 646088.135400000726804, 1838251.289299999829382 ], [ 646086.59350000123959, 1838239.741599999368191 ], [ 646068.106300001731142, 1838225.0945999994874 ], [ 646048.085400002193637, 1838215.8465 ], [ 646025.74740000104066, 1838204.278899999335408 ], [ 646011.111000000499189, 1838190.411699999123812 ], [ 646007.26840000168886, 1838169.605900001479313 ], [ 646009.585500001674518, 1838148.040300000924617 ], [ 646021.146200001938269, 1838134.943 ], [ 646042.717300001415424, 1838125.7049 ], [ 646064.288500002468936, 1838117.236600000644103 ], [ 646076.624200001358986, 1838105.68889999971725 ], [ 646076.624200002057478, 1838090.272099999710917 ], [ 646076.632500001927838, 1838064.857200000202283 ], [ 646073.556800002465025, 1838041.741900000954047 ], [ 646066.630300001706928, 1838024.785399999702349 ], [ 646053.544100000523031, 1837999.3606 ], [ 646050.468400001293048, 1837984.72359999967739 ], [ 646047.392699999269098, 1837957.758999999379739 ], [ 646046.625900001847185, 1837934.643700000131503 ], [ 646045.092100001988001, 1837928.484999998705462 ], [ 646048.942900002119131, 1837911.538499999791384 ], [ 646056.652800002484582, 1837891.50249999971129 ], [ 646067.446600002236664, 1837864.548000000184402 ], [ 646077.473600001772866, 1837842.982399999629706 ], [ 646105.212600002065301, 1837817.567600000882521 ], [ 646110.605400001863018, 1837817.567600001115352 ], [ 646119.857200001832098, 1837792.142799999564886 ], [ 646131.42610000143759, 1837768.267600000370294 ], [ 646146.83760000183247, 1837743.622600000118837 ], [ 646159.173400001134723, 1837722.04700000025332 ], [ 646174.584900002228096, 1837700.481399999698624 ], [ 646186.145500000566244, 1837681.225299999117851 ], [ 646193.855400001164526, 1837662.739099999656901 ], [ 646200.798400001018308, 1837635.784600000828505 ], [ 646205.432600000640377, 1837613.439099999610335 ], [ 646213.917500002426095, 1837578.776200000662357 ], [ 646222.402500001015142, 1837540.25400000018999 ], [ 646223.952700002351776, 1837504.051400000462309 ], [ 646222.435500000836328, 1837430.086400000844151 ], [ 646218.609400001354516, 1837340.724600001005456 ], [ 646203.997800001874566, 1837268.299399999668822 ], [ 646190.13650000107009, 1837228.237500000512227 ], [ 646160.896800001268275, 1837117.290100000565872 ], [ 646143.984500001650304, 1837008.652200000593439 ], [ 646135.532500000437722, 1836923.909499999368563 ], [ 646146.359300000593066, 1836812.202199999475852 ], [ 646171.822500000707805, 1836682.788599999621511 ], [ 646191.868200001190417, 1836614.222500000381842 ], [ 646199.594500002451241, 1836541.807299999054521 ], [ 646200.394400000921451, 1836452.445400000317022 ], [ 646198.102000000770204, 1836380.030200000386685 ], [ 646183.490400000941008, 1836313.763699999079108 ], [ 646167.328500001458451, 1836248.277000000467524 ], [ 646145.782100001815706, 1836170.4628 ], [ 646122.693800000823103, 1836103.426499999826774 ], [ 646103.45620000292547, 1836026.382200000807643 ], [ 646095.762800001772121, 1835980.931399999652058 ], [ 646085.793600003817119, 1835837.630599999800324 ], [ 646110.481700002215803, 1835734.401599999517202 ], [ 646114.349000001326203, 1835677.3932000012137 ], [ 646112.823500001803041, 1835631.942500000586733 ], [ 646114.373700002441183, 1835600.358899999409914 ], [ 646108.230600001406856, 1835541.031000000191852 ], [ 646095.911300002015196, 1835510.2172 ], [ 646078.61970000108704, 1835482.9328 ] ] } },
{ "type": "Feature", "properties": { "hy_use": null, "hy_mriver": null, "str_id": null, "str_type": null, "str_name_t": null, "str_name_e": null, "mod_date": null, "length": null, "source_layer": "minor_stream", "OBJECTID": 579073.0, "HY_USE": 2.0, "HY_LNAME": "คลองแหลมคก", "HY_MRIVER": null, "LENGTH": 0.002 }, "geometry": { "type": "LineString", "coordinates": [ [ 646697.025100002414547, 1835536.041999998968095 ], [ 646677.771000001579523, 1835513.696499999379739 ], [ 646647.723200001288205, 1835510.6072 ], [ 646614.599600002053194, 1835506.747899999842048 ], [ 646590.719600001815706, 1835500.579199999803677 ], [ 646552.970200001611374, 1835490.551200000569224 ], [ 646525.239400002290495, 1835479.753399999812245 ] ] } },
{ "type": "Feature", "properties": { "hy_use": null, "hy_mriver": null, "str_id": null, "str_type": null, "str_name_t": null, "str_name_e": null, "mod_date": null, "length": null, "source_layer": "minor_stream", "OBJECTID": 579084.0, "HY_USE": 2.0, "HY_LNAME": "คลองวังทอง", "HY_MRIVER": "แม่น้ำน่าน", "LENGTH": 0.012 }, "geometry": { "type": "LineString", "coordinates": [ [ 642799.346400001086295, 1835452.798900000751019 ], [ 642787.785700001753867, 1835451.259199999039993 ], [ 642760.821800000732765, 1835453.558800000930205 ], [ 642726.156300001777709, 1835460.477399999042973 ], [ 642696.875299999839626, 1835475.884199999039993 ], [ 642679.921800000360236, 1835489.7414 ], [ 642666.044100000406615, 1835515.166200000792742 ], [ 642654.483400001656264, 1835535.192199999699369 ], [ 642622.110200000694022, 1835582.17259999900125 ], [ 642598.222000000998378, 1835616.065700000384822 ], [ 642559.680900001432747, 1835659.9668 ], [ 642529.624800001853146, 1835716.965199999511242 ], [ 642523.448700000531971, 1835749.318600000347942 ], [ 642518.047700001043268, 1835787.070900000631809 ], [ 642493.376100001158193, 1835847.148700000718236 ], [ 642470.246500001521781, 1835900.29780000122264 ], [ 642428.621500001638196, 1835966.544299999717623 ], [ 642386.237900000996888, 1836020.453400000929832 ], [ 642339.228299999726005, 1836057.42589999944903 ], [ 642296.844700001645833, 1836088.229599998565391 ], [ 642260.628900000592694, 1836125.192100000102073 ], [ 642220.554100001929328, 1836159.845000000437722 ], [ 642179.704200000502169, 1836215.303699999349192 ], [ 642137.320500001893379, 1836260.744499999796972 ], [ 642098.787700000801124, 1836296.937100000912324 ], [ 642063.338800000841729, 1836333.909600000362843 ], [ 642032.515900000697002, 1836360.094200000399724 ], [ 642007.085700000403449, 1836380.120200000470504 ] ] } },
{ "type": "Feature", "properties": { "hy_use": null, "hy_mriver": null, "str_id": null, "str_type": null, "str_name_t": null, "str_name_e": null, "mod_date": null, "length": null, "source_layer": "minor_stream", "OBJECTID": 579092.0, "HY_USE": 2.0, "HY_LNAME": null, "HY_MRIVER": null, "LENGTH": 0.001 }, "geometry": { "type": "LineString", "coordinates": [ [ 646183.407900001853704, 1835441.361199998995289 ], [ 646156.444000001996756, 1835435.962300000712276 ], [ 646129.48010000155773, 1835436.722200000425801 ], [ 646114.835500001558103, 1835444.430600000545382 ], [ 646100.199100001016632, 1835455.97829999960959 ], [ 646088.638400001218542, 1835468.305799999739975 ], [ 646078.61970000108704, 1835482.9328 ] ] } },
{ "type": "Feature", "properties": { "hy_use": null, "hy_mriver": null, "str_id": null, "str_type": null, "str_name_t": null, "str_name_e": null, "mod_date": null, "length": null, "source_layer": "minor_stream", "OBJECTID": 579096.0, "HY_USE": 12.0, "HY_LNAME": null, "HY_MRIVER": null, "LENGTH": 0.002 }, "geometry": { "type": "LineString", "coordinates": [ [ 646183.407900001853704, 1835441.361199998995289 ], [ 646185.403400000068359, 1835458.737700000405312 ], [ 646213.142400002339855, 1835458.7377 ], [ 646227.011900001671165, 1835456.438200000207871 ], [ 646236.255500001134351, 1835446.420199999585748 ], [ 646241.648300001397729, 1835434.872599999886006 ], [ 646247.04930000170134, 1835426.394300000509247 ], [ 646254.751000003190711, 1835431.023399998899549 ], [ 646264.761400001938455, 1835436.412299999268726 ], [ 646269.379100000602193, 1835446.430199998896569 ], [ 646270.146000000881031, 1835459.527599999215454 ], [ 646271.68790000223089, 1835470.315400000428781 ], [ 646277.08070000144653, 1835473.394699999829754 ], [ 646283.240400000708178, 1835478.793600000906736 ], [ 646294.025899999542162, 1835478.793600000673905 ], [ 646305.586600000970066, 1835474.174599999329075 ], [ 646316.372200001147576, 1835469.555500000948086 ], [ 646315.704200001433492, 1835449.639599999180064 ] ] } },
{ "type": "Feature", "properties": { "hy_use": null, "hy_mriver": null, "str_id": null, "str_type": null, "str_name_t": null, "str_name_e": null, "mod_date": null, "length": null, "source_layer": "minor_stream", "OBJECTID": 579099.0, "HY_USE": 2.0, "HY_LNAME": "คลองแหลมคก", "HY_MRIVER": null, "LENGTH": 0.002 }, "geometry": { "type": "LineString", "coordinates": [ [ 646525.239400002290495, 1835479.753399999812245 ], [ 646518.312900001183152, 1835459.717499999329448 ], [ 646512.920100000919774, 1835447.390000000130385 ], [ 646479.796500001219101, 1835441.221300000790507 ], [ 646456.68340000230819, 1835441.981100000673905 ], [ 646432.803500001667999, 1835438.1219 ], [ 646412.007500002160668, 1835425.024599999422207 ], [ 646395.062300001853146, 1835418.085999999195337 ], [ 646370.407200001529418, 1835418.075999999186024 ], [ 646354.228800000855699, 1835419.605699999257922 ], [ 646341.901300001540221, 1835427.314099999377504 ], [ 646315.704200001433492, 1835449.639599999180064 ] ] } },
{ "type": "Feature", "properties": { "hy_use": null, "hy_mriver": null, "str_id": null, "str_type": null, "str_name_t": null, "str_name_e": null, "mod_date": null, "length": null, "source_layer": "minor_stream", "OBJECTID": 579105.0, "HY_USE": 12.0, "HY_LNAME": null, "HY_MRIVER": null, "LENGTH": 0.002 }, "geometry": { "type": "LineString", "coordinates": [ [ 646315.704200001433492, 1835449.639599999180064 ], [ 646313.296500001568347, 1835437.971899999072775 ], [ 646287.874500000849366, 1835444.900499999523163 ], [ 646277.864100000821054, 1835431.023399998899549 ], [ 646264.769700001110323, 1835415.616499999538064 ], [ 646247.049300001235679, 1835409.447699999669567 ], [ 646230.104100001510233, 1835417.14619999891147 ], [ 646220.85230000235606, 1835427.934000000357628 ], [ 646191.579600000986829, 1835431.003399999346584 ], [ 646183.869700000621378, 1835431.003399999812245 ], [ 646183.407900001853704, 1835441.361199998995289 ] ] } },
{ "type": "Feature", "properties": { "hy_use": null, "hy_mriver": null, "str_id": null, "str_type": null, "str_name_t": null, "str_name_e": null, "mod_date": null, "length": null, "source_layer": "minor_stream", "OBJECTID": 579107.0, "HY_USE": 2.0, "HY_LNAME": "คลองบางกระท", "HY_MRIVER": null, "LENGTH": 0.009 }, "geometry": { "type": "LineString", "coordinates": [ [ 639418.385300001013093, 1836290.938300000503659 ], [ 639428.56070000177715, 1836291.398199999704957 ], [ 639462.797400001203641, 1836279.880599999101833 ], [ 639478.728400001069531, 1836256.995200000703335 ], [ 639487.749400000786409, 1836213.554099999833852 ], [ 639471.307200001436286, 1836046.058199999853969 ], [ 639462.368700001155958, 1835835.890900000929832 ], [ 639464.39710000064224, 1835742.210000000428408 ], [ 639492.317600001115352, 1835647.699200001079589 ], [ 639557.402000001166016, 1835494.450400000670925 ], [ 639593.766200001118705, 1835422.765000000596046 ], [ 639612.706900000222959, 1835386.922299999278039 ] ] } },
{ "type": "Feature", "properties": { "hy_use": null, "hy_mriver": null, "str_id": null, "str_type": null, "str_name_t": null, "str_name_e": null, "mod_date": null, "length": null, "source_layer": "minor_stream", "OBJECTID": 579113.0, "HY_USE": 1.0, "HY_LNAME": "คลองโกรงเกร", "HY_MRIVER": "แม่น้ำน่าน", "LENGTH": 0.004 }, "geometry": { "type": "LineString", "coordinates": [ [ 644130.695700001204386, 1835360.817600000649691 ], [ 644110.633500001975335, 1835378.63399999961257 ], [ 644137.581000001169741, 1835423.324899999424815 ], [ 644139.114700001198798, 1835450.289400000590831 ], [ 644119.077300000702962, 1835478.01380000077188 ], [ 644112.126000000862405, 1835518.075599999399856 ], [ 644129.062999999616295, 1835568.155400000279769 ], [ 644175.272700000670739, 1835608.237299998756498 ], [ 644198.377600000938401, 1835633.662100000306964 ], [ 644222.257500001927838, 1835645.229800000553951 ], [ 644247.679500001715496, 1835660.646600000793114 ], [ 644259.998800001456402, 1835676.8233 ], [ 644263.841300001950003, 1835696.089400000870228 ] ] } },
{ "type": "Feature", "properties": { "hy_use": null, "hy_mriver": null, "str_id": null, "str_type": null, "str_name_t": null, "str_name_e": null, "mod_date": null, "length": null, "source_layer": "minor_stream", "OBJECTID": 579123.0, "HY_USE": 2.0, "HY_LNAME": null, "HY_MRIVER": null, "LENGTH": 0.001 }, "geometry": { "type": "LineString", "coordinates": [ [ 639612.706900000222959, 1835386.922299999278039 ], [ 639574.635800000862218, 1835390.071699999505654 ], [ 639541.858600001083687, 1835379.49379999935627 ], [ 639518.20130000077188, 1835359.7578999993857 ], [ 639488.433800001279451, 1835336.232599999057129 ] ] } },
{ "type": "Feature", "properties": { "hy_use": null, "hy_mriver": null, "str_id": null, "str_type": null, "str_name_t": null, "str_name_e": null, "mod_date": null, "length": null, "source_layer": "minor_stream", "OBJECTID": 579124.0, "HY_USE": 2.0, "HY_LNAME": "คลองบางกระท", "HY_MRIVER": null, "LENGTH": 0.017 }, "geometry": { "type": "LineString", "coordinates": [ [ 639488.433800001279451, 1835336.232599999057129 ], [ 639439.824500001850538, 1835384.3429000005126 ], [ 639356.929000000818633, 1835427.214099999517202 ], [ 639234.412300001597032, 1835463.336799999698997 ], [ 639096.607700001331978, 1835477.41389999887906 ], [ 639044.823800001409836, 1835478.313700000522658 ], [ 639009.012100000749342, 1835470.795299999415874 ], [ 638975.484500001417473, 1835463.266799999168143 ], [ 638941.20660000119824, 1835460.317399998661131 ], [ 638918.382100000861101, 1835468.755699999630451 ], [ 638898.608500001719221, 1835480.99320000060834 ], [ 638887.979600001126528, 1835492.440899999346584 ], [ 638865.204600001452491, 1835519.1654 ], [ 638834.093000001274049, 1835561.13689999980852 ], [ 638805.339800001354888, 1835629.75290000019595 ], [ 638794.043000000645407, 1835678.522999999811873 ], [ 638797.234100001398474, 1835730.30240000016056 ], [ 638821.831500001717359, 1835817.054799999808893 ], [ 638859.284099999233149, 1835867.214600000297651 ], [ 638906.623500001383945, 1835910.4958 ], [ 638958.531100001884624, 1835955.286599999526516 ], [ 639022.675500000827014, 1836020.613299999386072 ], [ 639066.996900000260212, 1836077.611700000241399 ], [ 639103.674400001531467, 1836121.682800000300631 ], [ 639137.325699999928474, 1836173.382200000807643 ], [ 639199.911700001335703, 1836224.991699999198318 ], [ 639284.563500001560897, 1836268.942799999844283 ], [ 639364.581200000364333, 1836288.528799999738112 ], [ 639418.385300001013093, 1836290.938300000503659 ] ] } },
{ "type": "Feature", "properties": { "hy_use": null, "hy_mriver": null, "str_id": null, "str_type": null, "str_name_t": null, "str_name_e": null, "mod_date": null, "length": null, "source_layer": "minor_stream", "OBJECTID": 579169.0, "HY_USE": 1.0, "HY_LNAME": "คลองโกรงเกร", "HY_MRIVER": "แม่น้ำน่าน", "LENGTH": 0.015 }, "geometry": { "type": "LineString", "coordinates": [ [ 646078.61970000108704, 1835482.9328 ], [ 646031.898800001712516, 1835446.340199999511242 ], [ 645992.788700001663528, 1835424.334699999308214 ], [ 645914.568700001225807, 1835419.445699998410419 ], [ 645813.120000003138557, 1835432.892999999690801 ], [ 645719.010200001881458, 1835445.120500000659376 ], [ 645621.231000000378117, 1835463.466700000921264 ], [ 645538.121100001037121, 1835490.361300000920892 ], [ 645469.68060000159312, 1835520.935100000817329 ], [ 645397.570700001437217, 1835542.940600000554696 ], [ 645352.350500000524335, 1835535.602099999086931 ], [ 645321.791400002432056, 1835480.5833 ], [ 645346.240300000878051, 1835416.996200001100078 ], [ 645385.35040000162553, 1835379.093900000909343 ], [ 645430.570600001723506, 1835360.747700000414625 ], [ 645462.350100001203828, 1835357.078400000231341 ], [ 645503.900900001637638, 1835354.638900000834838 ], [ 645555.239500001305714, 1835336.29259999957867 ], [ 645598.010700001614168, 1835306.9486 ], [ 645662.790000002132729, 1835283.713300000177696 ], [ 645731.238800003426149, 1835264.147299999836832 ], [ 645818.009800003375858, 1835243.361600000178441 ], [ 645904.789100000518374, 1835223.795499999076128 ], [ 645969.568400002084672, 1835225.0253 ], [ 646023.339600001345389, 1835220.126299999188632 ], [ 646047.466900001978502, 1835211.278100001160055 ] ] } },
{ "type": "Feature", "properties": { "hy_use": null, "hy_mriver": null, "str_id": null, "str_type": null, "str_name_t": null, "str_name_e": null, "mod_date": null, "length": null, "source_layer": "minor_stream", "OBJECTID": 579170.0, "HY_USE": 2.0, "HY_LNAME": "คลองโกรงเกร", "HY_MRIVER": "แม่น้ำน่าน", "LENGTH": 0.002 }, "geometry": { "type": "LineString", "coordinates": [ [ 644130.695700001204386, 1835360.817600000649691 ], [ 644103.665800000424497, 1835326.854599999496713 ], [ 644074.401300000725314, 1835295.261 ], [ 644062.857100000604987, 1835265.207100000232458 ], [ 644046.687000001082197, 1835239.012399999657646 ], [ 644023.582200000877492, 1835208.188699999824166 ] ] } },
{ "type": "Feature", "properties": { "hy_use": null, "hy_mriver": null, "str_id": null, "str_type": null, "str_name_t": null, "str_name_e": null, "mod_date": null, "length": null, "source_layer": "minor_stream", "OBJECTID": 579176.0, "HY_USE": 2.0, "HY_LNAME": "คลองวังทอง", "HY_MRIVER": "แม่น้ำน่าน", "LENGTH": 0.012 }, "geometry": { "type": "LineString", "coordinates": [ [ 644023.582200000877492, 1835208.188699999824166 ], [ 643925.745200000703335, 1835210.4682 ], [ 643885.686900002183393, 1835200.440300000598654 ], [ 643835.618099999031983, 1835185.023399999365211 ], [ 643797.868700001621619, 1835178.074799999129027 ], [ 643766.278800002299249, 1835174.215600000461563 ], [ 643734.689000002108514, 1835178.824699999764562 ], [ 643701.565500000608154, 1835194.221599999349564 ], [ 643666.883400001330301, 1835216.556999999564141 ], [ 643634.526700002257712, 1835235.033199999248609 ], [ 643600.619800001848489, 1835258.138499999418855 ], [ 643564.404100001091138, 1835285.8629 ], [ 643533.581100001232699, 1835308.958199999760836 ], [ 643511.234900001320057, 1835321.285700000822544 ], [ 643462.6916000014171, 1835337.442399998893961 ], [ 643405.679800001205876, 1835345.900699999183416 ], [ 643356.369700000854209, 1835360.527699999278411 ], [ 643286.255300002172589, 1835385.922499999403954 ], [ 643194.578000002889894, 1835400.5296 ], [ 643169.156000001821667, 1835401.299400000134483 ], [ 643139.099900000961497, 1835407.448200000450015 ], [ 643118.295700001181103, 1835422.0852 ], [ 643102.117300000973046, 1835443.650800000876188 ], [ 643084.388800000655465, 1835469.835500000277534 ], [ 643064.351300001726486, 1835489.091499999165535 ], [ 643036.612300002016127, 1835503.718599999323487 ], [ 642998.087700001895428, 1835519.115399999311194 ], [ 642966.497900001239032, 1835517.5657 ], [ 642930.298700002138503, 1835508.307600000873208 ], [ 642903.334700000705197, 1835494.43040000111796 ], [ 642860.967600001837127, 1835472.854800001019612 ], [ 642829.386000001220964, 1835458.967700000386685 ], [ 642799.346400001086295, 1835452.798900000751019 ] ] } },
{ "type": "Feature", "properties": { "hy_use": null, "hy_mriver": null, "str_id": null, "str_type": null, "str_name_t": null, "str_name_e": null, "mod_date": null, "length": null, "source_layer": "minor_stream", "OBJECTID": 579188.0, "HY_USE": 1.0, "HY_LNAME": "คลองโกรงเกร", "HY_MRIVER": "แม่น้ำน่าน", "LENGTH": 0.152 }, "geometry": { "type": "LineString", "coordinates": [ [ 644263.841300001950003, 1835696.089400000870228 ], [ 644282.336800000979565, 1835691.470299999695271 ], [ 644301.59910000115633, 1835672.214299999177456 ], [ 644343.982700001448393, 1835626.773499998729676 ], [ 644375.193200001609512, 1835570.455 ], [ 644425.303200003341772, 1835538.661399999633431 ], [ 644483.972400001599453, 1835533.772399998735636 ], [ 644553.641500001540408, 1835528.883400000398979 ], [ 644581.75160000345204, 1835509.317399999359623 ], [ 644611.082100001745857, 1835475.084399999352172 ], [ 644651.412500001490116, 1835440.841399999335408 ], [ 644691.751200001686811, 1835437.172099999850616 ], [ 644745.522300001466647, 1835453.0689 ], [ 644800.522100001224317, 1835478.753599999239668 ], [ 644854.301500001805834, 1835493.420700000831857 ], [ 644899.52170000190381, 1835493.420700000599027 ], [ 644949.631700000725687, 1835471.415100000333041 ], [ 644989.970400002086535, 1835433.502800000831485 ], [ 645007.690700000850484, 1835396.210400000447407 ], [ 645058.163500001421198, 1835359.747899999609217 ], [ 645164.130900001619011, 1835322.8454 ], [ 645219.130600001430139, 1835302.059599999338388 ], [ 645264.350900001940317, 1835239.692299999296665 ], [ 645283.910000001313165, 1835182.223999999463558 ], [ 645291.240600001416169, 1835135.763499999418855 ], [ 645343.791300000972115, 1835130.864399999147281 ], [ 645382.901400001486763, 1835151.650200000265613 ], [ 645404.901300002122298, 1835193.231799999019131 ], [ 645430.57060000137426, 1835260.4781 ], [ 645436.680800001719035, 1835288.602299999212846 ], [ 645408.570700002135709, 1835311.837600000435486 ], [ 645346.240300001343712, 1835331.403599999845028 ], [ 645303.460900001926348, 1835379.093900000676513 ], [ 645269.240600001066923, 1835451.2292 ], [ 645267.847100001759827, 1835523.194599999114871 ], [ 645271.071200001752004, 1835541.11089999973774 ], [ 645293.071100001456216, 1835583.902200000127777 ], [ 645348.070900000631809, 1835602.248500000452623 ], [ 645403.070700002135709, 1835608.3673 ], [ 645462.960300001548603, 1835599.799000000581145 ], [ 645513.070300000952557, 1835579.0132 ], [ 645598.629100001067854, 1835539.891200000187382 ], [ 645698.849100001971237, 1835511.7668999992311 ], [ 645800.289500001585111, 1835501.978900000452995 ], [ 645874.848400000366382, 1835499.539399999892339 ], [ 645927.399200001498684, 1835499.53940000012517 ], [ 645993.398900001775473, 1835488.531600000802428 ], [ 646027.619200000655837, 1835512.986700000241399 ], [ 646049.619100001407787, 1835531.332900000736117 ], [ 646058.178300000610761, 1835569.235200001625344 ], [ 646048.398700001882389, 1835645.049799998756498 ], [ 646044.729300001170486, 1835684.171800000127405 ], [ 646036.17840000113938, 1835805.22719999961555 ], [ 646025.78860000113491, 1835863.315400000428781 ], [ 646027.009000000427477, 1835959.915699999546632 ], [ 646036.788600002299063, 1836044.278499999782071 ], [ 646063.678300000960007, 1836111.534800000488758 ], [ 646091.788300001760945, 1836188.569199999794364 ], [ 646118.678000001702458, 1836276.61119999946095 ], [ 646127.847400001832284, 1836370.152200000127777 ], [ 646131.508600001689047, 1836492.427300000563264 ], [ 646127.237200001603924, 1836558.113900000229478 ], [ 646126.396200001472607, 1836575.690400001127273 ], [ 646112.510200001881458, 1836637.3178 ], [ 646097.082200002158061, 1836698.945299999555573 ], [ 646077.020000000600703, 1836819.1208 ], [ 646063.109300001524389, 1836953.163499999558553 ], [ 646078.479600001475774, 1837074.888699998613447 ], [ 646110.79500000202097, 1837219.739299999317154 ], [ 646167.56770000141114, 1837413.789800000144169 ], [ 646162.67789999966044, 1837485.935100000584498 ], [ 646152.898300001048483, 1837560.5199 ], [ 646136.398400001693517, 1837600.2618 ], [ 646113.178100001765415, 1837685.854399999603629 ], [ 646048.398700000601821, 1837775.116200000513345 ], [ 645998.288700002245605, 1837891.28260000073351 ], [ 645982.399000003701076, 1838002.559900000458583 ], [ 645987.288800001959316, 1838074.695200000656769 ], [ 645960.399100001435727, 1838119.936000001151115 ], [ 645942.068500001681969, 1838141.9516 ], [ 645872.407700001378544, 1838139.502099999692291 ], [ 645786.848800002248026, 1838118.716299999738112 ], [ 645701.298100001993589, 1838077.144699999829754 ], [ 645610.849500001058914, 1838068.586500000208616 ], [ 645502.688700001453981, 1838064.307399999350309 ], [ 645424.460400001145899, 1838080.204099999507889 ], [ 645349.909700001822785, 1838113.217399999499321 ], [ 645279.020200001890771, 1838158.458200000692159 ], [ 645183.690000003320165, 1838196.360500000650063 ], [ 645125.020800000871532, 1838250.16950000054203 ], [ 645090.800600001355633, 1838307.637800000840798 ], [ 645055.359900000505149, 1838330.87309999903664 ], [ 644979.580600001965649, 1838338.201599999796599 ], [ 644909.911500002141111, 1838330.873099999735132 ], [ 644856.140300002181903, 1838322.304799999576062 ], [ 644813.360900001483969, 1838269.725500000873581 ], [ 644808.471100000897422, 1838197.590199999045581 ], [ 644821.920100001385435, 1838138.892200000351295 ], [ 644851.250500001595356, 1838094.871099998941645 ], [ 644903.801300002261996, 1838033.733600000152364 ], [ 644961.250100001692772, 1837988.492799999658018 ], [ 645026.021200001705438, 1837929.8047 ], [ 645098.749600000912324, 1837870.496799999615178 ], [ 645196.520500000799075, 1837794.682199999224395 ], [ 645295.520100001827814, 1837727.435900000156835 ], [ 645367.630100001813844, 1837678.515900000929832 ], [ 645440.960300001897849, 1837636.944299999158829 ], [ 645522.849800001364201, 1837588.0343 ], [ 645602.298500000615604, 1837539.124299999326468 ], [ 645656.06970000162255, 1837480.436200000345707 ], [ 645690.298200001940131, 1837436.41520000086166 ], [ 645712.298100001993589, 1837385.055600000545382 ], [ 645708.6287, 1837323.918099999660626 ], [ 645675.628800002159551, 1837299.462999999057502 ], [ 645608.40870000096038, 1837295.793799999868497 ], [ 645536.298800001852214, 1837304.352000000188127 ], [ 645477.629600000800565, 1837320.248800000175834 ], [ 645381.079000001074746, 1837328.807099999394268 ], [ 645312.630300001590513, 1837334.925799999618903 ], [ 645279.02020000142511, 1837326.977399998810142 ], [ 645222.80000000144355, 1837306.191700000315905 ], [ 645139.690200001001358, 1837257.271600000327453 ], [ 645011.360100002959371, 1837203.472600000211969 ], [ 644935.580799999181181, 1837176.568099999567494 ], [ 644879.360600001178682, 1837174.128499999409541 ], [ 644791.154800000949763, 1837187.265900000697002 ], [ 644763.424100001226179, 1837189.575399999739602 ], [ 644732.601100000669248, 1837196.494000001111999 ], [ 644693.309600002132356, 1837204.192399999126792 ], [ 644648.625400001532398, 1837195.704199999338016 ], [ 644607.800200001220219, 1837184.126499999547377 ], [ 644575.451800001552328, 1837174.1086 ], [ 644536.935500000603497, 1837157.91190000041388 ], [ 644498.419100000523031, 1837130.1675 ], [ 644466.845800001639873, 1837104.732699999585748 ], [ 644441.432100000791252, 1837077.768200000282377 ], [ 644419.861000001314096, 1837056.9524 ], [ 644396.756100000697188, 1837042.315400000428781 ], [ 644373.65120000182651, 1837033.057299999753013 ], [ 644348.229300000704825, 1837023.809099999722093 ], [ 644326.658200001693331, 1837021.489600001135841 ], [ 644307.39589999942109, 1837024.56900000013411 ], [ 644293.526400001021102, 1837033.037300000200048 ], [ 644274.25580000213813, 1837056.142599999671802 ], [ 644260.38630000106059, 1837077.708199999760836 ], [ 644257.294100001454353, 1837113.920800000429153 ], [ 644254.968800001428463, 1837146.27419999986887 ], [ 644254.193700001109391, 1837183.256699999328703 ], [ 644261.887100001215003, 1837214.840299999341369 ], [ 644271.889300000853837, 1837258.751299999887124 ], [ 644278.807500000810251, 1837286.495699999621138 ], [ 644293.435700000962242, 1837330.406700000166893 ], [ 644314.982100001652725, 1837412.080099999671802 ], [ 644313.431800002232194, 1837448.282700000330806 ], [ 644308.789400001405738, 1837489.88429999910295 ], [ 644297.220500000868924, 1837533.795299999881536 ], [ 644279.491900000954047, 1837577.706399999558926 ], [ 644254.828600000357255, 1837609.279999998863786 ], [ 644227.856500000809319, 1837633.155099998693913 ], [ 644194.724700002116151, 1837650.091700000688434 ], [ 644141.555500001646578, 1837687.823999999091029 ], [ 644116.900400000624359, 1837693.212899999460205 ], [ 644083.776800001855008, 1837698.5918 ], [ 644059.88860000227578, 1837702.440999999176711 ], [ 644040.626300001400523, 1837703.200899999588728 ], [ 644027.531900002621114, 1837703.200899999821559 ], [ 644001.343100001104176, 1837703.190899999812245 ], [ 643966.669400002108887, 1837705.490399999078363 ], [ 643933.537600002018735, 1837713.95869999891147 ], [ 643906.573599999188446, 1837723.196799998637289 ], [ 643891.929000001051463, 1837740.133300001034513 ], [ 643890.387000001501292, 1837764.78830000013113 ], [ 643893.45450000197161, 1837797.921599998604506 ], [ 643898.063900001114234, 1837832.58449999964796 ], [ 643914.234000001684763, 1837854.929999999236315 ], [ 643944.273600000888109, 1837887.303400000324473 ], [ 643978.930900001432747, 1837920.436599999666214 ], [ 644008.195400001597591, 1837942.012199999764562 ], [ 644028.224600001471117, 1837955.119599999161437 ], [ 644068.282900000922382, 1837975.9353 ], [ 644079.835300002247095, 1837985.183499998878688 ], [ 644102.173300001071766, 1837998.280799999600276 ], [ 644112.950600000913255, 1838003.679700000444427 ], [ 644129.904100001556799, 1838012.927799999248236 ], [ 644144.268300001393072, 1838023.955600001150742 ], [ 644193.471300001605414, 1838060.428099999437109 ], [ 644257.566200001165271, 1838132.863399999216199 ], [ 644309.795400001807138, 1838192.24129999987781 ], [ 644371.515600000275299, 1838251.619200001005083 ], [ 644411.870700000668876, 1838315.736199998296797 ], [ 644454.600700001232326, 1838377.493599999696016 ], [ 644506.829900001757778, 1838447.549299999605864 ], [ 644567.362600000808015, 1838518.804799999576062 ], [ 644625.520600001094863, 1838579.362500000977889 ], [ 644706.239100001403131, 1838637.550700000254437 ], [ 644775.669100000523031, 1838676.152799999341369 ], [ 644844.513700001058169, 1838702.267499999841675 ], [ 644948.963800001190975, 1838698.7082 ], [ 645028.495000000926666, 1838703.457299999892712 ], [ 645099.70610000193119, 1838704.64699999964796 ], [ 645115.142300002276897, 1838720.08390000090003 ], [ 645108.017900003469549, 1838759.275900001171976 ], [ 645096.152100000414066, 1838835.270400000270456 ], [ 645098.518700001295656, 1838926.711799999698997 ], [ 645105.643100000917912, 1839134.519500000867993 ], [ 645114.548600001609884, 1839270.491800000658259 ], [ 645134.726200001779944, 1839379.739600000437349 ], [ 645162.019900001469068, 1839450.995100001338869 ], [ 645204.758100001025014, 1839506.8037 ], [ 645209.499500001431443, 1839537.6775 ], [ 645205.937300001969561, 1839572.120400000596419 ], [ 645173.893900000490248, 1839601.804400000721216 ], [ 645135.913600001716986, 1839610.1127 ], [ 645082.497000002185814, 1839594.675899998983368 ], [ 645002.974100002087653, 1839574.490000000456348 ], [ 644891.399600001517683, 1839536.487700000638142 ], [ 644809.501800000900403, 1839511.552799999248236 ], [ 644727.595900001353584, 1839512.742499999236315 ], [ 644618.396100000478327, 1839545.995799999684095 ], [ 644481.30900000303518, 1839591.706499999854714 ], [ 644410.089600001578219, 1839617.831099999602884 ], [ 644335.308100001886487, 1839619.020900000352412 ], [ 644255.785100000910461, 1839629.708699999144301 ], [ 644189.315400001360103, 1839645.145600000396371 ], [ 644095.551900001359172, 1839667.710999999195337 ], [ 644042.135300001013093, 1839690.276399999391288 ], [ 643987.539600001298822, 1839736.586999998893589 ], [ 643947.17620000068564, 1839766.270899999886751 ], [ 643910.383200000971556, 1839793.585400000214577 ], [ 643899.704900001874194, 1839835.1469 ], [ 643932.935600001947023, 1839896.894300001207739 ], [ 644006.529800001299009, 1839937.276100000133738 ], [ 644084.865300000994466, 1839980.017400000244379 ], [ 644131.157500000670552, 1840021.589 ], [ 644215.43000000086613, 1840065.519999999320135 ], [ 644312.763900001067668, 1840097.5835 ], [ 644407.714800003450364, 1840154.581900000572205 ], [ 644472.997200001263991, 1840205.651499999687076 ], [ 644522.257800001068972, 1840248.9926999991294 ], [ 644561.425600001704879, 1840294.11350000067614 ], [ 644620.771000001346692, 1840317.868699999758974 ], [ 644686.053300000494346, 1840383.175399999832734 ], [ 644779.825000000884756, 1840453.241100000683218 ], [ 644867.659800001070835, 1840550.621300000697374 ], [ 644931.754700002144091, 1840633.744400000199676 ], [ 644962.618900001165457, 1840699.051100000971928 ], [ 644967.954000003170222, 1840787.523100000107661 ], [ 644962.025200002943166, 1840876.584899999666959 ], [ 644965.587400000542402, 1840937.142599999438971 ], [ 644953.713400001171976, 1841013.147099999710917 ], [ 644959.650400000857189, 1841039.271800000220537 ], [ 644937.098000001278706, 1841097.46000000089407 ], [ 644907.421200000913814, 1841122.394899999722838 ], [ 644893.180700002238154, 1841124.774399999296293 ], [ 644890.805900002713315, 1841154.458399999653921 ] ] } },
{ "type": "Feature", "properties": { "hy_use": null, "hy_mriver": null, "str_id": null, "str_type": null, "str_name_t": null, "str_name_e": null, "mod_date": null, "length": null, "source_layer": "minor_stream", "OBJECTID": 579210.0, "HY_USE": 1.0, "HY_LNAME": "คลองโกรงเกร", "HY_MRIVER": "แม่น้ำน่าน", "LENGTH": 0.024 }, "geometry": { "type": "LineString", "coordinates": [ [ 646047.466900001978502, 1835211.278100001160055 ], [ 646042.898700000951067, 1835185.893200000748038 ], [ 646029.449800001224503, 1835166.327199999243021 ], [ 645978.119400000665337, 1835162.658 ], [ 645888.899300000630319, 1835181.004200000548735 ], [ 645852.230100002139807, 1835196.901000000536442 ], [ 645689.67970000160858, 1835226.244999998481944 ], [ 645627.349400001810864, 1835239.692299998831004 ], [ 645533.23960000090301, 1835276.374800000805408 ], [ 645500.23969999991823, 1835278.824300000909716 ], [ 645480.680600001011044, 1835251.919800000498071 ], [ 645469.680600001476705, 1835165.107499999692664 ], [ 645439.129800002556294, 1835113.747899999376386 ], [ 645391.460500001674518, 1835086.843399999430403 ], [ 645340.130200001294725, 1835077.065400000661612 ], [ 645292.460900000995025, 1835079.514900001231581 ], [ 645249.681500000995584, 1835096.631400000769645 ], [ 645230.130600000731647, 1835134.533700000727549 ], [ 645222.800000001909211, 1835200.570299999555573 ], [ 645187.351200000150129, 1835234.803300000261515 ], [ 645142.130900001735426, 1835258.038599999854341 ], [ 645091.856000001193024, 1835277.134700000286102 ], [ 645062.69050000119023, 1835291.051799998851493 ], [ 645002.800900001311675, 1835322.845399999525398 ], [ 644951.462300000945106, 1835366.866399999475107 ], [ 644928.242000001715496, 1835412.107200000667945 ], [ 644884.242200001142919, 1835434.112700000172481 ], [ 644840.242300001322292, 1835435.342499998863786 ], [ 644839.24460000032559, 1835434.602600000333041 ], [ 644820.155500001157634, 1835425.0746 ], [ 644787.807000001776032, 1835398.869899999117479 ], [ 644764.702200000989251, 1835378.834000001195818 ], [ 644733.120600001187995, 1835368.036199999740347 ], [ 644709.232400001608767, 1835366.496500000357628 ], [ 644663.014400002197362, 1835365.706599999219179 ], [ 644636.042300001019612, 1835379.563799999188632 ], [ 644603.67730000091251, 1835396.500399998854846 ], [ 644582.106200001901016, 1835415.756500000366941 ], [ 644565.919600000954233, 1835435.0125 ], [ 644552.050100000808015, 1835456.578199999639764 ], [ 644528.161900001578033, 1835469.665500000119209 ], [ 644477.318000001250766, 1835461.947100000223145 ], [ 644448.037000001175329, 1835472.724899999797344 ], [ 644367.128800001577474, 1835515.846100001130253 ], [ 644314.734700001310557, 1835558.967299999669194 ], [ 644283.911700001801364, 1835574.364199999487028 ], [ 644260.798600001144223, 1835578.983200000366196 ], [ 644232.292700001737103, 1835574.3542 ], [ 644191.467600001604296, 1835552.7686 ], [ 644179.156500000855885, 1835519.635299999034032 ], [ 644192.267400001408532, 1835474.184599998872727 ], [ 644204.603200003155507, 1835445.690400001127273 ], [ 644203.836300000199117, 1835417.186200000112876 ], [ 644194.601000000955537, 1835388.671999999787658 ], [ 644189.983300001593307, 1835370.185699999565259 ], [ 644172.27120000263676, 1835346.300599999260157 ], [ 644159.176800000481308, 1835337.042499999748543 ], [ 644130.695700001204386, 1835360.817600000649691 ] ] } },
{ "type": "Feature", "properties": { "hy_use": null, "hy_mriver": null, "str_id": null, "str_type": null, "str_name_t": null, "str_name_e": null, "mod_date": null, "length": null, "source_layer": "minor_stream", "OBJECTID": 579247.0, "HY_USE": 2.0, "HY_LNAME": null, "HY_MRIVER": null, "LENGTH": 0.003 }, "geometry": { "type": "LineString", "coordinates": [ [ 646472.507200001738966, 1834947.361799999838695 ], [ 646530.698100000619888, 1834965.788099999772385 ], [ 646573.832200001459569, 1834995.072100000688806 ], [ 646634.670000001788139, 1835047.481399999698624 ], [ 646630.81920000188984, 1835064.428 ], [ 646631.577800002181903, 1835086.003599999006838 ], [ 646645.439100001240149, 1835104.489800000796095 ], [ 646671.627900001592934, 1835118.367000000551343 ] ] } },
{ "type": "Feature", "properties": { "hy_use": null, "hy_mriver": null, "str_id": null, "str_type": null, "str_name_t": null, "str_name_e": null, "mod_date": null, "length": null, "source_layer": "minor_stream", "OBJECTID": 579248.0, "HY_USE": 2.0, "HY_LNAME": "คลองยาง", "HY_MRIVER": "แม่น้ำน่าน", "LENGTH": 0.005 }, "geometry": { "type": "LineString", "coordinates": [ [ 646047.466900001978502, 1835211.278100001160055 ], [ 646097.238800002494827, 1835213.037699998822063 ], [ 646145.77390000235755, 1835213.047700000694022 ], [ 646181.981400000862777, 1835206.899000000441447 ], [ 646195.85090000089258, 1835199.200500000268221 ], [ 646220.514200001722202, 1835177.634899999713525 ], [ 646240.551600001053885, 1835167.627 ], [ 646252.104000001563691, 1835167.627 ], [ 646270.59120000177063, 1835171.48619999946095 ], [ 646283.693900001584552, 1835169.1767 ], [ 646303.723000002326444, 1835158.398800000548363 ], [ 646334.546000003232621, 1835139.922599999699742 ], [ 646337.629900000989437, 1835129.90459999977611 ], [ 646342.255900001968257, 1835122.206199999898672 ], [ 646369.219800001592375, 1835106.0395 ], [ 646403.126700000953861, 1835094.491900000488386 ], [ 646422.389000001363456, 1835084.483899999642745 ], [ 646430.098800000967458, 1835072.1564 ], [ 646432.407700003124774, 1835059.059099999722093 ], [ 646436.266700001200661, 1835044.422 ], [ 646443.201500001829118, 1835030.554899999406189 ], [ 646449.369400002295151, 1835025.165999999037012 ], [ 646460.930100002093241, 1835015.157999999821186 ], [ 646464.014000001829118, 1835008.989299999084324 ], [ 646468.639900002977811, 1834993.592399999499321 ], [ 646469.415000002132729, 1834979.725199999520555 ], [ 646468.648200001684017, 1834965.847999999299645 ], [ 646472.507200001738966, 1834947.361799999838695 ] ] } },
{ "type": "Feature", "properties": { "hy_use": null, "hy_mriver": null, "str_id": null, "str_type": null, "str_name_t": null, "str_name_e": null, "mod_date": null, "length": null, "source_layer": "minor_stream", "OBJECTID": 579265.0, "HY_USE": 12.0, "HY_LNAME": "หนองหัวไผ่", "HY_MRIVER": null, "LENGTH": 0.012 }, "geometry": { "type": "LineString", "coordinates": [ [ 646671.627900001592934, 1835118.367000000551343 ], [ 646678.546100001549348, 1835167.676999999210238 ], [ 646693.166000001481734, 1835247.0308 ], [ 646730.890800001448952, 1835310.987800000235438 ], [ 646762.464100002078339, 1835345.660700000822544 ], [ 646812.541100002126768, 1835355.698699999367818 ], [ 646857.225300001446158, 1835359.557900000130758 ], [ 646891.89090000197757, 1835358.028200000524521 ], [ 646916.545900001539849, 1835341.0917 ], [ 646927.339700002339669, 1835326.454600000288337 ], [ 646953.536800001631491, 1835316.446699999272823 ], [ 646974.341100001707673, 1835304.129199999617413 ], [ 646998.229300001170486, 1835285.642899999627843 ], [ 647029.052200001198798, 1835263.317500000353903 ], [ 647020.583800000604242, 1835232.49379999935627 ], [ 647014.4324000015622, 1835192.431899999734014 ], [ 647009.822900002123788, 1835155.449400000739843 ], [ 646992.886000002152286, 1835118.466999999480322 ], [ 646971.323100001900457, 1835087.643200000748038 ], [ 646963.629700002376921, 1835056.829500000923872 ], [ 646959.020300001604483, 1835019.846999999368563 ], [ 646955.177700001513585, 1834990.573000000789762 ], [ 646945.942400001222268, 1834961.289000000804663 ], [ 646932.081100001465529, 1834930.475199998822063 ], [ 646915.144100001547486, 1834905.8103 ], [ 646893.573000001837499, 1834894.252599999308586 ], [ 646879.711800000630319, 1834891.9331 ], [ 646866.609100001282059, 1834896.552100000437349 ], [ 646840.412100002169609, 1834903.480699999490753 ], [ 646811.906200001714751, 1834907.320000000298023 ], [ 646783.400300001492724, 1834913.478700000792742 ], [ 646761.054100001696497, 1834928.875600000610575 ], [ 646744.10060000163503, 1834951.210999999660999 ], [ 646735.615600001532584, 1834976.635800000280142 ], [ 646726.372000001720153, 1834993.582399999024346 ], [ 646701.708700002520345, 1835023.616300000110641 ], [ 646690.914900002302602, 1835045.181899999734014 ], [ 646686.289000001037493, 1835060.588799999793991 ], [ 646680.121100001502782, 1835079.08500000089407 ], [ 646671.627900001592934, 1835118.367000000551343 ] ] } },
{ "type": "Feature", "properties": { "hy_use": null, "hy_mriver": null, "str_id": null, "str_type": null, "str_name_t": null, "str_name_e": null, "mod_date": null, "length": null, "source_layer": "minor_stream", "OBJECTID": 579270.0, "HY_USE": 12.0, "HY_LNAME": "บึงซิว", "HY_MRIVER": null, "LENGTH": 0.01 }, "geometry": { "type": "LineString", "coordinates": [ [ 645634.655200001201592, 1834880.495399999897927 ], [ 645618.476900000940077, 1834883.5648 ], [ 645587.662200000951998, 1834892.033099999418482 ], [ 645566.857900001923554, 1834902.810900001320988 ], [ 645549.904400001862086, 1834922.836799999466166 ], [ 645537.56870000064373, 1834945.942099999403581 ], [ 645529.850500000873581, 1834978.295499998843297 ], [ 645517.514800002565607, 1835008.339400000637397 ], [ 645512.888800000888295, 1835039.923000000184402 ], [ 645535.985500002396293, 1835076.9154 ], [ 645562.166000001365319, 1835111.588400000473484 ], [ 645579.878099999972619, 1835133.933800000464544 ], [ 645606.842000001459382, 1835145.501499999314547 ], [ 645644.591499999980442, 1835147.051200000103563 ], [ 645706.996000001789071, 1835129.3548 ], [ 645760.932100001489744, 1835104.719799998914823 ], [ 645791.755100001115352, 1835092.402300000423566 ], [ 645795.605900000897236, 1835086.233500000555068 ], [ 645774.034700000658631, 1835083.924000000115484 ], [ 645764.799400000367314, 1835064.657899999758229 ], [ 645760.956800000974908, 1835032.29450000054203 ], [ 645767.899800001643598, 1834994.552200000733137 ], [ 645781.77760000131093, 1834969.907199998851866 ], [ 645776.393000002135523, 1834949.101399999111891 ], [ 645751.738000001292676, 1834962.958599999081343 ], [ 645728.616600001463667, 1834986.063899999251589 ], [ 645686.249500000849366, 1834976.8058 ], [ 645690.10850000125356, 1834948.301599999656901 ], [ 645710.145900001050904, 1834927.505799999460578 ], [ 645726.3243000023067, 1834926.74599999957718 ], [ 645747.120300001115538, 1834922.896799999289215 ], [ 645755.597000000998378, 1834913.6587 ], [ 645743.27770000055898, 1834899.781500000506639 ], [ 645706.303400000557303, 1834896.692099999869242 ], [ 645663.928000001469627, 1834887.434000000124797 ], [ 645634.655200001201592, 1834880.495399999897927 ] ] } },
{ "type": "Feature", "properties": { "hy_use": null, "hy_mriver": null, "str_id": null, "str_type": null, "str_name_t": null, "str_name_e": null, "mod_date": null, "length": null, "source_layer": "minor_stream", "OBJECTID": 579284.0, "HY_USE": 2.0, "HY_LNAME": "คลองบางกระท", "HY_MRIVER": null, "LENGTH": 0.036 }, "geometry": { "type": "LineString", "coordinates": [ [ 642007.085700000403449, 1836380.120200000470504 ], [ 641976.905900000478141, 1836376.580900000175461 ], [ 641947.204400002025068, 1836378.180600001011044 ], [ 641927.389600001391955, 1836373.661499998997897 ], [ 641915.202200001687743, 1836370.652100000297651 ], [ 641901.505900000687689, 1836376.020999999484047 ], [ 641892.377700000652112, 1836378.330499998526648 ], [ 641881.699400001787581, 1836373.031600000336766 ], [ 641825.850300001795404, 1836280.270500000333413 ], [ 641787.540100001031533, 1836192.02849999954924 ], [ 641790.525100000901148, 1836171.462599999736995 ], [ 641769.069400001550093, 1836122.01270000054501 ], [ 641754.433000000775792, 1836060.365300000179559 ], [ 641748.232100000255741, 1836019.253599999472499 ], [ 641752.767400001524948, 1836006.296299999346957 ], [ 641738.914300001342781, 1835951.507400000467896 ], [ 641734.989300000830553, 1835908.106200000271201 ], [ 641730.198500001453795, 1835827.392699999036267 ], [ 641731.592000001342967, 1835779.412399999331683 ], [ 641721.556800002697855, 1835729.932499998249114 ], [ 641697.784100001677871, 1835667.54520000028424 ], [ 641697.676900001009926, 1835627.183399999048561 ], [ 641686.916000000899658, 1835589.901000000769272 ], [ 641670.861400000867434, 1835567.095699999248609 ], [ 641653.322500000474975, 1835558.767400000244379 ], [ 641638.842800001613796, 1835554.998099999502301 ], [ 641606.848900000564754, 1835554.318299999227747 ], [ 641561.97500000090804, 1835574.244200000539422 ], [ 641465.432700000354089, 1835641.520500000333413 ], [ 641368.948000000789762, 1835726.313200000207871 ], [ 641296.722700000973418, 1835772.963799999793991 ], [ 641241.211699999170378, 1835803.577500000363216 ], [ 641184.933800000580959, 1835833.431399999186397 ], [ 641162.876100002089515, 1835842.629599999403581 ], [ 641080.747500000405125, 1835854.377199999755248 ], [ 640990.092699999455363, 1835845.488999999593943 ], [ 640916.135700003243983, 1835812.175799998920411 ], [ 640817.639100001892075, 1835717.245100000640377 ], [ 640755.75410000118427, 1835644.299900000914931 ], [ 640680.865300000761636, 1835549.309299999848008 ], [ 640572.465400001034141, 1835452.878900000592694 ], [ 640480.837600001250394, 1835364.786800000583753 ], [ 640426.629400000791065, 1835314.666999999666587 ], [ 640340.361400000285357, 1835234.9333 ], [ 640241.782400000840425, 1835111.82829999900423 ], [ 640152.380900001968257, 1835000.111099999630824 ], [ 640124.097700001089834, 1834962.108799999346957 ], [ 640078.242500000284053, 1834902.071000001160428 ], [ 640020.23300000152085, 1834852.731100000906736 ], [ 639969.916900000767782, 1834832.295199999352917 ], [ 639935.655400000279769, 1834837.724099999060854 ], [ 639915.148000000743195, 1834856.060400000307709 ], [ 639859.777100000530481, 1834939.97330000041984 ], [ 639812.825300000491552, 1835038.343299999367446 ], [ 639741.589400000404567, 1835170.2864 ], [ 639668.094200001098216, 1835309.857999998843297 ], [ 639631.688800001167692, 1835365.546700000530109 ], [ 639612.706900000222959, 1835386.922299999278039 ] ] } },
{ "type": "Feature", "properties": { "hy_use": null, "hy_mriver": null, "str_id": null, "str_type": null, "str_name_t": null, "str_name_e": null, "mod_date": null, "length": null, "source_layer": "minor_stream", "OBJECTID": 579378.0, "HY_USE": 2.0, "HY_LNAME": "คลองยาง", "HY_MRIVER": "แม่น้ำน่าน", "LENGTH": 0.006 }, "geometry": { "type": "LineString", "coordinates": [ [ 646472.507200001738966, 1834947.361799999838695 ], [ 646485.609900001436472, 1834927.335899998899549 ], [ 646492.54460000153631, 1834910.389300000155345 ], [ 646494.861700001172721, 1834894.212600000668317 ], [ 646497.178800001158379, 1834877.266100000590086 ], [ 646500.262700001010671, 1834873.416899999137968 ], [ 646509.506300000590272, 1834873.416899999137968 ], [ 646518.749900001101196, 1834877.276100000599399 ], [ 646527.993500002077781, 1834878.8158 ], [ 646538.012200000928715, 1834876.506200000178069 ], [ 646544.180100003955886, 1834867.268100000917912 ], [ 646550.348000001627952, 1834854.940600000321865 ], [ 646558.05790000106208, 1834838.763900000602007 ], [ 646561.14180000172928, 1834822.587200000882149 ], [ 646568.084800001815893, 1834800.251700000837445 ], [ 646581.179200001526624, 1834784.075 ], [ 646603.525400001322851, 1834770.987700000405312 ], [ 646618.170100001618266, 1834767.138499999884516 ], [ 646633.573300002142787, 1834759.440099999075755 ], [ 646635.123500001500361, 1834746.342700000153854 ], [ 646626.655000001424924, 1834733.245400000596419 ], [ 646618.178300003404729, 1834726.306799999671057 ], [ 646611.251800000900403, 1834717.8285 ], [ 646607.400999999139458, 1834705.501000000629574 ], [ 646617.419700001948513, 1834687.014799999073148 ], [ 646635.140000003040768, 1834674.697299999883398 ], [ 646654.410499999881722, 1834662.369799999753013 ], [ 646669.822000001906417, 1834653.131700000260025 ], [ 646679.840699999709614, 1834643.8936 ], [ 646689.859400002518669, 1834631.566099999006838 ], [ 646692.168300001649186, 1834615.389399999752641 ], [ 646692.951600002823398, 1834596.133300000801682 ], [ 646694.493600001675077, 1834586.885199999436736 ], [ 646702.970300001557916, 1834577.647100000176579 ], [ 646710.671900001470931, 1834575.3375 ], [ 646720.690600002068095, 1834575.337500000372529 ], [ 646733.785000001545995, 1834576.88719999906607 ], [ 646745.337500002235174, 1834577.6570999994874 ], [ 646759.207000002032146, 1834575.34749999968335 ], [ 646767.683700001682155, 1834569.9586 ], [ 646771.54280000156723, 1834560.720499999821186 ], [ 646771.542800001101568, 1834542.994100000942126 ], [ 646763.841100001242012, 1834530.666599999880418 ], [ 646754.605800001067109, 1834523.727999999886379 ] ] } },
{ "type": "Feature", "properties": { "hy_use": null, "hy_mriver": null, "str_id": null, "str_type": null, "str_name_t": null, "str_name_e": null, "mod_date": null, "length": null, "source_layer": "minor_stream", "OBJECTID": 579379.0, "HY_USE": 2.0, "HY_LNAME": null, "HY_MRIVER": null, "LENGTH": 0.01 }, "geometry": { "type": "LineString", "coordinates": [ [ 643177.459600000758655, 1834536.035499999532476 ], [ 643192.120700001134537, 1834549.712699999567121 ], [ 643212.149900000891648, 1834537.385299999034032 ], [ 643235.271200001938269, 1834517.369300000136718 ], [ 643244.514800001867115, 1834516.599500000244007 ], [ 643258.376100002438761, 1834534.325899998657405 ], [ 643279.938900002278388, 1834555.901499999221414 ], [ 643287.64060000050813, 1834580.556500001111999 ], [ 643293.79200000106357, 1834608.29079999960959 ], [ 643303.027300001704134, 1834639.884400000795722 ], [ 643319.197400001809001, 1834666.848899999866262 ], [ 643336.909500000765547, 1834686.114999999757856 ], [ 643352.312700001522899, 1834710.0001 ], [ 643363.090000001247972, 1834725.416999999899417 ], [ 643386.203100000973791, 1834730.045999999856576 ], [ 643406.999200001591817, 1834729.276200000196695 ], [ 643430.887400001520291, 1834719.268200000748038 ], [ 643453.241900000488386, 1834693.083599999314174 ], [ 643473.279300001566298, 1834668.438599999528378 ], [ 643494.083500001346692, 1834656.890900000697002 ], [ 643510.261900001671165, 1834651.502000000793487 ], [ 643527.982200002064928, 1834647.652799999341369 ], [ 643543.385400001192465, 1834649.202500000363216 ], [ 643560.330600001732819, 1834661.529999999096617 ], [ 643568.03230000147596, 1834683.875399999087676 ], [ 643568.024000000907108, 1834704.671200000215322 ], [ 643574.950500003295019, 1834726.246799999149516 ], [ 643580.335100001422688, 1834750.131899999687448 ], [ 643581.868800002033822, 1834776.326600000495091 ], [ 643592.646100000943989, 1834798.672100000316277 ], [ 643608.049300000304356, 1834814.858800000278279 ], [ 643614.98410000174772, 1834832.575200000777841 ], [ 643616.509600001503713, 1834859.53969999961555 ], [ 643616.501300002681091, 1834881.8851 ], [ 643617.268200001562946, 1834905.760299999034032 ], [ 643627.278600001591258, 1834925.79619999974966 ], [ 643627.270399999571964, 1834939.663400000194088 ], [ 643619.560500001651235, 1834962.0088 ], [ 643604.915900002466515, 1834978.1754999991972 ], [ 643592.580100001185201, 1835024.396099999779835 ], [ 643587.17090000200551, 1835064.458000001031905 ], [ 643599.490200001746416, 1835095.281700000166893 ], [ 643607.958599999314174, 1835127.63509999983944 ] ] } },
{ "type": "Feature", "properties": { "hy_use": null, "hy_mriver": null, "str_id": null, "str_type": null, "str_name_t": null, "str_name_e": null, "mod_date": null, "length": null, "source_layer": "minor_stream", "OBJECTID": 579384.0, "HY_USE": 2.0, "HY_LNAME": null, "HY_MRIVER": null, "LENGTH": 0.001 }, "geometry": { "type": "LineString", "coordinates": [ [ 647054.301000001374632, 1834496.093699998920783 ], [ 647083.573800001991913, 1834495.323799999663606 ], [ 647107.453700002050027, 1834490.714800000190735 ], [ 647122.865200001280755, 1834488.405200000619516 ], [ 647133.650800002040341, 1834493.034299999242648 ], [ 647148.287100001238286, 1834499.972899999469519 ], [ 647161.381500001531094, 1834507.681299999123439 ] ] } },
{ "type": "Feature", "properties": { "hy_use": null, "hy_mriver": null, "str_id": null, "str_type": null, "str_name_t": null, "str_name_e": null, "mod_date": null, "length": null, "source_layer": "minor_stream", "OBJECTID": 579400.0, "HY_USE": 2.0, "HY_LNAME": null, "HY_MRIVER": null, "LENGTH": 0.018 }, "geometry": { "type": "LineString", "coordinates": [ [ 647161.381500001531094, 1834507.681299999123439 ], [ 647172.934000001871027, 1834513.070199999725446 ], [ 647186.803500001435168, 1834516.159600001061335 ], [ 647202.206700000795536, 1834511.54050000035204 ], [ 647211.458600000711158, 1834491.514599998714402 ], [ 647222.252400001627393, 1834475.337899999693036 ], [ 647232.271100000827573, 1834459.1612 ], [ 647239.205800001043826, 1834446.843699999386445 ], [ 647245.373700001742691, 1834439.905099998926744 ], [ 647255.384200001368299, 1834440.684900000458583 ], [ 647261.552100001135841, 1834446.843699998687953 ], [ 647267.711700001731515, 1834456.86159999971278 ], [ 647270.020500000449829, 1834466.1097999997437 ], [ 647274.638200001907535, 1834479.207099999766797 ], [ 647282.339800001238473, 1834492.304400000721216 ], [ 647290.033200002158992, 1834503.092200000304729 ], [ 647300.81050000176765, 1834553.171999999554828 ], [ 647308.495700001949444, 1834612.5 ], [ 647318.497900003101677, 1834647.942700000479817 ], [ 647336.209900001296774, 1834677.21680000051856 ], [ 647367.783300002338365, 1834701.881799999624491 ], [ 647388.57930000172928, 1834720.378000000491738 ], [ 647388.579300003126264, 1834735.784900000551715 ], [ 647376.243500001030043, 1834749.652000000467524 ], [ 647367.76680000196211, 1834760.42989999987185 ], [ 647355.439200001070276, 1834772.75730000063777 ], [ 647348.496200000983663, 1834788.1642 ], [ 647354.655900001176633, 1834809.739800000330433 ], [ 647366.208300001570024, 1834809.739800000563264 ], [ 647378.544100001221523, 1834803.581100000534207 ], [ 647394.72240000218153, 1834792.803300000727177 ], [ 647413.217900001560338, 1834785.104800000786781 ], [ 647429.396200002287515, 1834783.565099999308586 ], [ 647447.108300001826137, 1834784.345000000437722 ], [ 647461.744700003182516, 1834795.132799999555573 ], [ 647476.381000001565553, 1834810.53969999961555 ], [ 647493.326300001470372, 1834824.4168 ], [ 647508.72950000106357, 1834830.585599999642 ], [ 647525.674700001371093, 1834844.4527 ], [ 647533.376300000934862, 1834856.010399999562651 ], [ 647529.517300001811236, 1834872.187100000679493 ], [ 647521.80740000132937, 1834886.054300000891089 ], [ 647524.11620000237599, 1834904.550499999895692 ], [ 647531.809600001666695, 1834926.885999999707565 ], [ 647561.07410000206437, 1834970.037200000137091 ], [ 647599.582200002274476, 1834997.791500000515953 ], [ 647626.546100001432933, 1835020.9068 ], [ 647628.846700000576675, 1835050.1809 ], [ 647621.136800001491793, 1835072.526299999561161 ], [ 647606.484000001102686, 1835101.790400000521913 ], [ 647588.76370000152383, 1835127.984999999171123 ], [ 647590.297400000505149, 1835146.471300000324845 ], [ 647599.532700001611374, 1835165.737400001147762 ], [ 647611.852000002283603, 1835177.294999999459833 ], [ 647629.572300002211705, 1835185.003399999346584 ], [ 647653.452300001401454, 1835191.942000000271946 ], [ 647683.500200001057237, 1835188.872600000118837 ], [ 647708.155200000968762, 1835176.555099999532104 ], [ 647736.669400001410395, 1835144.981599999591708 ], [ 647747.45490000222344, 1835134.9636 ], [ 647762.866400001104921, 1835134.973600000608712 ], [ 647774.41880000103265, 1835142.672 ], [ 647797.531900000874884, 1835152.699999999022111 ], [ 647821.411900001578033, 1835161.948100000619888 ], [ 647839.132200001506135, 1835164.267699999734759 ], [ 647855.310600002296269, 1835159.648600000422448 ], [ 647869.946900001028553, 1835149.640599999809638 ], [ 647898.452800001483411, 1835151.190300001064315 ], [ 647906.162700002780184, 1835140.40250000031665 ], [ 647916.181400000466965, 1835128.0850000011269 ], [ 647927.742100002476946, 1835115.757499999832362 ], [ 647937.752500004018657, 1835109.598799999570474 ], [ 647950.080100001418032, 1835108.838899999856949 ], [ 647963.182700001518242, 1835111.148499999660999 ], [ 647974.735100001795217, 1835118.087099998490885 ], [ 647990.138400001800619, 1835131.184399999445304 ], [ 648005.541600001277402, 1835138.122999999672174 ], [ 648047.908800001721829, 1835165.107499999227002 ], [ 648070.238500001607463, 1835182.053999999072403 ], [ 648071.780500002554618, 1835199.7804000005126 ], [ 648072.539100001798943, 1835226.74489999958314 ], [ 648074.072800001711585, 1835249.850199999520555 ], [ 648079.457400000770576, 1835267.576600000495091 ], [ 648087.934100001584738, 1835280.674000000348315 ], [ 648097.944500002311543, 1835293.771299999207258 ], [ 648108.730100001324899, 1835295.321000001160428 ], [ 648124.908500001067296, 1835293.781300001079217 ], [ 648141.853700001374818, 1835292.251599998911843 ], [ 648159.574000001768582, 1835288.4024 ], [ 648174.98550000146497, 1835285.323000000556931 ], [ 648191.163800001260825, 1835284.563200000673532 ], [ 648198.8654000016395, 1835290.721899999538437 ], [ 648206.567000001319684, 1835303.819199999794364 ], [ 648212.726700002443977, 1835313.0673999984283 ], [ 648223.504000002052635, 1835330.023900000145659 ] ] } },
{ "type": "Feature", "properties": { "hy_use": null, "hy_mriver": null, "str_id": null, "str_type": null, "str_name_t": null, "str_name_e": null, "mod_date": null, "length": null, "source_layer": "minor_stream", "OBJECTID": 579402.0, "HY_USE": 2.0, "HY_LNAME": null, "HY_MRIVER": null, "LENGTH": 0.004 }, "geometry": { "type": "LineString", "coordinates": [ [ 646754.605800001067109, 1834523.727999999886379 ], [ 646759.998600000748411, 1834509.101000000257045 ], [ 646771.559300001827069, 1834492.154500000411645 ], [ 646781.586200001765974, 1834471.3487 ], [ 646792.371800001827069, 1834452.862500000745058 ], [ 646807.783300001989119, 1834445.164000001037493 ], [ 646823.194700001738966, 1834440.554999999701977 ], [ 646835.522300002165139, 1834436.7057 ], [ 646845.532700001494959, 1834452.112600000575185 ], [ 646857.085200000787154, 1834462.130599999101833 ], [ 646871.721500000800006, 1834468.299300000304356 ], [ 646881.732000001240522, 1834471.388699999311939 ], [ 646895.601500000804663, 1834473.698200000450015 ], [ 646913.321800001896918, 1834472.938400000799447 ], [ 646931.817200001794845, 1834461.38069999916479 ], [ 646939.527100001461804, 1834444.434200000250712 ], [ 646954.163500000955537, 1834435.965900000417605 ], [ 646968.799900001147762, 1834434.426200001034886 ], [ 646985.745100002037361, 1834439.825099999317899 ], [ 646997.3057000025874, 1834448.303400000324473 ], [ 647010.391900002141483, 1834459.870999999344349 ], [ 647021.177500001620501, 1834470.6588 ], [ 647031.963000001502223, 1834480.676800000248477 ], [ 647041.97350000217557, 1834487.615399999311194 ], [ 647054.301000001374632, 1834496.093699998920783 ] ] } },
{ "type": "Feature", "properties": { "hy_use": null, "hy_mriver": null, "str_id": null, "str_type": null, "str_name_t": null, "str_name_e": null, "mod_date": null, "length": null, "source_layer": "minor_stream", "OBJECTID": 579415.0, "HY_USE": 2.0, "HY_LNAME": null, "HY_MRIVER": null, "LENGTH": 0.012 }, "geometry": { "type": "LineString", "coordinates": [ [ 642974.488100001704879, 1834387.285800000885502 ], [ 642930.150200000964105, 1834410.56110000051558 ], [ 642888.071700001368299, 1834431.226899999659508 ], [ 642848.293700001086108, 1834447.3036 ], [ 642807.748900000820868, 1834457.251599999144673 ], [ 642777.915500001516193, 1834467.199500000104308 ], [ 642774.089400000753812, 1834476.387700000312179 ], [ 642761.852600000565872, 1834516.179600000148639 ], [ 642758.793300000834279, 1834538.374999999534339 ], [ 642748.848900000681169, 1834571.288300000596792 ], [ 642736.612000001478009, 1834612.609899999340996 ], [ 642728.193000001250766, 1834655.471200000261888 ], [ 642725.13380000111647, 1834681.495899999747053 ], [ 642723.608300001826137, 1834709.040300000226125 ], [ 642725.1338000013493, 1834744.2531 ], [ 642729.726700002443977, 1834775.626800001133233 ], [ 642743.109700000844896, 1834821.927300000330433 ], [ 642758.414000001037493, 1834852.54109999909997 ], [ 642762.240100001683459, 1834877.796 ], [ 642769.117100001196377, 1834918.357699999585748 ], [ 642780.595399999641813, 1834953.570499999215826 ], [ 642794.365900001022965, 1834982.644600000465289 ], [ 642815.021800001733936, 1835010.968900001142174 ], [ 642819.606400003191084, 1835032.394500000402331 ], [ 642814.254900001804344, 1835053.820100000360981 ], [ 642798.95060000079684, 1835078.315099999075755 ], [ 642790.919200002215803, 1835096.301499999826774 ], [ 642783.275300001609139, 1835115.437599999830127 ], [ 642780.974700000835583, 1835135.3335 ], [ 642779.449200001661666, 1835155.229499998735264 ], [ 642774.08940000156872, 1835165.947299999883398 ], [ 642757.259600001969375, 1835191.961999999592081 ], [ 642745.789600000600331, 1835222.575800000224262 ], [ 642732.78590000141412, 1835244.011399998795241 ], [ 642714.422500001266599, 1835269.26630000048317 ], [ 642702.185600002179854, 1835291.461799999466166 ], [ 642706.770300001255237, 1835310.597899999702349 ], [ 642746.548300001770258, 1835352.689300000201911 ], [ 642782.887700000894256, 1835400.519600000698119 ], [ 642799.346400001086295, 1835452.798900000751019 ] ] } },
{ "type": "Feature", "properties": { "hy_use": null, "hy_mriver": null, "str_id": null, "str_type": null, "str_name_t": null, "str_name_e": null, "mod_date": null, "length": null, "source_layer": "minor_stream", "OBJECTID": 579416.0, "HY_USE": 12.0, "HY_LNAME": null, "HY_MRIVER": null, "LENGTH": 0.003 }, "geometry": { "type": "LineString", "coordinates": [ [ 642974.488100001704879, 1834387.285800000885502 ], [ 642995.688200000440702, 1834400.393100001616403 ], [ 643028.04490000102669, 1834397.323799999430776 ], [ 643066.569500001030974, 1834386.546000000322238 ], [ 643090.457700000843033, 1834385.016299999784678 ], [ 643108.16980000177864, 1834400.42310000048019 ], [ 643117.40510000125505, 1834422.7686 ], [ 643122.789600000716746, 1834448.963199999649078 ], [ 643128.941000002319925, 1834476.697599999606609 ], [ 643138.184600001201034, 1834501.362600000808015 ], [ 643148.195100001059473, 1834517.539299999829382 ], [ 643160.514400001498871, 1834531.406500000273809 ], [ 643170.524800001410767, 1834536.035499999066815 ], [ 643177.459600000758655, 1834536.035499999532476 ] ] } },
{ "type": "Feature", "properties": { "hy_use": null, "hy_mriver": null, "str_id": null, "str_type": null, "str_name_t": null, "str_name_e": null, "mod_date": null, "length": null, "source_layer": "minor_stream", "OBJECTID": 579424.0, "HY_USE": 12.0, "HY_LNAME": null, "HY_MRIVER": null, "LENGTH": 0.003 }, "geometry": { "type": "LineString", "coordinates": [ [ 643177.459600000758655, 1834536.035499999532476 ], [ 643184.394400001503527, 1834529.876800000201911 ], [ 643189.795400001108646, 1834522.178300000727177 ], [ 643181.318700000876561, 1834510.620699999853969 ], [ 643170.541300001204945, 1834500.592700000386685 ], [ 643158.988900001975708, 1834489.80489999987185 ], [ 643151.28730000089854, 1834473.628200000151992 ], [ 643146.669599999091588, 1834456.681700001237914 ], [ 643142.051900001824833, 1834435.875900000566617 ], [ 643135.900500001385808, 1834413.530499998945743 ], [ 643132.824800001108088, 1834392.734699999680743 ], [ 643124.933600001735613, 1834379.57740000076592 ], [ 643114.345900001586415, 1834367.199899998959154 ], [ 643093.549900000914931, 1834358.721599999349564 ], [ 643065.04400000104215, 1834361.790999999037012 ], [ 643038.847000001580454, 1834367.949700000230223 ], [ 642998.780400000163354, 1834373.328600000124425 ], [ 642977.209300001850352, 1834378.717499999562278 ], [ 642974.488100001704879, 1834387.285800000885502 ] ] } },
{ "type": "Feature", "properties": { "hy_use": null, "hy_mriver": null, "str_id": null, "str_type": null, "str_name_t": null, "str_name_e": null, "mod_date": null, "length": null, "source_layer": "minor_stream", "OBJECTID": 579483.0, "HY_USE": 2.0, "HY_LNAME": null, "HY_MRIVER": null, "LENGTH": 0.007 }, "geometry": { "type": "LineString", "coordinates": [ [ 647729.553200001362711, 1834185.506899999454618 ], [ 647718.61920000158716, 1834269.839700000127777 ], [ 647714.760200001765043, 1834311.431199999758974 ], [ 647696.264700002386235, 1834327.607999999308959 ], [ 647682.387000001268461, 1834345.324299999745563 ], [ 647672.368300001719035, 1834366.120100000873208 ], [ 647681.603600001893938, 1834383.076699999859557 ], [ 647695.473100001458079, 1834396.174000000348315 ], [ 647705.483600001316518, 1834413.120500000193715 ], [ 647696.998599999817088, 1834437.00569999916479 ], [ 647674.644100002478808, 1834465.499899999704212 ], [ 647650.755900000687689, 1834492.454399998765439 ], [ 647629.168300001998432, 1834544.843699999386445 ], [ 647632.243999999947846, 1834576.427300001028925 ], [ 647622.992200001841411, 1834601.072299999417737 ], [ 647596.020000001066364, 1834621.098200000589713 ], [ 647577.524600001168437, 1834638.044800000265241 ], [ 647578.283200002508238, 1834671.937899998854846 ], [ 647588.277200002456084, 1834733.575300000607967 ], [ 647595.203700001700781, 1834761.309699999401346 ], [ 647603.672100001946092, 1834774.406999999424443 ], [ 647619.083599999896251, 1834775.95670000067912 ], [ 647642.196700001019053, 1834773.6472 ], [ 647665.309800001559779, 1834768.268300000112504 ], [ 647676.09540000197012, 1834769.038100000470877 ] ] } },
{ "type": "Feature", "properties": { "hy_use": null, "hy_mriver": null, "str_id": null, "str_type": null, "str_name_t": null, "str_name_e": null, "mod_date": null, "length": null, "source_layer": "minor_stream", "OBJECTID": 579491.0, "HY_USE": 2.0, "HY_LNAME": "คลองยาง", "HY_MRIVER": "แม่น้ำน่าน", "LENGTH": 0.007 }, "geometry": { "type": "LineString", "coordinates": [ [ 646189.65000000258442, 1834161.601700000232086 ], [ 646244.336500001139939, 1834204.763000000501052 ], [ 646290.546200001379475, 1834241.755400000140071 ], [ 646359.102100001764484, 1834264.890699999174103 ], [ 646413.805100002558902, 1834273.379000000888482 ], [ 646470.033500001998618, 1834288.036000000778586 ], [ 646507.007799999788404, 1834304.992599998833612 ], [ 646533.971700001507998, 1834318.099899999564514 ], [ 646554.000900001847185, 1834318.869699999690056 ], [ 646589.441500000888482, 1834318.879699999233708 ], [ 646617.172300000675023, 1834320.429400000488386 ], [ 646631.041800001286902, 1834325.0585 ], [ 646647.21190000209026, 1834332.766899998765439 ], [ 646661.848300002864562, 1834337.395999999484047 ], [ 646677.259800001280382, 1834344.334500000346452 ], [ 646685.728300001472235, 1834350.503299999749288 ], [ 646699.589500001864508, 1834366.68 ], [ 646707.291100002243184, 1834382.866699998965487 ], [ 646706.516000001225621, 1834402.892599999671802 ], [ 646707.274700001114979, 1834436.025900000939146 ], [ 646711.892300001811236, 1834459.901000000769272 ], [ 646715.734900000505149, 1834477.627399999648333 ], [ 646723.436500001815148, 1834499.9729 ], [ 646736.522700000554323, 1834518.459100000560284 ], [ 646754.605800001067109, 1834523.727999999886379 ] ] } },
{ "type": "Feature", "properties": { "hy_use": null, "hy_mriver": null, "str_id": null, "str_type": null, "str_name_t": null, "str_name_e": null, "mod_date": null, "length": null, "source_layer": "minor_stream", "OBJECTID": 579492.0, "HY_USE": 2.0, "HY_LNAME": null, "HY_MRIVER": null, "LENGTH": 0.018 }, "geometry": { "type": "LineString", "coordinates": [ [ 646189.65000000258442, 1834161.601700000232086 ], [ 646176.423700001789257, 1834170.679899999639019 ], [ 646140.983100001933053, 1834242.215299999341369 ], [ 646122.03410000144504, 1834260.561599998734891 ], [ 646100.652600001078099, 1834272.78910000086762 ], [ 646057.263000002829358, 1834292.964999999850988 ], [ 645983.314300001249649, 1834324.758500000229105 ], [ 645954.594000002951361, 1834334.536499999230728 ], [ 645921.594100002199411, 1834352.2629 ], [ 645887.984100002096966, 1834373.058700000867248 ], [ 645845.81480000121519, 1834395.064200000604615 ], [ 645815.874100001179613, 1834407.291699999710545 ], [ 645784.09470000222791, 1834419.51920000067912 ], [ 645776.764100001892075, 1834427.467599997995421 ], [ 645760.874400001484901, 1834450.702899998985231 ], [ 645748.959099999861792, 1834465.6798 ], [ 645732.459200001438148, 1834480.356899999082088 ], [ 645713.510200002463534, 1834494.414000000571832 ], [ 645676.239000001340173, 1834518.869000000646338 ], [ 645643.849300001282245, 1834538.435000000754371 ], [ 645613.900400001672097, 1834560.440600000321865 ], [ 645579.680200001690537, 1834584.895600000862032 ], [ 645544.849700001301244, 1834616.079199999803677 ], [ 645516.129500001086853, 1834642.3739 ], [ 645490.460100001189858, 1834674.157400000840425 ], [ 645445.850100001203828, 1834718.17850000038743 ], [ 645391.155400001676753, 1834774.127100000623614 ], [ 645368.545300000347197, 1834794.912799999117851 ], [ 645361.206500002415851, 1834801.021600000560284 ], [ 645337.376100001274608, 1834809.5798 ], [ 645272.596700000576675, 1834831.5954 ], [ 645188.266400001826696, 1834864.608599999686703 ], [ 645134.487100001075305, 1834885.394400000339374 ], [ 645100.26680000196211, 1834901.291200000559911 ], [ 645065.436400001985021, 1834922.686799999326468 ], [ 645003.411100001307204, 1834965.798 ], [ 644967.35200000111945, 1834989.633199998643249 ], [ 644957.572500000940636, 1834998.811300000175834 ], [ 644942.911400001263246, 1835014.708100000396371 ], [ 644920.911400001146831, 1835034.88399999961257 ], [ 644903.191100002499297, 1835048.331199999898672 ], [ 644875.072800001013093, 1835064.837899999227375 ], [ 644845.742300000973046, 1835080.734699999680743 ], [ 644804.801700001815334, 1835096.021500000497326 ], [ 644777.301800000830553, 1835103.359999998705462 ], [ 644741.242700001224875, 1835119.866699999198318 ], [ 644621.46360000106506, 1835171.216199999209493 ] ] } },
{ "type": "Feature", "properties": { "hy_use": null, "hy_mriver": null, "str_id": null, "str_type": null, "str_name_t": null, "str_name_e": null, "mod_date": null, "length": null, "source_layer": "minor_stream", "OBJECTID": 579507.0, "HY_USE": 12.0, "HY_LNAME": null, "HY_MRIVER": null, "LENGTH": 0.009 }, "geometry": { "type": "LineString", "coordinates": [ [ 642569.600700001581572, 1834119.380300000309944 ], [ 642531.026600001961924, 1834152.083699999144301 ], [ 642552.76270000054501, 1834173.209400000283495 ], [ 642617.072000000509433, 1834226.648499998729676 ], [ 642658.878400000510737, 1834259.74180000112392 ], [ 642678.445800001733005, 1834289.315700000151992 ], [ 642688.810900000622496, 1834318.259899999480695 ], [ 642704.791300000739284, 1834365.500199999660254 ], [ 642717.118800002150238, 1834424.278300000587478 ], [ 642742.746900001075119, 1834503.532099999720231 ], [ 642760.475500000407919, 1834458.111400000751019 ], [ 642803.131200001458637, 1834442.954500000691041 ], [ 642778.36070000147447, 1834424.16829999932088 ], [ 642761.184600001666695, 1834400.683099999791011 ], [ 642753.029500001692213, 1834365.5802 ], [ 642747.051300001097843, 1834322.029100000159815 ], [ 642724.053600002080202, 1834266.470399999525398 ], [ 642701.633200001902878, 1834251.473400000482798 ], [ 642687.565700001083314, 1834231.007600000360981 ], [ 642633.27510000183247, 1834182.017599999438971 ], [ 642569.600700001581572, 1834119.380300000309944 ] ] } },
{ "type": "Feature", "properties": { "hy_use": null, "hy_mriver": null, "str_id": null, "str_type": null, "str_name_t": null, "str_name_e": null, "mod_date": null, "length": null, "source_layer": "minor_stream", "OBJECTID": 579535.0, "HY_USE": 12.0, "HY_LNAME": null, "HY_MRIVER": null, "LENGTH": 0.011 }, "geometry": { "type": "LineString", "coordinates": [ [ 643268.097900002030656, 1834003.104000000515953 ], [ 643263.554500001249835, 1834060.592299998970702 ], [ 643293.635300001362339, 1834076.239099999656901 ], [ 643289.611300000804476, 1834116.110999999335036 ], [ 643286.552100001252256, 1834169.7401 ], [ 643294.022900003008544, 1834210.211799999466166 ], [ 643323.988200001069345, 1834271.799299999838695 ], [ 643351.422200001310557, 1834262.981100000673905 ], [ 643363.997100002015941, 1834285.7765 ], [ 643426.310900001088157, 1834360.681199999060482 ], [ 643443.973500002059154, 1834364.250499999383464 ], [ 643454.932300001964904, 1834380.937100000213832 ], [ 643450.438300000620075, 1834441.484799999045208 ], [ 643474.24400000157766, 1834392.9147 ], [ 643514.195100001990795, 1834349.473499999381602 ], [ 643493.852600000565872, 1834318.369799999287352 ], [ 643457.521500001312234, 1834347.983799999346957 ], [ 643446.505000001634471, 1834326.708100000629202 ], [ 643420.621300000464544, 1834283.436899998923764 ], [ 643375.244400001945905, 1834161.591700000921264 ], [ 643360.17930000112392, 1834071.460100000957027 ], [ 643370.758700001752004, 1834062.1219999990426 ], [ 643268.097900002030656, 1834003.104000000515953 ] ] } },
{ "type": "Feature", "properties": { "hy_use": null, "hy_mriver": null, "str_id": null, "str_type": null, "str_name_t": null, "str_name_e": null, "mod_date": null, "length": null, "source_layer": "minor_stream", "OBJECTID": 579538.0, "HY_USE": 12.0, "HY_LNAME": null, "HY_MRIVER": null, "LENGTH": 0.01 }, "geometry": { "type": "LineString", "coordinates": [ [ 646746.120800000964664, 1833996.725299999350682 ], [ 646733.240800001658499, 1834006.093399999430403 ], [ 646733.059400000842288, 1834047.445000001229346 ], [ 646729.563199999276549, 1834070.4603 ], [ 646700.785200001555495, 1834092.305800000671297 ], [ 646666.960700000752695, 1834136.426899999612942 ], [ 646683.485400001402013, 1834167.580499999690801 ], [ 646737.94090000144206, 1834174.459100000327453 ], [ 646786.113200000952929, 1834170.709899999201298 ], [ 646811.832000002032146, 1834202.503399999579415 ], [ 646845.829600001685321, 1834224.219000000972301 ], [ 646867.458400001050904, 1834237.686300000874326 ], [ 646871.630800001556054, 1834262.131300000241026 ], [ 646899.543000001227483, 1834286.22639999887906 ], [ 646944.375700001372024, 1834316.210299999685958 ], [ 646978.464000000851229, 1834291.225400000577793 ], [ 646999.46610000077635, 1834260.301699999487028 ], [ 647001.618300002301112, 1834196.7246 ], [ 646985.398700000951067, 1834133.417500000214204 ], [ 646954.707700002007186, 1834074.909399999305606 ], [ 646908.258900000946596, 1834038.8167 ], [ 646860.45770000142511, 1834015.001599998911843 ], [ 646818.964600001461804, 1834004.87360000028275 ], [ 646785.964700001874007, 1833999.2248 ], [ 646746.120800000964664, 1833996.725299999350682 ] ] } },
{ "type": "Feature", "properties": { "hy_use": null, "hy_mriver": null, "str_id": null, "str_type": null, "str_name_t": null, "str_name_e": null, "mod_date": null, "length": null, "source_layer": "minor_stream", "OBJECTID": 579563.0, "HY_USE": 12.0, "HY_LNAME": null, "HY_MRIVER": null, "LENGTH": 0.005 }, "geometry": { "type": "LineString", "coordinates": [ [ 642584.773000000976026, 1833948.665100001031533 ], [ 642577.326999999466352, 1833938.707100000465289 ], [ 642539.231200001901016, 1833951.504499999573454 ], [ 642497.424800001084805, 1833972.770199998980388 ], [ 642472.497600001981482, 1833996.0954 ], [ 642468.490100000984967, 1834037.496999999508262 ], [ 642483.72020000196062, 1834085.507200000574812 ], [ 642504.194700000924058, 1834125.029200000688434 ], [ 642522.822000001324341, 1834143.135500000556931 ], [ 642562.187700000475161, 1834111.9518 ], [ 642531.133800001465715, 1834081.767999998759478 ], [ 642513.858800000278279, 1834051.394200000911951 ], [ 642509.636900001903996, 1834023.889799999073148 ], [ 642519.960700000519864, 1833996.185399998910725 ], [ 642541.103100001811981, 1833975.209700000705197 ], [ 642568.619400000432506, 1833972.520199999446049 ], [ 642593.117800001753494, 1833972.170299999648705 ], [ 642584.773000000976026, 1833948.665100001031533 ] ] } },
{ "type": "Feature", "properties": { "hy_use": null, "hy_mriver": null, "str_id": null, "str_type": null, "str_name_t": null, "str_name_e": null, "mod_date": null, "length": null, "source_layer": "minor_stream", "OBJECTID": 579567.0, "HY_USE": 2.0, "HY_LNAME": "คลองยาง", "HY_MRIVER": "แม่น้ำน่าน", "LENGTH": 0.003 }, "geometry": { "type": "LineString", "coordinates": [ [ 646189.65000000258442, 1834161.601700000232086 ], [ 646169.117900001583621, 1834158.912299999501556 ], [ 646127.204200001317076, 1834118.930400000419468 ], [ 646069.516300001530908, 1834046.255200000479817 ], [ 646044.473700001602992, 1834008.332900000503287 ], [ 645998.560800001374446, 1833956.163599999621511 ], [ 645979.12540000223089, 1833935.767699999734759 ], [ 645961.067000000970438, 1833927.489399999612942 ] ] } },
{ "type": "Feature", "properties": { "hy_use": null, "hy_mriver": null, "str_id": null, "str_type": null, "str_name_t": null, "str_name_e": null, "mod_date": null, "length": null, "source_layer": "minor_stream", "OBJECTID": 579678.0, "HY_USE": 2.0, "HY_LNAME": "คลองบึงช้าง", "HY_MRIVER": "แม่น้ำน่าน", "LENGTH": 0.006 }, "geometry": { "type": "LineString", "coordinates": [ [ 646204.830600002082065, 1833783.478700000559911 ], [ 646169.25810000160709, 1833762.982899999013171 ], [ 646140.78520000167191, 1833752.66499999910593 ], [ 646104.041700001107529, 1833753.194900000700727 ], [ 646085.538000001804903, 1833744.266699999803677 ], [ 646046.996900000842288, 1833725.680500000715256 ], [ 646009.981300001265481, 1833707.064300000434741 ], [ 645981.607400001259521, 1833703.645 ], [ 645956.193700001575053, 1833693.287100000306964 ], [ 645895.669200002215803, 1833690.317699999548495 ], [ 645868.936200001975521, 1833694.526799998944625 ], [ 645843.101900001638569, 1833708.683900000527501 ], [ 645822.775900001870468, 1833732.709000000730157 ], [ 645812.53460000094492, 1833765.772299999371171 ], [ 645821.514300000970252, 1833805.454200000502169 ], [ 645834.922000002115965, 1833832.818700001342222 ], [ 645861.251000003074296, 1833853.884400000330061 ], [ 645889.789900001138449, 1833868.791300000390038 ], [ 645917.578400002093986, 1833884.468199999304488 ], [ 645946.809900001855567, 1833894.006200000178069 ], [ 645961.067000000970438, 1833927.489399999612942 ] ] } },
{ "type": "Feature", "properties": { "hy_use": null, "hy_mriver": null, "str_id": null, "str_type": null, "str_name_t": null, "str_name_e": null, "mod_date": null, "length": null, "source_layer": "minor_stream", "OBJECTID": 579705.0, "HY_USE": 2.0, "HY_LNAME": "คลองวังทอง", "HY_MRIVER": "แม่น้ำน่าน", "LENGTH": 0.018 }, "geometry": { "type": "LineString", "coordinates": [ [ 644023.582200000877492, 1835208.188699999824166 ], [ 644068.274600001634099, 1835169.686499999836087 ], [ 644105.273700000951067, 1835127.3252 ], [ 644123.777400000835769, 1835075.715700000757352 ], [ 644143.823100001551211, 1835014.858100001234561 ], [ 644152.316300000995398, 1834949.3714 ], [ 644141.547200000844896, 1834907.769899999024346 ], [ 644113.824700001860037, 1834880.795399999246001 ], [ 644081.468000001274049, 1834868.457900000736117 ], [ 644049.111300001153722, 1834860.749399999389425 ], [ 644015.987700001918711, 1834864.5886 ], [ 643985.17300000123214, 1834866.1183 ], [ 643958.976000000722706, 1834859.179800000507385 ], [ 643939.721900002099574, 1834842.993000000482425 ], [ 643932.028600001009181, 1834821.417400000384077 ], [ 643925.093800001544878, 1834802.161399999866262 ], [ 643923.560100002097897, 1834779.815899999579415 ], [ 643929.736200001323596, 1834757.480499999364838 ], [ 643939.754900001687929, 1834728.206399999326095 ], [ 643954.40780000120867, 1834682.755699999630451 ], [ 643962.901000002515502, 1834616.499099999666214 ], [ 643964.467700001550838, 1834543.313999999314547 ], [ 643962.16710000357125, 1834494.0041 ], [ 643959.874800001387484, 1834448.553300000494346 ], [ 643945.246600001351908, 1834413.110500000417233 ], [ 643939.095200000563636, 1834381.527000000700355 ], [ 643934.477600001730025, 1834353.792600000277162 ], [ 643934.485800001653843, 1834331.447199999820441 ], [ 643942.195700001204386, 1834316.810099999653175 ], [ 643958.382300000754185, 1834301.4132999998983 ], [ 643973.018700001761317, 1834289.085799998836592 ], [ 644052.384900000994094, 1834245.194700000807643 ], [ 644149.471500001614913, 1834179.748 ], [ 644226.446400000015274, 1834123.399499999592081 ], [ 644274.808300001430325, 1834079.068499999120831 ], [ 644288.273800000781193, 1834056.673100000247359 ], [ 644281.075200001010671, 1834035.3474 ], [ 644244.999600000446662, 1833975.37959999917075 ], [ 644236.267200001166202, 1833899.704999999608845 ], [ 644242.072300001513213, 1833823.830499998759478 ], [ 644285.552600001799874, 1833705.31459999945946 ], [ 644315.245900003006682, 1833639.817900000140071 ] ] } },
{ "type": "Feature", "properties": { "hy_use": null, "hy_mriver": null, "str_id": null, "str_type": null, "str_name_t": null, "str_name_e": null, "mod_date": null, "length": null, "source_layer": "minor_stream", "OBJECTID": 579709.0, "HY_USE": 2.0, "HY_LNAME": "คลองละคร", "HY_MRIVER": null, "LENGTH": 0.028 }, "geometry": { "type": "LineString", "coordinates": [ [ 650688.665100001497194, 1833618.622300000628456 ], [ 650677.599200002499856, 1833638.578199999406934 ], [ 650672.57750000199303, 1833656.1446 ], [ 650663.012300003203563, 1833674.550899998983368 ], [ 650652.276200001710095, 1833713.502900000661612 ], [ 650640.47640000237152, 1833734.988600000273436 ], [ 650617.981800002744421, 1833752.854900000616908 ], [ 650602.694000000599772, 1833747.795999999390915 ], [ 650594.283200001926161, 1833744.896600000560284 ], [ 650585.92190000298433, 1833745.046499999240041 ], [ 650578.377000002888963, 1833748.215900000184774 ], [ 650570.881500001298264, 1833754.424599999561906 ], [ 650565.686600000946783, 1833762.113099999725819 ], [ 650565.191900001722388, 1833777.32 ], [ 650566.131900002481416, 1833787.947799998568371 ], [ 650568.646900002262555, 1833801.585000000428408 ], [ 650575.763000001898035, 1833818.1916000014171 ], [ 650582.895700003020465, 1833834.788300000363961 ], [ 650596.897100001107901, 1833853.554400000721216 ], [ 650612.25910000235308, 1833863.172499998938292 ], [ 650626.986200002022088, 1833879.649099999805912 ], [ 650636.361700001638383, 1833894.68610000028275 ], [ 650638.1841000020504, 1833912.1425 ], [ 650634.605400001630187, 1833925.129899999359623 ], [ 650624.182600001455285, 1833938.22719999961555 ], [ 650610.700700001558289, 1833949.854800001019612 ], [ 650591.83420000190381, 1833957.783199999248609 ], [ 650575.177600000053644, 1833961.872400000225753 ], [ 650565.381500002229586, 1833966.591399999568239 ], [ 650558.644700002623722, 1833972.790200000628829 ], [ 650553.51570000173524, 1833984.277799998642877 ], [ 650554.513500002445653, 1833997.945100000360981 ], [ 650560.747300002258271, 1834006.963199999649078 ], [ 650571.557700001052581, 1834016.661199999507517 ], [ 650589.87990000215359, 1834021.670199998887256 ], [ 650602.908400001935661, 1834027.528999999631196 ], [ 650615.268900001305155, 1834039.476600000169128 ], [ 650615.483300002990291, 1834051.634099999675527 ], [ 650617.618900001863949, 1834088.0867000001017 ], [ 650617.932300002197735, 1834106.3230000003241 ], [ 650619.779300001217052, 1834125.299100000876933 ], [ 650630.622600002447143, 1834137.27669999958016 ], [ 650654.354200003203005, 1834146.754799999296665 ], [ 650674.136000002268702, 1834147.934499999508262 ], [ 650693.909500002162531, 1834148.354399999603629 ], [ 650705.527900001732633, 1834161.081800000974908 ], [ 650711.87720000196714, 1834176.93860000022687 ], [ 650715.258000002475455, 1834196.6446 ], [ 650715.439400001778267, 1834207.282400000607595 ], [ 650708.842700001783669, 1834221.839500000933185 ], [ 650704.48070000205189, 1834233.317100000102073 ], [ 650701.817300002556294, 1834255.402599999681115 ], [ 650699.821800002129748, 1834272.159199999179691 ], [ 650701.545100001152605, 1834284.296800001058728 ], [ 650716.255700001493096, 1834300.003599999472499 ], [ 650724.130500001367182, 1834315.840299999108538 ], [ 650732.77220000163652, 1834332.416999998968095 ], [ 650744.357600001152605, 1834342.85480000032112 ], [ 650762.712800001958385, 1834349.383500000461936 ], [ 650773.457100001513027, 1834355.282299998914823 ], [ 650784.234500002115965, 1834363.4607 ], [ 650797.3866000022972, 1834376.917899999301881 ], [ 650809.780100001371466, 1834390.385199999203905 ], [ 650819.930700002005324, 1834406.182 ], [ 650817.217800001031719, 1834425.228099999483675 ], [ 650809.887300001108088, 1834441.314799999585375 ], [ 650801.748600000864826, 1834454.38209999888204 ], [ 650785.158000001683831, 1834462.260500000556931 ], [ 650775.460900001577102, 1834473.068299998762086 ], [ 650765.821500001824461, 1834486.915499999886379 ], [ 650756.132600001408719, 1834498.483200000599027 ], [ 650737.422799999709241, 1834515.529699999839067 ], [ 650718.605800002231263, 1834526.487500000977889 ], [ 650703.722000002046116, 1834544.993699999293312 ], [ 650695.616400001686998, 1834560.330600000685081 ], [ 650691.213100002380088, 1834569.5287 ], [ 650682.98370000126306, 1834577.267100000521168 ], [ 650680.848100002156571, 1834585.665400000521913 ], [ 650686.364500002237037, 1834596.973099998896942 ], [ 650700.225800001644529, 1834607.380999999120831 ], [ 650710.928900002269074, 1834611.0003 ], [ 650726.200200001941994, 1834615.29939999920316 ], [ 650735.402600001776591, 1834619.708499999484047 ], [ 650742.419800002826378, 1834630.226399999111891 ], [ 650746.33660000259988, 1834637.005000000586733 ], [ 650757.155100002186373, 1834647.462799999862909 ], [ 650771.865700002294034, 1834663.169600000372157 ], [ 650778.891200002050027, 1834673.687499999767169 ], [ 650780.672300001140684, 1834688.864399999147281 ], [ 650781.867900002049282, 1834714.689200000837445 ], [ 650790.476600001798943, 1834728.986300001153722 ], [ 650806.770400002133101, 1834748.472300000721589 ], [ 650818.430000001564622, 1834763.469200000166893 ], [ 650831.672800001688302, 1834782.255400000372902 ], [ 650846.375100001576357, 1834797.20240000076592 ], [ 650861.687700000824407, 1834803.780999999726191 ], [ 650880.05120000091847, 1834811.069499999284744 ], [ 650892.44470000162255, 1834824.546800000360236 ], [ 650900.319500001613051, 1834840.3736 ], [ 650908.202500001061708, 1834856.960200001019984 ], [ 650927.910100002074614, 1834898.431800000136718 ], [ 650927.687400002032518, 1834930.505200000479817 ], [ 650901.976900001754984, 1834989.44319999916479 ], [ 650889.105100001790561, 1835015.477900000754744 ], [ 650872.374300002353266, 1835033.124299999326468 ], [ 650850.283700001891702, 1835046.971500000217929 ], [ 650823.550700001069345, 1835047.851299998583272 ], [ 650810.555200002621859, 1835045.621799999848008 ], [ 650787.598800002015196, 1835038.083300000755116 ], [ 650762.341800001333468, 1835027.495499999728054 ], [ 650734.792400001664646, 1835016.917600000742823 ], [ 650711.077300001634285, 1835008.619300000136718 ], [ 650688.145600002724677, 1835006.429800000274554 ], [ 650672.866100002313033, 1835006.499800000106916 ], [ 650661.445600001956336, 1835014.958000000333413 ], [ 650654.63450000109151, 1835028.735200000926852 ], [ 650650.132300001219846, 1835047.851299998583272 ], [ 650648.697500003501773, 1835069.2469999990426 ], [ 650660.241700001759455, 1835088.303099998738617 ], [ 650679.405000002356246, 1835102.73020000057295 ], [ 650703.12830000242684, 1835112.5582 ], [ 650725.359100002096966, 1835130.024599998956546 ], [ 650752.158100000931881, 1835143.661800000816584 ], [ 650769.820700001670048, 1835163.447799998568371 ], [ 650779.089100001845509, 1835186.323200000450015 ], [ 650778.421100001898594, 1835209.248500000219792 ], [ 650772.393400002154522, 1835226.844900000840425 ], [ 650759.488700001034886, 1835246.001 ], [ 650741.966300001717173, 1835258.298499999800697 ], [ 650722.910100001841784, 1835267.546599998837337 ], [ 650703.05410000262782, 1835267.63660000031814 ], [ 650677.063200001139194, 1835264.697200000518933 ], [ 650657.965900001348928, 1835264.777200000127777 ], [ 650642.711000001523644, 1835270.955900000641122 ], [ 650638.967400002409704, 1835287.022700001718476 ], [ 650648.97790000133682, 1835306.07880000025034 ], [ 650671.175700001418591, 1835315.146899999352172 ], [ 650704.027100001112558, 1835314.9969999990426 ], [ 650736.969300001859665, 1835336.242599999532104 ], [ 650756.116100002545863, 1835347.620300000533462 ], [ 650776.054600002709776, 1835365.096799999242648 ], [ 650802.160900001530536, 1835395.540600000182167 ], [ 650821.448000001488253, 1835437.471999998902902 ], [ 650824.622600001632236, 1835463.436799999326468 ], [ 650833.882700001937337, 1835484.7824 ], [ 650846.977100001065992, 1835509.937300000339746 ], [ 650852.427600001683459, 1835532.832599999150261 ], [ 650852.551300002029166, 1835560.336999998427927 ], [ 650852.650200001546182, 1835582.4925 ], [ 650840.561800003051758, 1835613.0963 ], [ 650833.792000002693385, 1835638.341200000140816 ], [ 650828.539400002569892, 1835659.75679999939166 ], [ 650820.343000002671033, 1835674.573799999430776 ] ] } },
{ "type": "Feature", "properties": { "hy_use": null, "hy_mriver": null, "str_id": null, "str_type": null, "str_name_t": null, "str_name_e": null, "mod_date": null, "length": null, "source_layer": "minor_stream", "OBJECTID": 579710.0, "HY_USE": 2.0, "HY_LNAME": "คลองยาง", "HY_MRIVER": null, "LENGTH": 0.018 }, "geometry": { "type": "LineString", "coordinates": [ [ 645961.067000000970438, 1833927.489399999612942 ], [ 645918.048399999504909, 1833947.3553 ], [ 645863.221800001570955, 1833968.051100000273436 ], [ 645828.119200001470745, 1833976.209499999880791 ], [ 645779.963500000885688, 1833981.488399999216199 ], [ 645727.833300001570024, 1833976.869300001068041 ], [ 645677.179000001167879, 1833967.641200000187382 ], [ 645641.202400001930073, 1833968.151100000133738 ], [ 645595.438000002177432, 1833980.28859999938868 ], [ 645539.061200002324767, 1833999.464700000127777 ], [ 645522.305600000894628, 1834005.833400000119582 ], [ 645506.209700001054443, 1834004.5337 ], [ 645491.5486000017263, 1833996.315400000428781 ], [ 645423.536899999948218, 1833951.354499998968095 ], [ 645396.441000001505017, 1833930.298800001153722 ], [ 645379.174200002220459, 1833900.694800000404939 ], [ 645359.178100001066923, 1833840.49709999980405 ], [ 645316.967600001720712, 1833779.849400001112372 ], [ 645302.82600000302773, 1833754.784499998902902 ], [ 645281.197100002202205, 1833741.317299999296665 ], [ 645252.691200001048855, 1833728.709899999201298 ], [ 645237.485900000552647, 1833735.818399999057874 ], [ 645212.10520000057295, 1833727.749999998835847 ], [ 645174.611300001270138, 1833729.059800001094118 ], [ 645147.358800000278279, 1833750.875299999024719 ], [ 645115.777200003387406, 1833791.1371 ], [ 645092.928000001236796, 1833799.125499999150634 ], [ 645034.951500001829118, 1833813.7325 ], [ 644995.132300001219846, 1833813.53260000096634 ], [ 644957.556000001030043, 1833808.713600000133738 ], [ 644913.737600000575185, 1833796.316099999006838 ], [ 644869.42440000071656, 1833748.715800000354648 ], [ 644811.818900001235306, 1833682.169299999484792 ], [ 644781.804000000702217, 1833671.111600000411272 ], [ 644732.675300001399592, 1833661.86350000067614 ], [ 644675.90270000253804, 1833653.48520000022836 ], [ 644632.224400001345202, 1833651.045700000831857 ], [ 644595.291300000390038, 1833637.788400000194088 ], [ 644570.479500001878478, 1833615.942800000542775 ], [ 644536.077900002361275, 1833619.49210000038147 ], [ 644511.868100000196137, 1833639.748000000370666 ], [ 644493.752000002190471, 1833657.614299999317154 ], [ 644473.986700001172721, 1833667.8522 ], [ 644435.000300001469441, 1833671.471499999752268 ], [ 644407.954000000841916, 1833654.244999999180436 ], [ 644380.190200001583435, 1833640.0979 ], [ 644345.722600001725368, 1833639.058099999791011 ], [ 644328.884600001852959, 1833639.29810000048019 ], [ 644315.245900003006682, 1833639.817900000140071 ] ] } },
{ "type": "Feature", "properties": { "hy_use": null, "hy_mriver": null, "str_id": null, "str_type": null, "str_name_t": null, "str_name_e": null, "mod_date": null, "length": null, "source_layer": "minor_stream", "OBJECTID": 579724.0, "HY_USE": 2.0, "HY_LNAME": null, "HY_MRIVER": null, "LENGTH": 0.005 }, "geometry": { "type": "LineString", "coordinates": [ [ 642918.713200001977384, 1833588.438400000566617 ], [ 642870.994500000728294, 1833619.212099998490885 ], [ 642818.682900001527742, 1833655.174799998989329 ], [ 642762.916300001437776, 1833717.21220000134781 ], [ 642730.806900001480244, 1833774.33060000045225 ], [ 642697.980200001969934, 1833834.508300000103191 ], [ 642663.5621000014944, 1833890.126999999862164 ], [ 642631.840300000854768, 1833920.440800000680611 ], [ 642584.773000000976026, 1833948.665100001031533 ] ] } },
{ "type": "Feature", "properties": { "hy_use": null, "hy_mriver": null, "str_id": null, "str_type": null, "str_name_t": null, "str_name_e": null, "mod_date": null, "length": null, "source_layer": "minor_stream", "OBJECTID": 579788.0, "HY_USE": 2.0, "HY_LNAME": "คลองบางกระท", "HY_MRIVER": null, "LENGTH": 0.022 }, "geometry": { "type": "LineString", "coordinates": [ [ 639488.433800001279451, 1835336.232599999057129 ], [ 639528.549800000968389, 1835242.451700000325218 ], [ 639542.007000001729466, 1835149.500700000440702 ], [ 639521.9449, 1835053.600199999287724 ], [ 639492.779300000052899, 1834969.147399998735636 ], [ 639451.245000001857989, 1834818.468000000109896 ], [ 639418.146200001472607, 1834687.5647 ], [ 639383.637300000409596, 1834599.312599999364465 ], [ 639310.900700001395307, 1834454.812100000446662 ], [ 639280.069500001729466, 1834397.153799999738112 ], [ 639255.051600001519546, 1834347.363900000229478 ], [ 639236.853100000880659, 1834313.660800000652671 ], [ 639204.867400001152419, 1834284.476700000464916 ], [ 639176.66660000057891, 1834265.250600000610575 ], [ 639132.435900002485141, 1834242.135299999732524 ], [ 639111.079200000152923, 1834230.587699999334291 ], [ 639088.164000000339001, 1834226.6685 ], [ 639062.940000001224689, 1834227.328400001162663 ], [ 638998.671900001587346, 1834242.345300000160933 ], [ 638922.892500000889413, 1834268.77989999903366 ], [ 638880.855199999758042, 1834268.609999999403954 ], [ 638840.326900000916794, 1834272.259199999272823 ], [ 638812.843500001821667, 1834263.7410000001546 ], [ 638768.654000002308749, 1834229.157999999821186 ], [ 638742.786800000816584, 1834200.7738 ], [ 638726.130200000014156, 1834162.481599999358878 ], [ 638726.385800001095049, 1834102.103900000685826 ], [ 638735.15940000070259, 1834012.711999999126419 ], [ 638747.726100000785664, 1833933.268200000515208 ], [ 638758.717800000915304, 1833862.232699999585748 ], [ 638764.366200001444668, 1833790.407299998914823 ], [ 638766.881200001109391, 1833738.437899998854846 ], [ 638772.381100000464357, 1833701.775299999862909 ], [ 638792.600000000325963, 1833619.312100000679493 ], [ 638833.350900001358241, 1833442.568099999800324 ] ] } },
{ "type": "Feature", "properties": { "hy_use": null, "hy_mriver": null, "str_id": null, "str_type": null, "str_name_t": null, "str_name_e": null, "mod_date": null, "length": null, "source_layer": "minor_stream", "OBJECTID": 579873.0, "HY_USE": 2.0, "HY_LNAME": "คลองยางโทน", "HY_MRIVER": null, "LENGTH": 0.011 }, "geometry": { "type": "LineString", "coordinates": [ [ 641965.271000001113862, 1833407.57520000054501 ], [ 641976.732700000633486, 1833405.885600000619888 ], [ 641998.262600001879036, 1833412.464199999114498 ], [ 642036.72950000106357, 1833425.701500000664964 ], [ 642101.40990000218153, 1833451.566299999132752 ], [ 642136.702100001391955, 1833457.195100000360981 ], [ 642179.97630000161007, 1833431.310399999609217 ], [ 642242.141700000269338, 1833388.319100000197068 ], [ 642298.666999999899417, 1833325.501900000730529 ], [ 642319.06720000167843, 1833306.8357 ], [ 642378.72590000089258, 1833302.916499999817461 ], [ 642435.19340000115335, 1833289.859200000762939 ], [ 642484.404600001638755, 1833250.8771 ], [ 642513.182600001222454, 1833229.031600000336766 ], [ 642527.027400001767091, 1833233.430700000375509 ], [ 642537.301700001233257, 1833256.255999998888001 ], [ 642548.417100001126528, 1833283.650399999693036 ], [ 642585.28430000168737, 1833292.31870000064373 ], [ 642627.453500001691282, 1833296.307900000596419 ], [ 642695.811600001528859, 1833312.174599999096245 ], [ 642745.072299999766983, 1833330.610899999504909 ], [ 642777.560900000738911, 1833353.886099999304861 ], [ 642809.662000000360422, 1833403.955999999772757 ], [ 642851.130300001474097, 1833466.143300000578165 ], [ 642883.297300000907853, 1833520.802200000500306 ], [ 642918.713200001977384, 1833588.438400000566617 ] ] } },
{ "type": "Feature", "properties": { "hy_use": null, "hy_mriver": null, "str_id": null, "str_type": null, "str_name_t": null, "str_name_e": null, "mod_date": null, "length": null, "source_layer": "minor_stream", "OBJECTID": 580033.0, "HY_USE": 2.0, "HY_LNAME": "คลองวังทอง", "HY_MRIVER": "แม่น้ำน่าน", "LENGTH": 0.015 }, "geometry": { "type": "LineString", "coordinates": [ [ 644315.245900003006682, 1833639.817900000140071 ], [ 644320.374800000106916, 1833623.66120000067167 ], [ 644323.566000000340864, 1833579.2103 ], [ 644309.952100001042709, 1833537.298800001386553 ], [ 644257.871300000580959, 1833482.15999999968335 ], [ 644170.069600001093931, 1833391.538499999092892 ], [ 644119.027800002135336, 1833355.51579999900423 ], [ 644082.878000001073815, 1833343.788200000301003 ], [ 644038.688600000925362, 1833358.955099999438971 ], [ 644001.310100001515821, 1833368.683099999791011 ], [ 643961.334300001850352, 1833357.005500000203028 ], [ 643922.504600000567734, 1833318.513299999758601 ], [ 643880.409600000479259, 1833265.524099999805912 ], [ 643838.660900000482798, 1833237.019899999722838 ], [ 643741.590800000121817, 1833194.768500000238419 ], [ 643675.253000000258908, 1833159.735699999844655 ], [ 643603.563600000925362, 1833125.5425999998115 ], [ 643538.437900002347305, 1833121.873400000855327 ], [ 643478.87820000294596, 1833132.6712 ], [ 643411.773500001523644, 1833151.237400000914931 ], [ 643373.529299998888746, 1833154.086799999466166 ], [ 643321.349600002286024, 1833145.638499999186024 ], [ 643299.803200001246296, 1833137.530200001318008 ], [ 643279.633900001063012, 1833119.4439 ], [ 643268.419500001124106, 1833097.338400001171976 ], [ 643260.734400002169423, 1833082.201400000369176 ], [ 643253.041000001248904, 1833026.42280000122264 ], [ 643258.747100001899526, 1832996.478900000685826 ], [ 643304.940300000831485, 1832907.777000000467524 ], [ 643325.950800000689924, 1832871.524299999466166 ] ] } },
{ "type": "Feature", "properties": { "hy_use": null, "hy_mriver": null, "str_id": null, "str_type": null, "str_name_t": null, "str_name_e": null, "mod_date": null, "length": null, "source_layer": "minor_stream", "OBJECTID": 580034.0, "HY_USE": 2.0, "HY_LNAME": "คลองยางโทน", "HY_MRIVER": null, "LENGTH": 0.01 }, "geometry": { "type": "LineString", "coordinates": [ [ 642918.713200001977384, 1833588.438400000566617 ], [ 642970.093100001220591, 1833594.587200000416487 ], [ 643010.473000001162291, 1833580.999899999704212 ], [ 643059.84910000115633, 1833553.505499999737367 ], [ 643077.594200002378784, 1833509.614499999210238 ], [ 643091.471900001517497, 1833409.124899999704212 ], [ 643115.871400000760332, 1833348.287299999734387 ], [ 643135.595400001853704, 1833282.170700000831857 ], [ 643136.956000001868233, 1833216.304199999431148 ], [ 643135.174900001962669, 1833208.245799999684095 ], [ 643119.211000000475906, 1833144.098899999866262 ], [ 643102.092600001487881, 1833124.432900000596419 ], [ 643090.878200001898222, 1833090.139799999073148 ], [ 643089.319800001103431, 1833034.271199999144301 ], [ 643096.86470000166446, 1832972.923699998762459 ], [ 643128.174200001056306, 1832913.525800000643358 ], [ 643161.437900001881644, 1832883.961799999466166 ], [ 643194.281100002117455, 1832878.892799999332055 ], [ 643223.347700000507757, 1832876.953199999406934 ], [ 643253.140000000712462, 1832871.934200000716373 ], [ 643282.082900001900271, 1832861.566400001291186 ], [ 643299.605300001683645, 1832855.957499999087304 ], [ 643325.950800000689924, 1832871.524299999466166 ] ] } },
{ "type": "Feature", "properties": { "hy_use": null, "hy_mriver": null, "str_id": null, "str_type": null, "str_name_t": null, "str_name_e": null, "mod_date": null, "length": null, "source_layer": "minor_stream", "OBJECTID": 580364.0, "HY_USE": 2.0, "HY_LNAME": "คลองวังทอง", "HY_MRIVER": "แม่น้ำน่าน", "LENGTH": 0.011 }, "geometry": { "type": "LineString", "coordinates": [ [ 643325.950800000689924, 1832871.524299999466166 ], [ 643375.178400000790134, 1832786.58159999945201 ], [ 643404.616100002080202, 1832757.067600000649691 ], [ 643433.517800000496209, 1832743.640400000149384 ], [ 643470.797300001606345, 1832727.033700000261888 ], [ 643495.658500001067296, 1832699.109400000656024 ], [ 643514.030200001783669, 1832645.26039999909699 ], [ 643529.87870000093244, 1832575.364600001135841 ], [ 643522.408000001334585, 1832534.892899998929352 ], [ 643504.456800000625663, 1832510.6578 ], [ 643479.719300000695512, 1832494.1611 ], [ 643474.870700001716614, 1832475.854900000616908 ], [ 643472.842200001701713, 1832441.441899999044836 ], [ 643474.540900001535192, 1832399.300499999662861 ], [ 643484.757500001927838, 1832363.947599999140948 ], [ 643507.771600000560284, 1832313.847799999173731 ], [ 643534.826200003153645, 1832278.245100000640377 ], [ 643543.641000001691282, 1832252.090399998705834 ], [ 643547.895900000934489, 1832228.295299999183044 ], [ 643542.239300001179799, 1832207.709399999585003 ], [ 643521.979200001922436, 1832182.734499999787658 ], [ 643507.796400001039729, 1832154.61030000122264 ], [ 643505.116500001284294, 1832127.855699999723583 ], [ 643506.938800000934862, 1832094.142599999438971 ], [ 643517.180100001394749, 1832061.069299999158829 ], [ 643572.204700000118464, 1831946.982499999459833 ], [ 643607.909199999645352, 1831873.737400001147762 ], [ 643615.816900001140311, 1831837.644799999659881 ] ] } },
{ "type": "Feature", "properties": { "hy_use": null, "hy_mriver": null, "str_id": null, "str_type": null, "str_name_t": null, "str_name_e": null, "mod_date": null, "length": null, "source_layer": "minor_stream", "OBJECTID": 580522.0, "HY_USE": 2.0, "HY_LNAME": "คลองบึงช้าง", "HY_MRIVER": "แม่น้ำน่าน", "LENGTH": 0.061 }, "geometry": { "type": "LineString", "coordinates": [ [ 646204.830600002082065, 1833783.478700000559911 ], [ 646245.779500001808628, 1833791.807000000728294 ], [ 646282.704400001559407, 1833804.294500001240522 ], [ 646315.300200001336634, 1833835.2182 ], [ 646372.650000001420267, 1833830.569099999498576 ], [ 646464.69020000169985, 1833788.677600000286475 ], [ 646560.309000001987442, 1833782.718900000676513 ], [ 646611.449700001743622, 1833772.040999998804182 ], [ 646662.986200001905672, 1833735.318499999120831 ], [ 646696.274700001231395, 1833653.69510000012815 ], [ 646694.963600002229214, 1833561.843800000846386 ], [ 646655.127900001825765, 1833452.926000000908971 ], [ 646599.3778000009479, 1833354.965900000184774 ], [ 646561.925200001569465, 1833252.136900000274181 ], [ 646516.69670000183396, 1833194.598599999444559 ], [ 646480.373800001572818, 1833117.024399999296293 ], [ 646395.697200001217425, 1832977.3628000007011 ], [ 646346.85700000077486, 1832934.421499999240041 ], [ 646292.871500001638196, 1832906.867100000148639 ], [ 646205.630500001017936, 1832909.646600000327453 ], [ 646126.387900001951493, 1832936.041200001491234 ], [ 646032.566700001363643, 1833013.9353 ], [ 645988.954400001792237, 1833069.684000000124797 ], [ 645937.162300001480617, 1833195.97829999960959 ], [ 645910.9405000009574, 1833289.759199999505654 ], [ 645862.628100002068095, 1833391.498500000219792 ], [ 645826.89060000074096, 1833462.4441 ], [ 645730.059600001666695, 1833544.21739999926649 ], [ 645654.486500001046807, 1833559.844200000166893 ], [ 645590.935800001956522, 1833559.214400001335889 ], [ 645545.954700001282617, 1833518.512599999317899 ], [ 645474.347800000570714, 1833490.448400000343099 ], [ 645467.520200001075864, 1833440.7785 ], [ 645495.176800000946969, 1833393.67799999890849 ], [ 645478.520200001541525, 1833353.346300000557676 ], [ 645465.541200001258403, 1833302.236700000474229 ], [ 645474.586900002323091, 1833238.559599999571219 ], [ 645491.829000001656823, 1833159.455700000748038 ], [ 645515.057500001741573, 1833016.7248 ], [ 645549.764300001901574, 1832927.423000000417233 ], [ 645587.258100001956336, 1832871.764299999456853 ], [ 645610.709300001268275, 1832798.699200000846758 ], [ 645668.76830000046175, 1832682.262900000670925 ], [ 645719.010200002230704, 1832608.8178 ], [ 645786.964200001792051, 1832542.00139999948442 ], [ 645862.158100001746789, 1832499.589999999850988 ], [ 645920.068600001279265, 1832480.393899999326095 ], [ 645967.531700001563877, 1832426.884800000116229 ], [ 646011.713000001618639, 1832410.948100000154227 ], [ 646068.180500001879409, 1832397.890699999174103 ], [ 646102.145100001711398, 1832363.717700000386685 ], [ 646181.890700001968071, 1832265.347699999809265 ], [ 646229.972200000658631, 1832201.120799999684095 ], [ 646266.319900001399219, 1832173.036499999696389 ], [ 646278.77110000164248, 1832133.0546000006143 ], [ 646327.759700002148747, 1832078.765699998941272 ], [ 646393.792399999685585, 1832038.773800000548363 ], [ 646436.51410000177566, 1832028.20600000070408 ], [ 646465.267400001408532, 1832004.070900000398979 ], [ 646499.53710000240244, 1831991.3235 ], [ 646584.601200001547113, 1831997.002299999818206 ], [ 646655.532000001054257, 1831978.3861 ], [ 646726.660600001807325, 1831973.537100000306964 ], [ 646780.943000001017936, 1831968.178200001129881 ], [ 646785.461800000630319, 1831962.749299999559298 ], [ 646798.102600001497194, 1831936.544600001070648 ], [ 646793.806500001111999, 1831903.6812999995891 ], [ 646778.040500001749024, 1831871.747800000244752 ], [ 646728.219100002432242, 1831814.279500000644475 ], [ 646644.96910000173375, 1831774.887499999487773 ], [ 646560.391400002175942, 1831749.292799999471754 ], [ 646487.151800001738593, 1831713.589999999850988 ], [ 646431.0471000012476, 1831698.313100001309067 ], [ 646306.27920000127051, 1831646.503699999535456 ], [ 646234.787800001213327, 1831626.087799999397248 ], [ 646157.326300002052449, 1831616.47980000032112 ], [ 646053.239000001340173, 1831618.729299999540672 ], [ 645985.219100001384504, 1831627.347599999280646 ], [ 645929.081300001358613, 1831663.370200000703335 ], [ 645880.30720000131987, 1831679.376999999862164 ], [ 645832.951300001237541, 1831686.945399999851361 ], [ 645799.275300001492724, 1831687.425400000298396 ], [ 645764.791100002243184, 1831685.61570000089705 ], [ 645737.819000001414679, 1831672.988299999153242 ], [ 645712.207400001585484, 1831648.853200000245124 ], [ 645701.026000002748333, 1831616.0898999995552 ], [ 645707.721700001391582, 1831548.6236 ], [ 645758.705700001795776, 1831473.638900000369176 ], [ 645824.169500001356937, 1831393.075300000375137 ], [ 645872.349900000612251, 1831353.653299999656156 ], [ 645905.415799999958836, 1831341.275800000410527 ] ] } }
]
}
