{
"type": "FeatureCollection",
"name": "water_bodies_raw",
"crs": { "type": "name", "properties": { "name": "urn:ogc:def:crs:EPSG::32647" } },
"features": [
{ "type": "Feature", "properties": { "OBJECTID": 84190, "HY_USE": 1, "HY_PNAME": "คลองโกรงเกร", "HY_MRIVER": "แม่น้ำน่าน", "SHAPE_LENG": 0.0, "SHAPE_LE_1": 0.0, "LENGTH": 2387.657432, "AREA": 7.25743e-06, "SHAPE_LE_2": 2387.6572981499999, "SHAPE_AREA": 85654.900141699996, "PERIMETER": 0.022, "ACRES": 0.0, "HECTARES": 0.0 }, "geometry": { "type": "Polygon", "coordinates": [ [ [ 646975.173900001565926, 1842398.815099999774247 ], [ 647042.600200001616031, 1842418.760999999474734 ], [ 647130.970900002168491, 1842421.260500001022592 ], [ 647156.063000002061017, 1842446.125399999553338 ], [ 647154.108700001845136, 1842413.822000000393018 ], [ 647200.310200001811609, 1842406.633500000229105 ], [ 647228.989200000884011, 1842455.373599999817088 ], [ 647233.969700002111495, 1842492.325999999418855 ], [ 647248.408200003905222, 1842505.293400000780821 ], [ 647252.588800001190975, 1842476.3893 ], [ 647257.354900000616908, 1842461.832299999659881 ], [ 647269.814400000846945, 1842447.365199999883771 ], [ 647276.86460000067018, 1842435.137700001010671 ], [ 647268.725900002056733, 1842405.843599999323487 ], [ 647241.20130000077188, 1842392.476399999344721 ], [ 647205.529800001997501, 1842350.584899998968467 ], [ 647198.908400001353584, 1842323.610400000354275 ], [ 647166.642400001175702, 1842251.005200000712648 ], [ 647134.33519999939017, 1842182.2392 ], [ 647109.572900001658127, 1842126.630500000435859 ], [ 647084.159200001158752, 1842060.244000000879169 ], [ 647072.590300002368167, 1841993.247600000118837 ], [ 647074.30540000135079, 1841976.3511 ], [ 647086.748399999458343, 1841963.423699998995289 ], [ 647073.085000003455207, 1841947.127 ], [ 646924.915500001283363, 1841930.920299998950213 ], [ 646924.824800001573749, 1841938.5988 ], [ 646921.312000002013519, 1841979.300499999430031 ], [ 646915.564700002083555, 1842013.063600000459701 ], [ 646911.120200001168996, 1842068.362299998756498 ], [ 646889.400600000866689, 1842086.568600001046434 ], [ 646862.510900001274422, 1842085.508899999549612 ], [ 646869.297199999680743, 1842097.116499999538064 ], [ 646899.798600002424791, 1842119.741900000721216 ], [ 646938.628300002077594, 1842153.9849 ], [ 646936.822500001173466, 1842179.329800000414252 ], [ 646909.372100001433864, 1842229.759500000393018 ], [ 646938.488100001006387, 1842237.757899999851361 ], [ 646966.74660000228323, 1842184.258799999719486 ], [ 646995.211300001479685, 1842181.499299999093637 ], [ 647014.910600002040155, 1842207.844000000972301 ], [ 646999.243500000913627, 1842235.348400000249967 ], [ 647001.428700001211837, 1842246.136199999600649 ], [ 647040.769600003375672, 1842233.488700000569224 ], [ 647062.662300002062693, 1842269.861300000688061 ], [ 647115.105900001362897, 1842325.000099999597296 ], [ 647159.419000001274981, 1842350.0850000011269 ], [ 647149.952800001949072, 1842372.270500000799075 ], [ 647097.599899999331683, 1842379.389000000897795 ], [ 647040.761300002690405, 1842375.699799999827519 ], [ 646996.481200001901016, 1842347.545499999076128 ], [ 646957.206200001994148, 1842354.804 ], [ 646918.19510000187438, 1842337.467599999625236 ], [ 646905.109000001917593, 1842338.867299999576062 ], [ 646888.361600002041087, 1842394.795900000724941 ], [ 646919.679400000837632, 1842412.81220000050962 ], [ 646975.173900001565926, 1842398.815099999774247 ] ] ] } },
{ "type": "Feature", "properties": { "OBJECTID": 84202, "HY_USE": 6, "HY_PNAME": null, "HY_MRIVER": null, "SHAPE_LENG": 0.0, "SHAPE_LE_1": 0.0, "LENGTH": 1569.036179, "AREA": 1.65975e-06, "SHAPE_LE_2": 1569.0361215400001, "SHAPE_AREA": 19588.9845824, "PERIMETER": 0.014, "ACRES": 0.0, "HECTARES": 0.0 }, "geometry": { "type": "Polygon", "coordinates": [ [ [ 646685.398400001926348, 1842288.827500000828877 ], [ 646704.149500001920387, 1842260.583200000459328 ], [ 646736.761800002655946, 1842230.189400000264868 ], [ 646759.272900002310053, 1842210.453400000231341 ], [ 646746.343500002869405, 1842197.246099999174476 ], [ 646733.150100002414547, 1842208.6338 ], [ 646702.129200002062134, 1842234.4285 ], [ 646672.567900001071393, 1842266.392000000923872 ], [ 646634.727700001560152, 1842282.888699999079108 ], [ 646608.011200001579709, 1842265.692199999233708 ], [ 646593.581000001169741, 1842249.395500000566244 ], [ 646591.486500001279637, 1842230.149399999761954 ], [ 646592.500700001954101, 1842207.873900000238791 ], [ 646608.002900001010858, 1842195.746400000527501 ], [ 646595.988700000569224, 1842169.481799999251962 ], [ 646589.235400001751259, 1842154.034900000318885 ], [ 646592.566700001247227, 1842131.009600000223145 ], [ 646607.491700001177378, 1842101.195699999574572 ], [ 646606.147600002004765, 1842083.499299999093637 ], [ 646610.295300001394935, 1842055.105000000679865 ], [ 646618.986400001100264, 1842033.6694 ], [ 646595.329100000904873, 1841947.327 ], [ 646594.710600001504645, 1841933.4798 ], [ 646580.478300000424497, 1841898.736899999435991 ], [ 646548.360700002405792, 1841883.789899999275804 ], [ 646490.953200001269579, 1841861.634400000330061 ], [ 646456.58450000139419, 1841841.278599999845028 ], [ 646427.509600001387298, 1841828.661100000375882 ], [ 646422.842500001424924, 1841833.230199999408796 ], [ 646427.023100001155399, 1841873.2421 ], [ 646439.194000002113171, 1841884.909700000891462 ], [ 646475.187100001377985, 1841897.597100000595674 ], [ 646500.477100001880899, 1841904.785599998896942 ], [ 646499.627800000831485, 1841911.694199999561533 ], [ 646525.58570000086911, 1841928.120899999281392 ], [ 646556.260300001245923, 1841934.599600000306964 ], [ 646562.29620000149589, 1841945.427400000393391 ], [ 646572.686000001151115, 1841979.360500000417233 ], [ 646573.197200001683086, 1842003.195599998813123 ], [ 646596.796800001058728, 1842024.211300000781193 ], [ 646595.386800002423115, 1842083.379299999447539 ], [ 646593.572700001648627, 1842108.724099999293685 ], [ 646569.461900001624599, 1842134.598899999633431 ], [ 646563.145500000682659, 1842149.905699999537319 ], [ 646579.769200001843274, 1842176.2204 ], [ 646588.798400001367554, 1842194.7666 ], [ 646570.204000001773238, 1842207.6339999998454 ], [ 646563.887700001709163, 1842223.700700000394136 ], [ 646571.317200001329184, 1842246.846000000135973 ], [ 646589.482800002442673, 1842273.180700000142679 ], [ 646593.226400001207367, 1842282.438799999188632 ], [ 646621.443700000876561, 1842302.734599999617785 ], [ 646681.407400001306087, 1842301.844799998449162 ], [ 646685.398400001926348, 1842288.827500000828877 ] ] ] } },
{ "type": "Feature", "properties": { "OBJECTID": 84227, "HY_USE": 1, "HY_PNAME": "คลองโกรงเกร", "HY_MRIVER": "แม่น้ำน่าน", "SHAPE_LENG": 0.0, "SHAPE_LE_1": 0.0, "LENGTH": 46516.444068999997, "AREA": 0.00011402084, "SHAPE_LE_2": 46516.444424300003, "SHAPE_AREA": 1345948.74071, "PERIMETER": 0.428, "ACRES": 0.0, "HECTARES": 0.0 }, "geometry": { "type": "Polygon", "coordinates": [ [ [ 646047.466900001978502, 1835211.278100001160055 ], [ 646042.898700000951067, 1835185.893200000748038 ], [ 646029.449800001224503, 1835166.327199999243021 ], [ 645978.119400000665337, 1835162.658 ], [ 645888.899300000630319, 1835181.004200000548735 ], [ 645852.230100002139807, 1835196.901000000536442 ], [ 645689.67970000160858, 1835226.244999998481944 ], [ 645627.349400001810864, 1835239.692299998831004 ], [ 645533.23960000090301, 1835276.374800000805408 ], [ 645500.23969999991823, 1835278.824300000909716 ], [ 645480.680600001011044, 1835251.919800000498071 ], [ 645469.680600001476705, 1835165.107499999692664 ], [ 645439.129800002556294, 1835113.747899999376386 ], [ 645391.460500001674518, 1835086.843399999430403 ], [ 645340.130200001294725, 1835077.065400000661612 ], [ 645292.460900000995025, 1835079.514900001231581 ], [ 645249.681500000995584, 1835096.631400000769645 ], [ 645230.130600000731647, 1835134.533700000727549 ], [ 645222.800000001909211, 1835200.570299999555573 ], [ 645187.351200000150129, 1835234.803300000261515 ], [ 645142.130900001735426, 1835258.038599999854341 ], [ 645091.856000001193024, 1835277.134700000286102 ], [ 645062.69050000119023, 1835291.051799998851493 ], [ 645002.800900001311675, 1835322.845399999525398 ], [ 644951.462300000945106, 1835366.866399999475107 ], [ 644928.242000001715496, 1835412.107200000667945 ], [ 644884.242200001142919, 1835434.112700000172481 ], [ 644840.242300001322292, 1835435.342499998863786 ], [ 644839.24460000032559, 1835434.602600000333041 ], [ 644820.155500001157634, 1835425.0746 ], [ 644787.807000001776032, 1835398.869899999117479 ], [ 644764.702200000989251, 1835378.834000001195818 ], [ 644733.120600001187995, 1835368.036199999740347 ], [ 644709.232400001608767, 1835366.496500000357628 ], [ 644663.014400002197362, 1835365.706599999219179 ], [ 644636.042300001019612, 1835379.563799999188632 ], [ 644603.67730000091251, 1835396.500399998854846 ], [ 644582.106200001901016, 1835415.756500000366941 ], [ 644565.919600000954233, 1835435.0125 ], [ 644552.050100000808015, 1835456.578199999639764 ], [ 644528.161900001578033, 1835469.665500000119209 ], [ 644477.318000001250766, 1835461.947100000223145 ], [ 644448.037000001175329, 1835472.724899999797344 ], [ 644367.128800001577474, 1835515.846100001130253 ], [ 644314.734700001310557, 1835558.967299999669194 ], [ 644283.911700001801364, 1835574.364199999487028 ], [ 644260.798600001144223, 1835578.983200000366196 ], [ 644232.292700001737103, 1835574.3542 ], [ 644191.467600001604296, 1835552.7686 ], [ 644179.156500000855885, 1835519.635299999034032 ], [ 644192.267400001408532, 1835474.184599998872727 ], [ 644204.603200003155507, 1835445.690400001127273 ], [ 644203.836300000199117, 1835417.186200000112876 ], [ 644194.601000000955537, 1835388.671999999787658 ], [ 644189.983300001593307, 1835370.185699999565259 ], [ 644172.27120000263676, 1835346.300599999260157 ], [ 644159.176800000481308, 1835337.042499999748543 ], [ 644130.695700001204386, 1835360.817600000649691 ], [ 644110.633500001975335, 1835378.63399999961257 ], [ 644137.581000001169741, 1835423.324899999424815 ], [ 644139.114700001198798, 1835450.289400000590831 ], [ 644119.077300000702962, 1835478.01380000077188 ], [ 644112.126000000862405, 1835518.075599999399856 ], [ 644129.062999999616295, 1835568.155400000279769 ], [ 644175.272700000670739, 1835608.237299998756498 ], [ 644198.377600000938401, 1835633.662100000306964 ], [ 644222.257500001927838, 1835645.229800000553951 ], [ 644247.679500001715496, 1835660.646600000793114 ], [ 644259.998800001456402, 1835676.8233 ], [ 644263.841300001950003, 1835696.089400000870228 ], [ 644282.336800000979565, 1835691.470299999695271 ], [ 644301.59910000115633, 1835672.214299999177456 ], [ 644343.982700001448393, 1835626.773499998729676 ], [ 644375.193200001609512, 1835570.455 ], [ 644425.303200003341772, 1835538.661399999633431 ], [ 644483.972400001599453, 1835533.772399998735636 ], [ 644553.641500001540408, 1835528.883400000398979 ], [ 644581.75160000345204, 1835509.317399999359623 ], [ 644611.082100001745857, 1835475.084399999352172 ], [ 644651.412500001490116, 1835440.841399999335408 ], [ 644691.751200001686811, 1835437.172099999850616 ], [ 644745.522300001466647, 1835453.0689 ], [ 644800.522100001224317, 1835478.753599999239668 ], [ 644854.301500001805834, 1835493.420700000831857 ], [ 644899.52170000190381, 1835493.420700000599027 ], [ 644949.631700000725687, 1835471.415100000333041 ], [ 644989.970400002086535, 1835433.502800000831485 ], [ 645007.690700000850484, 1835396.210400000447407 ], [ 645058.163500001421198, 1835359.747899999609217 ], [ 645164.130900001619011, 1835322.8454 ], [ 645219.130600001430139, 1835302.059599999338388 ], [ 645264.350900001940317, 1835239.692299999296665 ], [ 645283.910000001313165, 1835182.223999999463558 ], [ 645291.240600001416169, 1835135.763499999418855 ], [ 645343.791300000972115, 1835130.864399999147281 ], [ 645382.901400001486763, 1835151.650200000265613 ], [ 645404.901300002122298, 1835193.231799999019131 ], [ 645430.57060000137426, 1835260.4781 ], [ 645436.680800001719035, 1835288.602299999212846 ], [ 645408.570700002135709, 1835311.837600000435486 ], [ 645346.240300001343712, 1835331.403599999845028 ], [ 645303.460900001926348, 1835379.093900000676513 ], [ 645269.240600001066923, 1835451.2292 ], [ 645267.847100001759827, 1835523.194599999114871 ], [ 645271.071200001752004, 1835541.11089999973774 ], [ 645293.071100001456216, 1835583.902200000127777 ], [ 645348.070900000631809, 1835602.248500000452623 ], [ 645403.070700002135709, 1835608.3673 ], [ 645462.960300001548603, 1835599.799000000581145 ], [ 645513.070300000952557, 1835579.0132 ], [ 645598.629100001067854, 1835539.891200000187382 ], [ 645698.849100001971237, 1835511.7668999992311 ], [ 645800.289500001585111, 1835501.978900000452995 ], [ 645874.848400000366382, 1835499.539399999892339 ], [ 645927.399200001498684, 1835499.53940000012517 ], [ 645993.398900001775473, 1835488.531600000802428 ], [ 646027.619200000655837, 1835512.986700000241399 ], [ 646049.619100001407787, 1835531.332900000736117 ], [ 646058.178300000610761, 1835569.235200001625344 ], [ 646048.398700001882389, 1835645.049799998756498 ], [ 646044.729300001170486, 1835684.171800000127405 ], [ 646036.17840000113938, 1835805.22719999961555 ], [ 646025.78860000113491, 1835863.315400000428781 ], [ 646027.009000000427477, 1835959.915699999546632 ], [ 646036.788600002299063, 1836044.278499999782071 ], [ 646063.678300000960007, 1836111.534800000488758 ], [ 646091.788300001760945, 1836188.569199999794364 ], [ 646118.678000001702458, 1836276.61119999946095 ], [ 646127.847400001832284, 1836370.152200000127777 ], [ 646131.508600001689047, 1836492.427300000563264 ], [ 646127.237200001603924, 1836558.113900000229478 ], [ 646126.396200001472607, 1836575.690400001127273 ], [ 646112.510200001881458, 1836637.3178 ], [ 646097.082200002158061, 1836698.945299999555573 ], [ 646077.020000000600703, 1836819.1208 ], [ 646063.109300001524389, 1836953.163499999558553 ], [ 646078.479600001475774, 1837074.888699998613447 ], [ 646110.79500000202097, 1837219.739299999317154 ], [ 646167.56770000141114, 1837413.789800000144169 ], [ 646162.67789999966044, 1837485.935100000584498 ], [ 646152.898300001048483, 1837560.5199 ], [ 646136.398400001693517, 1837600.2618 ], [ 646113.178100001765415, 1837685.854399999603629 ], [ 646048.398700000601821, 1837775.116200000513345 ], [ 645998.288700002245605, 1837891.28260000073351 ], [ 645982.399000003701076, 1838002.559900000458583 ], [ 645987.288800001959316, 1838074.695200000656769 ], [ 645960.399100001435727, 1838119.936000001151115 ], [ 645942.068500001681969, 1838141.9516 ], [ 645872.407700001378544, 1838139.502099999692291 ], [ 645786.848800002248026, 1838118.716299999738112 ], [ 645701.298100001993589, 1838077.144699999829754 ], [ 645610.849500001058914, 1838068.586500000208616 ], [ 645502.688700001453981, 1838064.307399999350309 ], [ 645424.460400001145899, 1838080.204099999507889 ], [ 645349.909700001822785, 1838113.217399999499321 ], [ 645279.020200001890771, 1838158.458200000692159 ], [ 645183.690000003320165, 1838196.360500000650063 ], [ 645125.020800000871532, 1838250.16950000054203 ], [ 645090.800600001355633, 1838307.637800000840798 ], [ 645055.359900000505149, 1838330.87309999903664 ], [ 644979.580600001965649, 1838338.201599999796599 ], [ 644909.911500002141111, 1838330.873099999735132 ], [ 644856.140300002181903, 1838322.304799999576062 ], [ 644813.360900001483969, 1838269.725500000873581 ], [ 644808.471100000897422, 1838197.590199999045581 ], [ 644821.920100001385435, 1838138.892200000351295 ], [ 644851.250500001595356, 1838094.871099998941645 ], [ 644903.801300002261996, 1838033.733600000152364 ], [ 644961.250100001692772, 1837988.492799999658018 ], [ 645026.021200001705438, 1837929.8047 ], [ 645098.749600000912324, 1837870.496799999615178 ], [ 645196.520500000799075, 1837794.682199999224395 ], [ 645295.520100001827814, 1837727.435900000156835 ], [ 645367.630100001813844, 1837678.515900000929832 ], [ 645440.960300001897849, 1837636.944299999158829 ], [ 645522.849800001364201, 1837588.0343 ], [ 645602.298500000615604, 1837539.124299999326468 ], [ 645656.06970000162255, 1837480.436200000345707 ], [ 645690.298200001940131, 1837436.41520000086166 ], [ 645712.298100001993589, 1837385.055600000545382 ], [ 645708.6287, 1837323.918099999660626 ], [ 645675.628800002159551, 1837299.462999999057502 ], [ 645608.40870000096038, 1837295.793799999868497 ], [ 645536.298800001852214, 1837304.352000000188127 ], [ 645477.629600000800565, 1837320.248800000175834 ], [ 645381.079000001074746, 1837328.807099999394268 ], [ 645312.630300001590513, 1837334.925799999618903 ], [ 645279.02020000142511, 1837326.977399998810142 ], [ 645222.80000000144355, 1837306.191700000315905 ], [ 645139.690200001001358, 1837257.271600000327453 ], [ 645011.360100002959371, 1837203.472600000211969 ], [ 644935.580799999181181, 1837176.568099999567494 ], [ 644879.360600001178682, 1837174.128499999409541 ], [ 644791.154800000949763, 1837187.265900000697002 ], [ 644763.424100001226179, 1837189.575399999739602 ], [ 644732.601100000669248, 1837196.494000001111999 ], [ 644693.309600002132356, 1837204.192399999126792 ], [ 644648.625400001532398, 1837195.704199999338016 ], [ 644607.800200001220219, 1837184.126499999547377 ], [ 644575.451800001552328, 1837174.1086 ], [ 644536.935500000603497, 1837157.91190000041388 ], [ 644498.419100000523031, 1837130.1675 ], [ 644466.845800001639873, 1837104.732699999585748 ], [ 644441.432100000791252, 1837077.768200000282377 ], [ 644419.861000001314096, 1837056.9524 ], [ 644396.756100000697188, 1837042.315400000428781 ], [ 644373.65120000182651, 1837033.057299999753013 ], [ 644348.229300000704825, 1837023.809099999722093 ], [ 644326.658200001693331, 1837021.489600001135841 ], [ 644307.39589999942109, 1837024.56900000013411 ], [ 644293.526400001021102, 1837033.037300000200048 ], [ 644274.25580000213813, 1837056.142599999671802 ], [ 644260.38630000106059, 1837077.708199999760836 ], [ 644257.294100001454353, 1837113.920800000429153 ], [ 644254.968800001428463, 1837146.27419999986887 ], [ 644254.193700001109391, 1837183.256699999328703 ], [ 644261.887100001215003, 1837214.840299999341369 ], [ 644271.889300000853837, 1837258.751299999887124 ], [ 644278.807500000810251, 1837286.495699999621138 ], [ 644293.435700000962242, 1837330.406700000166893 ], [ 644314.982100001652725, 1837412.080099999671802 ], [ 644313.431800002232194, 1837448.282700000330806 ], [ 644308.789400001405738, 1837489.88429999910295 ], [ 644297.220500000868924, 1837533.795299999881536 ], [ 644279.491900000954047, 1837577.706399999558926 ], [ 644254.828600000357255, 1837609.279999998863786 ], [ 644227.856500000809319, 1837633.155099998693913 ], [ 644194.724700002116151, 1837650.091700000688434 ], [ 644141.555500001646578, 1837687.823999999091029 ], [ 644116.900400000624359, 1837693.212899999460205 ], [ 644083.776800001855008, 1837698.5918 ], [ 644059.88860000227578, 1837702.440999999176711 ], [ 644040.626300001400523, 1837703.200899999588728 ], [ 644027.531900002621114, 1837703.200899999821559 ], [ 644001.343100001104176, 1837703.190899999812245 ], [ 643966.669400002108887, 1837705.490399999078363 ], [ 643933.537600002018735, 1837713.95869999891147 ], [ 643906.573599999188446, 1837723.196799998637289 ], [ 643891.929000001051463, 1837740.133300001034513 ], [ 643890.387000001501292, 1837764.78830000013113 ], [ 643893.45450000197161, 1837797.921599998604506 ], [ 643898.063900001114234, 1837832.58449999964796 ], [ 643914.234000001684763, 1837854.929999999236315 ], [ 643944.273600000888109, 1837887.303400000324473 ], [ 643978.930900001432747, 1837920.436599999666214 ], [ 644008.195400001597591, 1837942.012199999764562 ], [ 644028.224600001471117, 1837955.119599999161437 ], [ 644068.282900000922382, 1837975.9353 ], [ 644079.835300002247095, 1837985.183499998878688 ], [ 644102.173300001071766, 1837998.280799999600276 ], [ 644112.950600000913255, 1838003.679700000444427 ], [ 644129.904100001556799, 1838012.927799999248236 ], [ 644144.268300001393072, 1838023.955600001150742 ], [ 644193.471300001605414, 1838060.428099999437109 ], [ 644257.566200001165271, 1838132.863399999216199 ], [ 644309.795400001807138, 1838192.24129999987781 ], [ 644371.515600000275299, 1838251.619200001005083 ], [ 644411.870700000668876, 1838315.736199998296797 ], [ 644454.600700001232326, 1838377.493599999696016 ], [ 644506.829900001757778, 1838447.549299999605864 ], [ 644567.362600000808015, 1838518.804799999576062 ], [ 644625.520600001094863, 1838579.362500000977889 ], [ 644706.239100001403131, 1838637.550700000254437 ], [ 644775.669100000523031, 1838676.152799999341369 ], [ 644844.513700001058169, 1838702.267499999841675 ], [ 644948.963800001190975, 1838698.7082 ], [ 645028.495000000926666, 1838703.457299999892712 ], [ 645099.70610000193119, 1838704.64699999964796 ], [ 645115.142300002276897, 1838720.08390000090003 ], [ 645108.017900003469549, 1838759.275900001171976 ], [ 645096.152100000414066, 1838835.270400000270456 ], [ 645098.518700001295656, 1838926.711799999698997 ], [ 645105.643100000917912, 1839134.519500000867993 ], [ 645114.548600001609884, 1839270.491800000658259 ], [ 645134.726200001779944, 1839379.739600000437349 ], [ 645162.019900001469068, 1839450.995100001338869 ], [ 645204.758100001025014, 1839506.8037 ], [ 645209.499500001431443, 1839537.6775 ], [ 645205.937300001969561, 1839572.120400000596419 ], [ 645173.893900000490248, 1839601.804400000721216 ], [ 645135.913600001716986, 1839610.1127 ], [ 645082.497000002185814, 1839594.675899998983368 ], [ 645002.974100002087653, 1839574.490000000456348 ], [ 644891.399600001517683, 1839536.487700000638142 ], [ 644809.501800000900403, 1839511.552799999248236 ], [ 644727.595900001353584, 1839512.742499999236315 ], [ 644618.396100000478327, 1839545.995799999684095 ], [ 644481.30900000303518, 1839591.706499999854714 ], [ 644410.089600001578219, 1839617.831099999602884 ], [ 644335.308100001886487, 1839619.020900000352412 ], [ 644255.785100000910461, 1839629.708699999144301 ], [ 644189.315400001360103, 1839645.145600000396371 ], [ 644095.551900001359172, 1839667.710999999195337 ], [ 644042.135300001013093, 1839690.276399999391288 ], [ 643987.539600001298822, 1839736.586999998893589 ], [ 643947.17620000068564, 1839766.270899999886751 ], [ 643910.383200000971556, 1839793.585400000214577 ], [ 643899.704900001874194, 1839835.1469 ], [ 643932.935600001947023, 1839896.894300001207739 ], [ 644006.529800001299009, 1839937.276100000133738 ], [ 644084.865300000994466, 1839980.017400000244379 ], [ 644131.157500000670552, 1840021.589 ], [ 644215.43000000086613, 1840065.519999999320135 ], [ 644312.763900001067668, 1840097.5835 ], [ 644407.714800003450364, 1840154.581900000572205 ], [ 644472.997200001263991, 1840205.651499999687076 ], [ 644522.257800001068972, 1840248.9926999991294 ], [ 644561.425600001704879, 1840294.11350000067614 ], [ 644620.771000001346692, 1840317.868699999758974 ], [ 644686.053300000494346, 1840383.175399999832734 ], [ 644779.825000000884756, 1840453.241100000683218 ], [ 644867.659800001070835, 1840550.621300000697374 ], [ 644931.754700002144091, 1840633.744400000199676 ], [ 644962.618900001165457, 1840699.051100000971928 ], [ 644967.954000003170222, 1840787.523100000107661 ], [ 644962.025200002943166, 1840876.584899999666959 ], [ 644965.587400000542402, 1840937.142599999438971 ], [ 644953.713400001171976, 1841013.147099999710917 ], [ 644959.650400000857189, 1841039.271800000220537 ], [ 644937.098000001278706, 1841097.46000000089407 ], [ 644907.421200000913814, 1841122.394899999722838 ], [ 644893.180700002238154, 1841124.774399999296293 ], [ 644890.805900002713315, 1841154.458399999653921 ], [ 644894.368100002640858, 1841181.772800000617281 ], [ 644916.920400001923554, 1841179.393300000578165 ], [ 644958.463000001269393, 1841152.088799998862669 ], [ 644985.765000000363216, 1841111.7071 ], [ 645007.13000000140164, 1841047.5801 ], [ 645021.37060000130441, 1840978.714099999517202 ], [ 645028.495000001043081, 1840883.7135 ], [ 645033.236299999873154, 1840778.025000001071021 ], [ 645023.745400000596419, 1840700.830700000980869 ], [ 645017.808400001842529, 1840643.832300000125542 ], [ 644982.202800001134165, 1840571.39699999964796 ], [ 644928.786200001253746, 1840520.337400000542402 ], [ 644826.710900001577102, 1840450.271700000623241 ], [ 644715.136400001123548, 1840338.644400000339374 ], [ 644640.363100000657141, 1840262.649900000542402 ], [ 644548.37240000104066, 1840193.174000000581145 ], [ 644496.143300001276657, 1840169.428900000173599 ], [ 644452.225900002405979, 1840144.493899999186397 ], [ 644410.683300001546741, 1840096.993599999696016 ], [ 644340.651400001486763, 1840042.364700000733137 ], [ 644269.432000001426786, 1840017.429800000274554 ], [ 644212.4615000016056, 1839984.176599999889731 ], [ 644118.698000000556931, 1839941.4253 ], [ 644049.853400002117269, 1839892.735200000461191 ], [ 644005.936100001214072, 1839852.36339999968186 ], [ 643988.125000001164153, 1839811.991599999368191 ], [ 644039.166800001403317, 1839772.799599999561906 ], [ 644110.386199999484234, 1839744.30540000111796 ], [ 644259.941100001917221, 1839700.364299999317154 ], [ 644369.140800002147444, 1839690.86629999987781 ], [ 644449.851100000785664, 1839663.551799999549985 ], [ 644545.403900000150315, 1839645.145600000396371 ], [ 644618.998100001947023, 1839607.143300000345334 ], [ 644694.958800001884811, 1839588.147199999075383 ], [ 644754.304200003156438, 1839585.767699999501929 ], [ 644817.211700001731515, 1839592.89619999867864 ], [ 644915.733000001870096, 1839617.8311 ], [ 645013.058700001332909, 1839655.833399999886751 ], [ 645100.893500002217479, 1839690.2664 ], [ 645155.497500000172295, 1839691.456199999898672 ], [ 645218.405000001657754, 1839672.46000000089407 ], [ 645249.260999999707565, 1839624.959699999308214 ], [ 645264.697200001450256, 1839579.8289 ], [ 645259.947600000770763, 1839519.271199998212978 ], [ 645237.395200001308694, 1839483.648499998729676 ], [ 645214.842800001613796, 1839438.5176 ], [ 645197.040000001201406, 1839363.712899999693036 ], [ 645180.42459999921266, 1839240.208000001264736 ], [ 645164.988400001078844, 1839097.707000000867993 ], [ 645165.582100001978688, 1838977.171499999472871 ], [ 645169.144300001091324, 1838903.54649999900721 ], [ 645173.893900000490248, 1838802.607100001070648 ], [ 645186.955400002072565, 1838712.365399999311194 ], [ 645184.580600001965649, 1838664.865099999355152 ], [ 645170.331700001494028, 1838625.673099999781698 ], [ 645128.789200002676807, 1838613.795499999076128 ], [ 645070.631200001924299, 1838617.364800000330433 ], [ 644976.859500003512949, 1838631.611900000134483 ], [ 644917.514200001489371, 1838632.801599999889731 ], [ 644874.784200000809506, 1838632.80159999942407 ], [ 644820.180200002156198, 1838623.303600000217557 ], [ 644734.720300001557916, 1838578.172800000291318 ], [ 644684.874100000364706, 1838542.550000000512227 ], [ 644626.11430000141263, 1838494.45979999913834 ], [ 644576.268100002082065, 1838429.143100000917912 ], [ 644525.226400000741705, 1838378.0835 ], [ 644468.255800002487376, 1838292.580900000873953 ], [ 644414.839200001209974, 1838213.017100000288337 ], [ 644345.994700001785532, 1838127.514499999582767 ], [ 644292.586300000897609, 1838066.956800000509247 ], [ 644252.231200001435354, 1838024.205499998759478 ], [ 644220.773300001397729, 1838012.927799999713898 ], [ 644176.295200000400655, 1837995.0415 ], [ 644168.428700000862591, 1837986.753100000321865 ], [ 644156.101100002299063, 1837979.044700000435114 ], [ 644145.323800002224743, 1837972.106100000673905 ], [ 644132.996300000464544, 1837964.3977 ], [ 644111.425100000575185, 1837951.290400000754744 ], [ 644090.629100001067854, 1837936.653300000121817 ], [ 644068.291100000729784, 1837925.085699999006465 ], [ 644048.270200001075864, 1837914.297900000354275 ], [ 644029.783000000985339, 1837901.960399999748915 ], [ 644012.837800001259893, 1837886.55350000038743 ], [ 644004.361100001609884, 1837883.464199999114498 ], [ 643984.340200001606718, 1837864.9679000005126 ], [ 643968.937000000965782, 1837851.8706 ], [ 643956.617700002156198, 1837836.453700000187382 ], [ 643947.374100000946783, 1837821.816700000781566 ], [ 643940.447600000537932, 1837804.870200001168996 ], [ 643936.605000001844019, 1837777.1258 ], [ 643951.249600001145154, 1837752.480799998855218 ], [ 643983.606300001614727, 1837735.544299999251962 ], [ 644015.196100001921877, 1837740.1733 ], [ 644049.086600001319312, 1837746.352099999785423 ], [ 644084.527200003154576, 1837739.423499999800697 ], [ 644114.575100001762621, 1837739.43349999957718 ], [ 644146.931800001533702, 1837734.05460000038147 ], [ 644168.511100003030151, 1837727.126000000163913 ], [ 644213.195400001248345, 1837712.499000000301749 ], [ 644241.701200001873076, 1837697.102099999552593 ], [ 644268.673400000669062, 1837673.996799999382347 ], [ 644292.569900001282804, 1837647.042300000786781 ], [ 644311.832100002910011, 1837616.22859999909997 ], [ 644327.251900000264868, 1837586.194700000574812 ], [ 644341.896500001195818, 1837559.230200000107288 ], [ 644349.614600001717918, 1837521.487800000235438 ], [ 644354.248800000874326, 1837478.346600000280887 ], [ 644352.715000000782311, 1837452.921800000825897 ], [ 644353.498400000855327, 1837428.266799999400973 ], [ 644351.189600001322106, 1837401.302300000330433 ], [ 644348.889000003458932, 1837375.107599999755621 ], [ 644338.119900001445785, 1837336.585499999346212 ], [ 644326.57570000179112, 1837287.275499999290332 ], [ 644315.031500002951361, 1837251.062899999553338 ], [ 644305.796200000680983, 1837206.381999999750406 ], [ 644301.186800001771189, 1837170.939200000604615 ], [ 644305.054100001347251, 1837132.416999999666587 ], [ 644315.847900002147071, 1837109.311699999496341 ], [ 644328.175400000996888, 1837093.134999999776483 ], [ 644352.063600001158193, 1837085.436599999899045 ], [ 644374.401600002544001, 1837083.1371 ], [ 644404.441200001980178, 1837094.704700000118464 ], [ 644428.321200001519173, 1837121.669199999421835 ], [ 644452.192900002002716, 1837154.812499999534339 ], [ 644499.169500000658445, 1837193.344599999254569 ], [ 644561.565800001262687, 1837221.098999998997897 ], [ 644654.776800001389347, 1837241.924699999624863 ], [ 644744.912100002169609, 1837237.325700000394136 ], [ 644785.745600002352148, 1837230.4070999994874 ], [ 644886.674700001836754, 1837228.127599998842925 ], [ 644974.49290000135079, 1837248.953299999237061 ], [ 645053.059300001244992, 1837275.947799999732524 ], [ 645140.877600001753308, 1837321.4286 ], [ 645221.761100001516752, 1837346.103499999269843 ], [ 645311.888100003590807, 1837371.558399999514222 ], [ 645412.042200001189485, 1837367.729099999880418 ], [ 645512.196200001984835, 1837356.2115 ], [ 645576.917800001334399, 1837334.655899999896064 ], [ 645633.921300001675263, 1837334.67589999968186 ], [ 645659.343300001695752, 1837359.330900000641122 ], [ 645654.700900000869296, 1837404.0218 ], [ 645635.430300001287833, 1837440.224400000879541 ], [ 645566.849700000253506, 1837508.760399998398498 ], [ 645452.034500000067055, 1837581.915500000584871 ], [ 645304.095800002105534, 1837668.927799999481067 ], [ 645156.148900001891889, 1837768.257600000360981 ], [ 645016.662200001883321, 1837889.9428 ], [ 644861.005400001187809, 1838029.334499999880791 ], [ 644814.762700001359917, 1838078.624399999156594 ], [ 644780.072400000761263, 1838137.932399999350309 ], [ 644750.00810000160709, 1838221.125399999320507 ], [ 644766.928500002017245, 1838304.338500000303611 ], [ 644801.577600001124665, 1838361.356899999082088 ], [ 644826.991300000809133, 1838384.482200000202283 ], [ 644862.860700001940131, 1838385.281999999890104 ], [ 644914.191100002499297, 1838381.6128 ], [ 644967.970500001916662, 1838376.723799999570474 ], [ 645055.970100001548417, 1838370.615000000689179 ], [ 645129.300400000996888, 1838349.819200000260025 ], [ 645159.85950000223238, 1838325.364199999719858 ], [ 645200.189900001510978, 1838276.454199999338016 ], [ 645293.689600001438521, 1838201.259500000393018 ], [ 645423.240000002086163, 1838134.003200000384822 ], [ 645506.349900001077913, 1838110.777899999404326 ], [ 645605.349500000942498, 1838111.997599999653175 ], [ 645682.349200001684949, 1838126.66469999961555 ], [ 645734.908200001809746, 1838145.010899999644607 ], [ 645864.458700001938269, 1838179.244000000413507 ], [ 645941.458400000818074, 1838195.140699999872595 ], [ 645953.678700001561083, 1838212.267200000584126 ], [ 645978.127600002102554, 1838255.05849999957718 ], [ 646001.34790000191424, 1838323.534600000828505 ], [ 645997.678500001435168, 1838388.341399999568239 ], [ 646008.678500001551583, 1838456.817500000586733 ], [ 646025.788600000552833, 1838492.280200000386685 ], [ 646116.525900000706315, 1838540.8804 ], [ 646130.288200002396479, 1838554.027699999511242 ], [ 646136.39840000285767, 1838601.718000000342727 ], [ 646163.288100001169369, 1838648.17850000038743 ], [ 646168.177800001809373, 1838725.212799999862909 ], [ 646175.508400001330301, 1838805.916400000918657 ], [ 646231.728600001661107, 1838860.945199999725446 ], [ 646259.84690000093542, 1838870.723200000822544 ], [ 646302.618100001825951, 1838869.503499999176711 ], [ 646334.397600000840612, 1838882.9507 ], [ 646367.719000001554377, 1838948.57740000099875 ], [ 646375.107300002127886, 1838976.331700000911951 ], [ 646371.685300001408905, 1839008.575200000312179 ], [ 646364.511400001938455, 1839031.5605 ], [ 646351.969500001054257, 1839054.485800000373274 ], [ 646348.563900002278388, 1839084.429700000211596 ], [ 646343.731900001177564, 1839105.125499999383464 ], [ 646331.882600001175888, 1839134.2096 ], [ 646328.493600001791492, 1839163.383599999826401 ], [ 646325.252900000661612, 1839178.720499999588355 ], [ 646328.658500001765788, 1839289.448000000789762 ], [ 646320.049800001084805, 1839303.954999999841675 ], [ 646304.506400001235306, 1839319.161900000181049 ], [ 646292.046900001820177, 1839334.398800000548363 ], [ 646285.070900001563132, 1839339.697799998801202 ], [ 646272.603200000943616, 1839354.944700001040474 ], [ 646264.786199999856763, 1839367.152200000127777 ], [ 646259.649000001722015, 1839415.52229999913834 ], [ 646265.594300002092496, 1839434.038600000320002 ], [ 646283.949500001617707, 1839442.686799999326468 ], [ 646306.221500001964159, 1839444.466399999102578 ], [ 646323.917100002174266, 1839443.126700001070276 ], [ 646340.227400003699586, 1839427.9298 ], [ 646364.866000000853091, 1839423.580700000515208 ], [ 646377.82020000112243, 1839434.48850000067614 ], [ 646383.765400000964291, 1839453.004699999233708 ], [ 646371.536900001228787, 1839517.431600000476465 ], [ 646362.111900001531467, 1839535.777799999341369 ], [ 646354.220600000582635, 1839554.913899999344721 ], [ 646344.234900001320057, 1839624.749700000276789 ], [ 646336.953800002345815, 1839658.49290000111796 ], [ 646336.706400001654401, 1839680.778300000121817 ], [ 646336.475500001222827, 1839702.303899999707937 ], [ 646340.90350000129547, 1839719.260500000556931 ], [ 646351.61490000190679, 1839723.989499999443069 ], [ 646369.318700001225807, 1839721.880000000121072 ], [ 646392.38240000163205, 1839721.360099999466911 ], [ 646431.665600000647828, 1839714.101500000804663 ], [ 646462.414300002157688, 1839713.661599999293685 ], [ 646485.527400001185015, 1839708.532699999865144 ], [ 646510.166000001714565, 1839704.953400000929832 ], [ 646525.404300000634976, 1839717.420900000492111 ], [ 646537.468000001274049, 1839739.076500000664964 ], [ 646553.399000002420507, 1839758.46250000060536 ], [ 646569.264000001363456, 1839784.0073000008706 ], [ 646575.868900002213195, 1839812.511499999091029 ], [ 646584.172400000970811, 1839826.438699999591336 ], [ 646578.425100000808015, 1839860.2018 ], [ 646575.151500000967644, 1839878.608100000536069 ], [ 646571.836700001265854, 1839900.86350000067614 ], [ 646567.779700001236051, 1839920.809499999508262 ], [ 646558.330000002286397, 1839941.465299999341369 ], [ 646546.620900002075359, 1839958.241900000255555 ], [ 646544.114100001403131, 1839976.668099998962134 ], [ 646545.540700001874939, 1839986.676100000739098 ], [ 646556.210800001397729, 1839995.2443 ], [ 646566.856200001435354, 1840005.352299999212846 ], [ 646576.025600001448765, 1840010.831099999602884 ], [ 646599.039700001128949, 1840014.930299999192357 ], [ 646614.269800001406111, 1840028.15760000096634 ], [ 646617.873200002242811, 1840050.493100000312552 ], [ 646654.451800000970252, 1840079.327199999243021 ], [ 646667.298800001386553, 1840099.4531 ], [ 646677.094900001538917, 1840118.009299999801442 ], [ 646686.816700001945719, 1840142.704299999400973 ], [ 646694.386400003335439, 1840153.55210000067018 ], [ 646678.859500001301058, 1840167.989199998788536 ], [ 646670.951700002187863, 1840187.88509999983944 ], [ 646670.712600001250394, 1840210.180600000778213 ], [ 646675.940400001825765, 1840224.067700000479817 ], [ 646690.378900001291186, 1840239.604599998798221 ], [ 646701.098500001360662, 1840243.563799999654293 ], [ 646713.409600002109073, 1840242.154100000625476 ], [ 646730.396000001463108, 1840235.425399999832734 ], [ 646756.395100003690459, 1840248.002900000428781 ], [ 646784.727900002035312, 1840257.540899998974055 ], [ 646807.123600001330487, 1840247.782899999292567 ], [ 646827.853600001661107, 1840250.322399999247864 ], [ 646845.409000001847744, 1840261.270199998980388 ], [ 646856.029700001934543, 1840274.447500000242144 ], [ 646874.261200000881217, 1840294.63340000086464 ], [ 646893.300900000729598, 1840310.980100000277162 ], [ 646909.297800000291318, 1840324.227399999275804 ], [ 646921.394500001799315, 1840342.803600000217557 ], [ 646929.640300002181903, 1840362.109599999617785 ], [ 646934.027100000297651, 1840382.915400000754744 ], [ 646934.612600001157261, 1840399.832000000402331 ], [ 646935.123800002154894, 1840423.667099999263883 ], [ 646935.717500002589077, 1840439.813800000352785 ], [ 646931.668800002196804, 1840458.220100000500679 ], [ 646920.536900001345202, 1840492.683099999791011 ], [ 646904.688400002080016, 1840536.324200000846758 ], [ 646910.584200001321733, 1840559.449499999638647 ], [ 646910.427500002784654, 1840574.056500000180677 ], [ 646910.105900001828559, 1840604.030400000978261 ], [ 646908.968000001972541, 1840637.8335 ], [ 646901.703400002093986, 1840669.277100000996143 ], [ 646889.029600001871586, 1840704.499999999767169 ], [ 646877.122600001865067, 1840738.952899999683723 ], [ 646880.684800001210533, 1840765.127599999075755 ], [ 646884.288200002047233, 1840786.693199999397621 ], [ 646879.571600000374019, 1840796.631200000876561 ], [ 646866.435900001786649, 1840802.640000000828877 ], [ 646848.55900000128895, 1840820.896299999440089 ], [ 646847.602400002419017, 1840838.562699999194592 ], [ 646845.879100000835024, 1840855.449200001079589 ], [ 646831.984800001839176, 1840860.688200000906363 ], [ 646809.737500001559965, 1840856.598999999696389 ], [ 646811.658800001721829, 1840891.981799999019131 ], [ 646815.361200001789257, 1840905.089099999051541 ], [ 646824.489300001761876, 1840913.637399999424815 ], [ 646829.750200001639314, 1840925.22499999916181 ], [ 646818.717200002050959, 1840949.699999999022111 ], [ 646814.577800001716241, 1840977.334399999585003 ], [ 646810.520900001050904, 1840997.2704 ], [ 646810.314700002083555, 1841015.716600000858307 ], [ 646810.042600002372637, 1841041.081399999326095 ], [ 646808.978900002432056, 1841067.975999999791384 ], [ 646806.45570000144653, 1841087.931900000199676 ], [ 646801.623600001446903, 1841108.637700001010671 ], [ 646801.42570000118576, 1841126.314099999843165 ], [ 646802.011200000648387, 1841143.230699999025092 ], [ 646801.780300001846626, 1841164.7463 ], [ 646808.987100001540966, 1841208.637299999594688 ], [ 646806.290800000308082, 1841244.74 ], [ 646809.82820000150241, 1841273.21419999958016 ], [ 646816.449600000982173, 1841300.188700000289828 ], [ 646820.844700001878664, 1841320.224600000306964 ], [ 646829.766700001549907, 1841347.998999999836087 ], [ 646833.394800001871772, 1841368.01490000076592 ], [ 646843.916500001214445, 1841389.660499998833984 ], [ 646853.704400002025068, 1841408.976600001100451 ], [ 646864.234300001058728, 1841429.8423 ], [ 646853.160100001376122, 1841458.93639999977313 ], [ 646847.643700003274716, 1841471.173900000983849 ], [ 646835.951100001577288, 1841486.420800000429153 ], [ 646826.559000001638196, 1841501.697699999436736 ], [ 646809.45720000192523, 1841519.953999999444932 ], [ 646791.64610000140965, 1841531.291700000409037 ], [ 646773.068200000794604, 1841543.389199999626726 ], [ 646759.042100001592189, 1841560.9156 ], [ 646746.549600000493228, 1841579.231899999314919 ], [ 646735.533200002391823, 1841602.16719999932684 ], [ 646735.978400001535192, 1841632.151100000366569 ], [ 646738.081100002047606, 1841651.387199999531731 ], [ 646750.977600001031533, 1841666.904100000858307 ], [ 646765.42430000170134, 1841680.901199999731034 ], [ 646773.802100001485087, 1841688.669600000372157 ], [ 646785.247400002437644, 1841696.488000000128523 ], [ 646801.351500001503155, 1841699.737400000682101 ], [ 646819.030600002035499, 1841699.927300000563264 ], [ 646841.310900001786649, 1841700.937100000446662 ], [ 646871.251500001642853, 1841704.336400000145659 ], [ 646881.196000001276843, 1841708.285599999828264 ], [ 646898.042300000786781, 1841714.624299999559298 ], [ 646911.77160000090953, 1841723.992400000337511 ], [ 646927.001699999906123, 1841737.229699999559671 ], [ 646934.455900001805276, 1841758.835300000617281 ], [ 646937.539900001138449, 1841758.095500000286847 ], [ 646938.933400001726113, 1841771.182799999602139 ], [ 646939.38690000330098, 1841800.396900000283495 ], [ 646939.92290000221692, 1841821.922499999403954 ], [ 646941.052600001217797, 1841859.594799999613315 ], [ 646944.581800001207739, 1841888.078999999677762 ], [ 646942.000900001963601, 1841913.41389999887906 ], [ 647066.298700001440011, 1841934.749500000849366 ], [ 647066.455400002188981, 1841920.142499999608845 ], [ 647059.677300001727417, 1841907.005199999548495 ], [ 647049.889500002842396, 1841888.448999999091029 ], [ 647043.160900001064874, 1841870.812599999830127 ], [ 647038.65860000171233, 1841860.774599998956546 ], [ 647028.227699999813922, 1841829.910900000482798 ], [ 647026.182700001634657, 1841806.065700000151992 ], [ 647018.720200002193451, 1841785.230000000447035 ], [ 647013.492300000973046, 1841771.332800001371652 ], [ 647002.921200001728721, 1841754.306299999123439 ], [ 646980.162600001785904, 1841726.391899999463931 ], [ 646954.287200002232566, 1841702.276900000637397 ], [ 646919.530900001409464, 1841678.541700000874698 ], [ 646911.878800001111813, 1841675.382300000404939 ], [ 646880.660000002011657, 1841648.137900000438094 ], [ 646857.68710000126157, 1841640.199499999172986 ], [ 646834.664700000779703, 1841636.880200000246987 ], [ 646815.658000002382323, 1841617.454099999507889 ], [ 646816.581600001780316, 1841602.857100000604987 ], [ 646823.681200002436526, 1841586.030500000109896 ], [ 646836.140700001968071, 1841571.5535 ], [ 646853.259100002469495, 1841552.527299999492243 ], [ 646865.768000001320615, 1841532.681399998720735 ], [ 646876.067100001731887, 1841505.117000001017004 ], [ 646891.000300001585856, 1841474.533199998550117 ], [ 646897.465100000961684, 1841445.38910000026226 ], [ 646902.429100001230836, 1841413.165699999546632 ], [ 646901.183900001109578, 1841386.2412 ], [ 646894.496500001754612, 1841365.415399999590591 ], [ 646887.759700001450256, 1841348.438899999251589 ], [ 646875.778500001062639, 1841319.094900000840425 ], [ 646865.421700000762939, 1841282.09239999926649 ], [ 646853.531200001016259, 1841244.290100000798702 ], [ 646844.666900000884198, 1841211.146800000220537 ], [ 646845.120400001527742, 1841169.64530000067316 ], [ 646845.400800001109019, 1841143.510600000154227 ], [ 646842.621900001075119, 1841116.5761 ], [ 646846.827300001401454, 1841082.802899999544024 ], [ 646853.57240000134334, 1841028.294 ], [ 646856.879000001819804, 1841006.808399999048561 ], [ 646857.975700002047233, 1840976.844499999657273 ], [ 646859.963000000920147, 1840935.3629999991972 ], [ 646867.145100001362152, 1840910.837999999755993 ], [ 646869.808500001439825, 1840877.81470000045374 ], [ 646879.950900001102127, 1840864.08750000060536 ], [ 646883.900600001798011, 1840854.139499999349937 ], [ 646896.467300001066178, 1840829.684499999508262 ], [ 646906.71690000128001, 1840805.959299999522045 ], [ 646913.033200001576915, 1840790.6624 ], [ 646916.372800001408905, 1840766.097400000318885 ], [ 646923.662100001820363, 1840732.354299999540672 ], [ 646936.303000002168119, 1840700.210799999535084 ], [ 646939.073600001749583, 1840657.9594 ], [ 646940.887700002058409, 1840632.61460000090301 ], [ 646962.632000001263805, 1840612.0988 ], [ 646962.904100002138875, 1840586.733899999409914 ], [ 646964.05020000168588, 1840552.161 ], [ 646965.872600002330728, 1840526.046299999579787 ], [ 646967.851600000634789, 1840485.3246 ], [ 646969.525500001618639, 1840472.277199999894947 ], [ 646971.323100000852719, 1840448.462099999422207 ], [ 646971.636400002753362, 1840420.027899998938665 ], [ 646968.857600001734681, 1840392.323500000406057 ], [ 646963.027800002135336, 1840363.049499999731779 ], [ 646954.056300002499484, 1840339.894200000911951 ], [ 646937.432700001285411, 1840313.579500001156703 ], [ 646922.285000002244487, 1840292.663799998583272 ], [ 646905.570700001553632, 1840274.7974 ], [ 646894.191500001004897, 1840260.840299998875707 ], [ 646877.444100001011975, 1840245.283399998908862 ], [ 646861.414200002327561, 1840235.115499999141321 ], [ 646839.249400002066977, 1840223.347899999469519 ], [ 646809.391200001351535, 1840212.260099999606609 ], [ 646786.352300002123229, 1840210.480499998899177 ], [ 646764.880100001581013, 1840206.401300000259653 ], [ 646744.191300001228228, 1840200.0226 ], [ 646720.492700001574121, 1840188.234999999171123 ], [ 646726.099900000030175, 1840167.549200000241399 ], [ 646729.332300001289696, 1840152.972200000425801 ], [ 646724.937300002318807, 1840132.946299999486655 ], [ 646714.382600001408719, 1840113.610200000926852 ], [ 646699.292700001620688, 1840087.315600000787526 ], [ 646687.278500001411885, 1840061.050899998750538 ], [ 646676.047600003075786, 1840034.026399999624118 ], [ 646651.615200001979247, 1840018.379600000102073 ], [ 646631.792200001189485, 1840003.562599999597296 ], [ 646614.220300002023578, 1839993.384700000286102 ], [ 646596.648400002392009, 1839983.966600001091138 ], [ 646583.718900002306327, 1839970.75929999910295 ], [ 646580.024800001760013, 1839957.652000000234693 ], [ 646593.308800001279451, 1839937.805999999633059 ], [ 646598.025500001502223, 1839927.868000000482425 ], [ 646604.432500001043081, 1839904.112900000531226 ], [ 646605.438500002492219, 1839882.597200000891462 ], [ 646606.469200002844445, 1839858.012299999129027 ], [ 646610.42720000189729, 1839847.294399998849258 ], [ 646613.791500001796521, 1839821.189700000686571 ], [ 646613.263800001703203, 1839798.894300000276417 ], [ 646609.693300002370961, 1839773.489499998511747 ], [ 646606.873300002189353, 1839750.404200000688434 ], [ 646594.883800001814961, 1839721.83 ], [ 646578.22720000136178, 1839698.594699999084696 ], [ 646562.378700001398101, 1839671.510199999436736 ], [ 646552.615600002231076, 1839649.884600000921637 ], [ 646535.983700000797398, 1839624.339799999725074 ], [ 646510.800900000496767, 1839607.9232 ], [ 646489.295800002058968, 1839606.153499999782071 ], [ 646472.383500002091751, 1839605.973599999444559 ], [ 646456.221700001042336, 1839608.1031 ], [ 646439.960900001227856, 1839618.680999999633059 ], [ 646431.294500000891276, 1839638.57689999951981 ], [ 646430.304999999701977, 1839658.552899999311194 ], [ 646420.170800000079907, 1839671.510199998971075 ], [ 646399.391300001414493, 1839674.359599999384955 ], [ 646381.011300001293421, 1839668.010900000343099 ], [ 646374.340400002198294, 1839644.875600000377744 ], [ 646378.455100002349354, 1839620.320599999045953 ], [ 646388.754200001712888, 1839591.996400000993162 ], [ 646402.112400001846254, 1839565.231799999019131 ], [ 646408.725600001052953, 1839522.260600000387058 ], [ 646419.758600001921877, 1839497.015699999406934 ], [ 646425.439900000812486, 1839469.4014 ], [ 646425.761499999905936, 1839440.197300000116229 ], [ 646415.982000001007691, 1839420.111400000518188 ], [ 646395.482800001860596, 1839396.82609999855049 ], [ 646383.3367000016151, 1839382.858999999240041 ], [ 646348.852500002132729, 1839373.260900000110269 ], [ 646326.489800001261756, 1839379.929600000148639 ], [ 646313.444900000817142, 1839377.4901 ], [ 646319.753000000608154, 1839362.95299999951385 ], [ 646334.471800002269447, 1839352.3452 ], [ 646353.857800002093427, 1839337.188299999805167 ], [ 646365.575100002111867, 1839319.63179999939166 ], [ 646379.007600001175888, 1839285.958699999609962 ], [ 646384.689000001992099, 1839258.3443 ], [ 646384.301400002092123, 1839222.9815 ], [ 646383.724200001219288, 1839205.295099999057129 ], [ 646392.250400001415983, 1839128.5207 ], [ 646392.687400001450442, 1839071.4724 ], [ 646408.973000001045875, 1839042.61820000060834 ], [ 646417.911500002024695, 1838998.127299999119714 ], [ 646436.184300001594238, 1839014.474 ], [ 646455.215700001455843, 1839031.590500000864267 ], [ 646472.779300002614036, 1839041.7684 ], [ 646494.911200001020916, 1839056.615399999311194 ], [ 646517.076000001979992, 1839068.382999998982996 ], [ 646538.614200001116842, 1839067.083200000226498 ], [ 646574.054800001089461, 1839059.784700000891462 ], [ 646593.317100001033396, 1839055.375600000843406 ], [ 646626.457100001396611, 1839047.2873 ], [ 646658.673600001144223, 1839053.016100001055747 ], [ 646673.879000001703389, 1839068.5529 ], [ 646691.277700002188794, 1839094.8776 ], [ 646712.618000001762994, 1839111.244300000136718 ], [ 646732.614100000821054, 1839110.694399999454618 ], [ 646751.076600002357736, 1839109.364600001135841 ], [ 646770.338900001370348, 1839104.955499998759478 ], [ 646798.152100001578219, 1839092.188100000377744 ], [ 646825.973600002238527, 1839077.891000000759959 ], [ 646859.187800002284348, 1839063.643899999558926 ], [ 646887.735000002430752, 1839053.196099999826401 ], [ 646912.398300000932068, 1839047.317299999529496 ], [ 646934.752800001064315, 1839041.408500000834465 ], [ 646953.116300001973286, 1839049.296899999724701 ], [ 646968.181400001281872, 1839077.901000000303611 ], [ 646989.365000001620501, 1839108.87470000050962 ], [ 647012.164700001711026, 1839132.9498 ], [ 647035.681900001596659, 1839161.643999999156222 ], [ 647065.548300001071766, 1839171.961899999529123 ], [ 647090.912600002600811, 1839172.241800000891089 ], [ 647113.432000001426786, 1839150.956199999898672 ], [ 647118.19810000108555, 1839137.368899999419227 ], [ 647129.898900002241135, 1839121.35219999961555 ], [ 647138.50760000187438, 1839107.605000000679865 ], [ 647145.541300001554191, 1839096.927200000500306 ], [ 647145.656700001563877, 1839086.159399999538437 ], [ 647130.055600001709536, 1839024.80189999891445 ], [ 647111.725100001785904, 1839018.6831 ], [ 647053.055900000967085, 1839038.249099999666214 ], [ 647011.496800001012161, 1839034.579900000244379 ], [ 646980.946000001509674, 1838995.447799998568371 ], [ 646967.497000002069399, 1838940.428999999538064 ], [ 646938.166500001680106, 1838936.75980000034906 ], [ 646906.387100000865757, 1838952.656500000273809 ], [ 646848.946500001125969, 1839044.357899999246001 ], [ 646767.057000001310371, 1839076.1514 ], [ 646724.277600000612438, 1839077.371099999407306 ], [ 646696.16750000230968, 1839049.2569 ], [ 646683.947200002032332, 1839029.690899999812245 ], [ 646652.167700002319179, 1839011.344599999021739 ], [ 646610.616900001186877, 1839006.455600001616403 ], [ 646565.396700001670979, 1839006.455600000917912 ], [ 646537.286600002320483, 1838977.1116 ], [ 646495.727500002132729, 1838900.07719999901019 ], [ 646476.176600002334453, 1838815.7043999992311 ], [ 646417.507400001748465, 1838799.807600000407547 ], [ 646367.397400001529604, 1838771.683399999747053 ], [ 646300.177300001727417, 1838774.132899999152869 ], [ 646259.846900002099574, 1838749.677899999544024 ], [ 646248.846900001866743, 1838656.736799999838695 ], [ 646199.957300000824034, 1838602.937699999427423 ], [ 646185.288000001572073, 1838486.7814 ], [ 646090.6916000014171, 1838433.622199999168515 ], [ 646048.464700001291931, 1838383.612400001380593 ], [ 646050.344700001645833, 1838376.853700000559911 ], [ 646054.203800001298077, 1838361.446900001028553 ], [ 646067.298200001125224, 1838349.129399999743327 ], [ 646076.550000001210719, 1838339.111400000518188 ], [ 646088.877600001869723, 1838321.394999999552965 ], [ 646095.820600001723506, 1838302.138900000602007 ], [ 646097.36250000144355, 1838288.2718 ], [ 646092.753100002300926, 1838269.785499999066815 ], [ 646088.135400000726804, 1838251.289299999829382 ], [ 646086.59350000123959, 1838239.741599999368191 ], [ 646068.106300001731142, 1838225.0945999994874 ], [ 646048.085400002193637, 1838215.8465 ], [ 646025.74740000104066, 1838204.278899999335408 ], [ 646011.111000000499189, 1838190.411699999123812 ], [ 646007.26840000168886, 1838169.605900001479313 ], [ 646009.585500001674518, 1838148.040300000924617 ], [ 646021.146200001938269, 1838134.943 ], [ 646042.717300001415424, 1838125.7049 ], [ 646064.288500002468936, 1838117.236600000644103 ], [ 646076.624200001358986, 1838105.68889999971725 ], [ 646076.624200002057478, 1838090.272099999710917 ], [ 646076.632500001927838, 1838064.857200000202283 ], [ 646073.556800002465025, 1838041.741900000954047 ], [ 646066.630300001706928, 1838024.785399999702349 ], [ 646053.544100000523031, 1837999.3606 ], [ 646050.468400001293048, 1837984.72359999967739 ], [ 646047.392699999269098, 1837957.758999999379739 ], [ 646046.625900001847185, 1837934.643700000131503 ], [ 646045.092100001988001, 1837928.484999998705462 ], [ 646048.942900002119131, 1837911.538499999791384 ], [ 646056.652800002484582, 1837891.50249999971129 ], [ 646067.446600002236664, 1837864.548000000184402 ], [ 646077.473600001772866, 1837842.982399999629706 ], [ 646105.212600002065301, 1837817.567600000882521 ], [ 646110.605400001863018, 1837817.567600001115352 ], [ 646119.857200001832098, 1837792.142799999564886 ], [ 646131.42610000143759, 1837768.267600000370294 ], [ 646146.83760000183247, 1837743.622600000118837 ], [ 646159.173400001134723, 1837722.04700000025332 ], [ 646174.584900002228096, 1837700.481399999698624 ], [ 646186.145500000566244, 1837681.225299999117851 ], [ 646193.855400001164526, 1837662.739099999656901 ], [ 646200.798400001018308, 1837635.784600000828505 ], [ 646205.432600000640377, 1837613.439099999610335 ], [ 646213.917500002426095, 1837578.776200000662357 ], [ 646222.402500001015142, 1837540.25400000018999 ], [ 646223.952700002351776, 1837504.051400000462309 ], [ 646222.435500000836328, 1837430.086400000844151 ], [ 646218.609400001354516, 1837340.724600001005456 ], [ 646203.997800001874566, 1837268.299399999668822 ], [ 646190.13650000107009, 1837228.237500000512227 ], [ 646160.896800001268275, 1837117.290100000565872 ], [ 646143.984500001650304, 1837008.652200000593439 ], [ 646135.532500000437722, 1836923.909499999368563 ], [ 646146.359300000593066, 1836812.202199999475852 ], [ 646171.822500000707805, 1836682.788599999621511 ], [ 646191.868200001190417, 1836614.222500000381842 ], [ 646199.594500002451241, 1836541.807299999054521 ], [ 646200.394400000921451, 1836452.445400000317022 ], [ 646198.102000000770204, 1836380.030200000386685 ], [ 646183.490400000941008, 1836313.763699999079108 ], [ 646167.328500001458451, 1836248.277000000467524 ], [ 646145.782100001815706, 1836170.4628 ], [ 646122.693800000823103, 1836103.426499999826774 ], [ 646103.45620000292547, 1836026.382200000807643 ], [ 646095.762800001772121, 1835980.931399999652058 ], [ 646085.793600003817119, 1835837.630599999800324 ], [ 646110.481700002215803, 1835734.401599999517202 ], [ 646114.349000001326203, 1835677.3932000012137 ], [ 646112.823500001803041, 1835631.942500000586733 ], [ 646114.373700002441183, 1835600.358899999409914 ], [ 646108.230600001406856, 1835541.031000000191852 ], [ 646095.911300002015196, 1835510.2172 ], [ 646078.61970000108704, 1835482.9328 ], [ 646031.898800001712516, 1835446.340199999511242 ], [ 645992.788700001663528, 1835424.334699999308214 ], [ 645914.568700001225807, 1835419.445699998410419 ], [ 645813.120000003138557, 1835432.892999999690801 ], [ 645719.010200001881458, 1835445.120500000659376 ], [ 645621.231000000378117, 1835463.466700000921264 ], [ 645538.121100001037121, 1835490.361300000920892 ], [ 645469.68060000159312, 1835520.935100000817329 ], [ 645397.570700001437217, 1835542.940600000554696 ], [ 645352.350500000524335, 1835535.602099999086931 ], [ 645321.791400002432056, 1835480.5833 ], [ 645346.240300000878051, 1835416.996200001100078 ], [ 645385.35040000162553, 1835379.093900000909343 ], [ 645430.570600001723506, 1835360.747700000414625 ], [ 645462.350100001203828, 1835357.078400000231341 ], [ 645503.900900001637638, 1835354.638900000834838 ], [ 645555.239500001305714, 1835336.29259999957867 ], [ 645598.010700001614168, 1835306.9486 ], [ 645662.790000002132729, 1835283.713300000177696 ], [ 645731.238800003426149, 1835264.147299999836832 ], [ 645818.009800003375858, 1835243.361600000178441 ], [ 645904.789100000518374, 1835223.795499999076128 ], [ 645969.568400002084672, 1835225.0253 ], [ 646023.339600001345389, 1835220.126299999188632 ], [ 646047.466900001978502, 1835211.278100001160055 ] ] ] } },
{ "type": "Feature", "properties": { "OBJECTID": 84233, "HY_USE": 6, "HY_PNAME": null, "HY_MRIVER": null, "SHAPE_LENG": 0.0, "SHAPE_LE_1": 0.0, "LENGTH": 352.309923, "AREA": 3.6061e-07, "SHAPE_LE_2": 352.30991202299998, "SHAPE_AREA": 4256.0891976800003, "PERIMETER": 0.003, "ACRES": 0.0, "HECTARES": 0.0 }, "geometry": { "type": "Polygon", "coordinates": [ [ [ 646468.244100001873448, 1841687.669800000498071 ], [ 646445.221700000576675, 1841684.350500000175089 ], [ 646439.367200002074242, 1841727.331800000974908 ], [ 646432.003600002266467, 1841768.7533 ], [ 646423.823800001875497, 1841814.024099999573082 ], [ 646462.76060000108555, 1841838.269200000911951 ], [ 646458.563500000163913, 1841800.5669 ], [ 646463.55220000189729, 1841765.25400000042282 ], [ 646467.559700001962483, 1841750.697000000393018 ], [ 646467.831800001789816, 1841725.3322 ], [ 646468.244100001873448, 1841687.669800000498071 ] ] ] } },
{ "type": "Feature", "properties": { "OBJECTID": 84259, "HY_USE": 6, "HY_PNAME": null, "HY_MRIVER": null, "SHAPE_LENG": 0.0, "SHAPE_LE_1": 0.0, "LENGTH": 1551.579897, "AREA": 2.56326e-06, "SHAPE_LE_2": 1551.57988215, "SHAPE_AREA": 30253.583744299998, "PERIMETER": 0.014, "ACRES": 0.0, "HECTARES": 0.0 }, "geometry": { "type": "Polygon", "coordinates": [ [ [ 645203.719200001913123, 1840810.8583 ], [ 645170.92540000192821, 1840787.443099999334663 ], [ 645167.660100001376122, 1840805.079500000923872 ], [ 645167.322000000276603, 1840835.823200000915676 ], [ 645185.702000001678243, 1840842.171900000423193 ], [ 645239.291700001806021, 1840861.9779 ], [ 645274.889000002178364, 1840910.788000000407919 ], [ 645290.358200001297519, 1840973.215299999341369 ], [ 645284.553200001479127, 1841011.5874 ], [ 645277.041200001258403, 1841066.846200000261888 ], [ 645248.073600001749583, 1841114.956399999093264 ], [ 645218.413300001295283, 1841156.9179 ], [ 645207.866800000774674, 1841207.527599999215454 ], [ 645212.657700002309866, 1841262.156400001142174 ], [ 645211.915500001981854, 1841330.562499999767169 ], [ 645189.684700001380406, 1841395.65929999970831 ], [ 645184.539300002390519, 1841444.7993 ], [ 645215.189100001938641, 1841453.587500000139698 ], [ 645233.132100001559593, 1841429.182399999350309 ], [ 645245.78950000111945, 1841396.269099998986349 ], [ 645255.379400001140311, 1841362.546000000787899 ], [ 645257.407900001737289, 1841317.225199999287724 ], [ 645251.891400001593865, 1841258.737099999794737 ], [ 645243.175500001758337, 1841212.526499999687076 ], [ 645252.781900000874884, 1841177.273700000951067 ], [ 645284.643900001654401, 1841145.330199999734759 ], [ 645315.961600002949126, 1841092.640900000464171 ], [ 645328.825100001762621, 1841040.51160000031814 ], [ 645329.369300001650117, 1840990.551699999719858 ], [ 645322.888100001960993, 1840950.5099 ], [ 645307.344700001762249, 1840894.9912 ], [ 645272.522500002058223, 1840845.421299999579787 ], [ 645203.719200001913123, 1840810.8583 ] ] ] } },
{ "type": "Feature", "properties": { "OBJECTID": 84281, "HY_USE": 6, "HY_PNAME": "บึงสะลุ", "HY_MRIVER": null, "SHAPE_LENG": 0.0, "SHAPE_LE_1": 0.0, "LENGTH": 8724.541535, "AREA": 4.914806e-05, "SHAPE_LE_2": 8724.54157983, "SHAPE_AREA": 580130.50795100001, "PERIMETER": 0.08, "ACRES": 0.0, "HECTARES": 0.0 }, "geometry": { "type": "Polygon", "coordinates": [ [ [ 648574.001900002127513, 1840868.036699998890981 ], [ 648554.500400002580136, 1840824.015599999343976 ], [ 648507.589800001122057, 1840825.805299998959526 ], [ 648449.398900001891889, 1840804.419600000372157 ], [ 648432.692800002172589, 1840785.79340000031516 ], [ 648378.89690000214614, 1840785.213500000536442 ], [ 648345.888800002168864, 1840781.004399999743327 ], [ 648315.791500002611428, 1840720.726600000634789 ], [ 648309.178300001425669, 1840692.982300000498071 ], [ 648341.922600001445971, 1840650.290999999502674 ], [ 648360.088200001511723, 1840605.90000000060536 ], [ 648412.828600000706501, 1840562.668800000101328 ], [ 648405.514500002958812, 1840527.995899999514222 ], [ 648381.873700002324767, 1840510.829399998998269 ], [ 648284.910800001583993, 1840521.307199999224395 ], [ 648223.17420000245329, 1840543.692700000945479 ], [ 648193.316000001505017, 1840532.604900000384077 ], [ 648142.97510000213515, 1840496.702199999243021 ], [ 648105.78630000166595, 1840452.481299999635667 ], [ 648125.972200001007877, 1840434.255000000819564 ], [ 648224.081200001528487, 1840389.20409999974072 ], [ 648238.816500001354143, 1840377.066600000252947 ], [ 648218.894600001629442, 1840300.75209999945946 ], [ 648048.733300002291799, 1840326.576899999752641 ], [ 648046.614200003328733, 1840309.6403 ], [ 648063.237800002098083, 1840265.239399999612942 ], [ 648092.609500001883134, 1840250.18239999958314 ], [ 648108.350800001295283, 1840216.52930000028573 ], [ 648114.972200001589954, 1840172.788200000533834 ], [ 648114.419700001832098, 1840152.8022 ], [ 648163.779400001745671, 1840137.965299999108538 ], [ 648146.075500002596527, 1840069.35920000099577 ], [ 648114.658900002366863, 1840060.561000001151115 ], [ 648067.410200001904741, 1840022.378799999132752 ], [ 648047.191400001989678, 1839972.968900000676513 ], [ 648028.349600002518855, 1839938.945800000568852 ], [ 648005.48390000173822, 1839921.019400000339374 ], [ 647989.8333000021521, 1839875.498700000811368 ], [ 647983.624200002057478, 1839810.092000000178814 ], [ 647976.268900001421571, 1839780.028100001160055 ], [ 647819.540100001497194, 1839772.949599999701604 ], [ 647790.547700002207421, 1839681.928099999204278 ], [ 647751.083100002142601, 1839635.387599998852238 ], [ 647732.307300001499243, 1839594.435900000622496 ], [ 647736.488000001059845, 1839563.742199999745935 ], [ 647758.982600000919774, 1839544.766000000527129 ], [ 647788.93980000144802, 1839546.625600000610575 ], [ 647817.31370000122115, 1839553.084299999522045 ], [ 647835.009300001314841, 1839480.259099999675527 ], [ 647850.626900001196191, 1839458.133599999593571 ], [ 647879.009100002120249, 1839463.052600000286475 ], [ 647899.030000003520399, 1839460.193199999397621 ], [ 647957.921900000073947, 1839417.02199999964796 ], [ 647974.405300001846626, 1839384.918500000843778 ], [ 647992.364800003007986, 1839359.743699999293312 ], [ 647980.070200000307523, 1839288.128300000214949 ], [ 647958.697000000625849, 1839274.831000000471249 ], [ 647824.256700001307763, 1839267.22249999968335 ], [ 647832.708700002054684, 1839196.596899999072775 ], [ 647794.546900001470931, 1839100.866399999242276 ], [ 647753.144600002910011, 1839091.188300000969321 ], [ 647743.917500002775341, 1839091.858200000831857 ], [ 647725.31480000121519, 1839106.255299999611452 ], [ 647704.683700000168756, 1839094.507700000656769 ], [ 647683.434200002229773, 1839069.682700000237674 ], [ 647679.946200001169927, 1839036.589500000700355 ], [ 647697.312000001664273, 1838994.497999999206513 ], [ 647732.901000001351349, 1838973.36229999945499 ], [ 647747.751800001249649, 1838951.236799999605864 ], [ 647749.508100001839921, 1838930.501000000163913 ], [ 647751.074900002335198, 1838899.107399999862537 ], [ 647765.727700001676567, 1838866.754000000655651 ], [ 647788.074000001652166, 1838852.896799999754876 ], [ 647814.271000000881031, 1838828.251900000264868 ], [ 647839.701200001290999, 1838800.517500000307336 ], [ 647834.316700001712888, 1838784.340799999888986 ], [ 647785.781600002199411, 1838774.312799999723211 ], [ 647723.385300002410077, 1838768.903899998636916 ], [ 647663.297800001688302, 1838758.096100000664592 ], [ 647638.642800001194701, 1838756.546499999472871 ], [ 647618.597100001759827, 1838820.4834 ], [ 647479.935000001452863, 1838794.248800000408664 ], [ 647448.312200001673773, 1838905.176199999870732 ], [ 647402.094200003310107, 1838880.511199999367818 ], [ 647365.886700001661666, 1838888.969499999890104 ], [ 647335.838900000904687, 1838893.588600000599399 ], [ 647305.015900001046248, 1838895.888100000564009 ], [ 647268.80020000168588, 1838915.134199999039993 ], [ 647251.071600001887418, 1838949.0273 ], [ 647231.042400001548231, 1838956.725700000999495 ], [ 647222.565700001316145, 1838964.424100000411272 ], [ 647200.986300001386553, 1838977.511499998392537 ], [ 647180.957200001343153, 1838978.281300000846386 ], [ 647160.928000002168119, 1838970.572899999562651 ], [ 647143.216000002110377, 1838959.775100000435486 ], [ 647133.19730000209529, 1838965.943800000706688 ], [ 647135.036100001190789, 1838990.928699999814853 ], [ 647160.853800001787022, 1839091.138300000224262 ], [ 647175.135600001667626, 1839120.502399999648333 ], [ 647188.22180000168737, 1839119.112700000405312 ], [ 647189.994600001373328, 1839097.607000001007691 ], [ 647186.350000001839362, 1839079.1208 ], [ 647209.487800001283176, 1839071.682299999753013 ], [ 647284.228100002161227, 1839055.585599999176338 ], [ 647344.241400001337752, 1839050.0867000001017 ], [ 647390.294400002225302, 1839055.965500000631437 ], [ 647410.900800000992604, 1839070.022600000258535 ], [ 647407.520000001648441, 1839097.656999999424443 ], [ 647408.014700002036989, 1839123.031899999361485 ], [ 647418.709600000875071, 1839129.300599999725819 ], [ 647437.147300001350231, 1839130.270400000270456 ], [ 647450.200500002130866, 1839202.665600000182167 ], [ 647486.160600001458079, 1839217.6526 ], [ 647517.75870000210125, 1839210.314099999144673 ], [ 647537.268400001572445, 1839182.849700000137091 ], [ 647546.602700001327321, 1839172.9617000001017 ], [ 647579.685000000637956, 1839170.2422 ], [ 647627.205800000810996, 1839183.059599998639897 ], [ 647657.698900001705624, 1839206.45490000071004 ], [ 647675.048200002056547, 1839236.618699999526143 ], [ 647684.836000001756474, 1839255.175000000745058 ], [ 647707.03380000218749, 1839263.873199998633936 ], [ 647726.91450000135228, 1839274.081099999835715 ], [ 647735.655100001487881, 1839317.992200000211596 ], [ 647732.150600002612919, 1839357.924000000348315 ], [ 647733.503000001073815, 1839374.8506 ], [ 647726.287800002028234, 1839402.435000000754371 ], [ 647697.551100001204759, 1839429.799399999668822 ], [ 647671.584900001180358, 1839484.858200000599027 ], [ 647645.148700000951067, 1839512.242599999764934 ], [ 647625.342200001701713, 1839566.611600000178441 ], [ 647610.969700001645833, 1839616.411399999400601 ], [ 647619.083600001293235, 1839648.015000000130385 ], [ 647647.845100001199171, 1839689.066600000252947 ], [ 647668.245300001115538, 1839721.57 ], [ 647735.547900001169182, 1839965.200399999739602 ], [ 647785.600200002314523, 1839957.291999999433756 ], [ 647831.100800001993775, 1839943.184900000225753 ], [ 647842.504800001857802, 1839954.832499999320135 ], [ 647867.448500001686625, 1840064.260299998801202 ], [ 647887.312700001522899, 1840076.007899999152869 ], [ 647912.36360000143759, 1840104.711999999126419 ], [ 647935.278800002066419, 1840118.029300000984222 ], [ 647964.493800001568161, 1840117.579399998998269 ], [ 647980.457800002070144, 1840133.8961 ], [ 647979.377500002738088, 1840162.320299999555573 ], [ 647969.721700001507998, 1840202.192199999466538 ], [ 647958.062000002013519, 1840214.359700000146404 ], [ 647919.323100000503473, 1840242.384000000311062 ], [ 647886.966400001198053, 1840248.9527000002563 ], [ 647874.572900001308881, 1840258.04079999960959 ], [ 647885.737700001918711, 1840291.21409999881871 ], [ 647893.802200003177859, 1840327.426700000185519 ], [ 647930.586900002323091, 1840408.540200000395998 ], [ 647952.982600002083927, 1840469.507799999322742 ], [ 647973.127200002083555, 1840525.836300000781193 ], [ 647995.869200000190176, 1840555.290300000458956 ], [ 648011.899200002197176, 1840565.4583 ], [ 648028.918600002070889, 1840555.650299999630079 ], [ 648044.932000002241693, 1840567.35789999878034 ], [ 648065.291000001365319, 1840603.7005 ], [ 648099.239100001985207, 1840591.772899999748915 ], [ 648124.290000001899898, 1840621.256899999687448 ], [ 648156.234400001587346, 1840652.350600000703707 ], [ 648182.645900001749396, 1840697.2214 ], [ 648176.230600002687424, 1840721.746400000527501 ], [ 648169.130900001619011, 1840738.583000000799075 ], [ 648168.759900001110509, 1840773.165999998804182 ], [ 648178.457000000867993, 1840800.170499999076128 ], [ 648210.541500002262183, 1840818.206800001207739 ], [ 648217.245400001993403, 1840838.262700001010671 ], [ 648210.088000001618639, 1840860.478199999546632 ], [ 648197.241000001784414, 1840878.554500001017004 ], [ 648197.727500001783483, 1840904.689200001303107 ], [ 648220.782900002319366, 1840904.939200000837445 ], [ 648261.64100000099279, 1840893.85139999887906 ], [ 648280.895100002060644, 1840890.992000000551343 ], [ 648303.752600001404062, 1840909.688200000906363 ], [ 648318.867200001492165, 1840932.913499999558553 ], [ 648329.570300001651049, 1840938.4023 ], [ 648381.197500001173466, 1840926.664699999149889 ], [ 648380.620300000882708, 1840908.97829999984242 ], [ 648381.700500000733882, 1840880.55409999913536 ], [ 648398.019100002478808, 1840864.587400000542402 ], [ 648417.957500001881272, 1840868.646500000962988 ], [ 648442.266300001996569, 1840895.051200000569224 ], [ 648467.317100001731887, 1840924.525199999334291 ], [ 648490.85080000187736, 1840951.689600000390783 ], [ 648502.205300001660362, 1840967.9563 ], [ 648538.247900002053939, 1841045.980399999534711 ], [ 648552.793600001372397, 1841051.519300000742078 ], [ 648623.452200001920573, 1841198.329399999463931 ], [ 648671.236900001531467, 1841186.551799999782816 ], [ 648702.23300000175368, 1841163.826500000199303 ], [ 648653.112500001210719, 1841015.716600000858307 ], [ 648574.001900002127513, 1840868.036699998890981 ] ] ] } },
{ "type": "Feature", "properties": { "OBJECTID": 84302, "HY_USE": 6, "HY_PNAME": "หนองแฝก", "HY_MRIVER": null, "SHAPE_LENG": 0.0, "SHAPE_LE_1": 0.0, "LENGTH": 550.150963, "AREA": 1.41298e-06, "SHAPE_LE_2": 550.15100695399997, "SHAPE_AREA": 16677.1646698, "PERIMETER": 0.005, "ACRES": 0.0, "HECTARES": 0.0 }, "geometry": { "type": "Polygon", "coordinates": [ [ [ 643714.44550000235904, 1840716.2676 ], [ 643697.780600001453422, 1840693.792100000195205 ], [ 643659.280800000648014, 1840699.520999999484047 ], [ 643612.131000001216307, 1840723.606100000208244 ], [ 643576.476000000606291, 1840750.89049999951385 ], [ 643565.319400001899339, 1840787.663000000873581 ], [ 643568.081700001261197, 1840816.137200000230223 ], [ 643599.358200001530349, 1840838.002800000598654 ], [ 643615.239700001780875, 1840861.9979 ], [ 643635.747100002132356, 1840885.283200000179932 ], [ 643667.419400001410395, 1840870.2562000004109 ], [ 643655.669100000523031, 1840820.166400000452995 ], [ 643669.81070000177715, 1840791.872199999168515 ], [ 643696.115000001620501, 1840776.025400000391528 ], [ 643715.509200002299622, 1840760.088600000366569 ], [ 643722.666600001743063, 1840737.873199999565259 ], [ 643714.44550000235904, 1840716.2676 ] ] ] } },
{ "type": "Feature", "properties": { "OBJECTID": 84310, "HY_USE": 6, "HY_PNAME": null, "HY_MRIVER": null, "SHAPE_LENG": 0.0, "SHAPE_LE_1": 0.0, "LENGTH": 1866.038281, "AREA": 2.18058e-06, "SHAPE_LE_2": 1866.0384900700001, "SHAPE_AREA": 25737.735347999998, "PERIMETER": 0.017, "ACRES": 0.0, "HECTARES": 0.0 }, "geometry": { "type": "Polygon", "coordinates": [ [ [ 646167.147100001573563, 1840680.764799998840317 ], [ 646189.773700001882389, 1840650.260999999474734 ], [ 646211.468500002287328, 1840634.3542 ], [ 646301.974900001543574, 1840581.52500000083819 ], [ 646352.992000000434928, 1840555.180299999425188 ], [ 646366.416200001491234, 1840522.277000000933185 ], [ 646374.010600000969134, 1840460.089700000127777 ], [ 646380.425900001311675, 1840435.564699999755248 ], [ 646388.036800001282245, 1840430.495699999853969 ], [ 646408.791600002208725, 1840377.046599999302998 ], [ 646359.621600001119077, 1840430.495699999621138 ], [ 646358.145600001327693, 1840434.55489999987185 ], [ 646343.055700002005324, 1840478.975900000194088 ], [ 646333.375100001459941, 1840521.147299999371171 ], [ 646317.782200001180172, 1840541.733100001234561 ], [ 646185.485900003230199, 1840620.237099999329075 ], [ 646157.458200001390651, 1840652.9804 ], [ 646141.090200002188794, 1840673.5563 ], [ 646072.3611000017263, 1840632.074699999764562 ], [ 646048.868700001621619, 1840601.071000000461936 ], [ 646039.864300000597723, 1840580.98509999923408 ], [ 646010.055500000948086, 1840565.2882999998983 ], [ 645973.344999999855645, 1840547.9817999987863 ], [ 645971.258800000767224, 1840527.975899999728426 ], [ 645973.394500001100823, 1840472.657099999720231 ], [ 645988.02260000188835, 1840399.791999999433756 ], [ 645983.066900001023896, 1840361.299799998756498 ], [ 645960.366100001847371, 1840328.006599999731407 ], [ 645935.875900002196431, 1840317.748699999647215 ], [ 645919.689300000900403, 1840322.177799999481067 ], [ 645920.827300001401454, 1840359.090299999574199 ], [ 645947.527300001587719, 1840377.826400000369176 ], [ 645951.839900001650676, 1840405.540799999376759 ], [ 645949.168200001353398, 1840438.5641 ], [ 645943.783699999912642, 1840509.999500000849366 ], [ 645941.582000002148561, 1840570.6972 ], [ 646004.324700000695884, 1840597.511699999682605 ], [ 646026.448300001793541, 1840613.1286 ], [ 646033.943700000876561, 1840630.884899999713525 ], [ 646077.341600003303029, 1840669.027200000360608 ], [ 646121.61360000167042, 1840697.941299999132752 ], [ 646145.369800001266412, 1840704.34999999939464 ], [ 646167.147100001573563, 1840680.764799998840317 ] ] ] } },
{ "type": "Feature", "properties": { "OBJECTID": 84405, "HY_USE": 6, "HY_PNAME": null, "HY_MRIVER": null, "SHAPE_LENG": 0.0, "SHAPE_LE_1": 0.0, "LENGTH": 937.642903, "AREA": 3.38318e-06, "SHAPE_LE_2": 937.64292312099997, "SHAPE_AREA": 39934.837486099997, "PERIMETER": 0.009, "ACRES": 0.0, "HECTARES": 0.0 }, "geometry": { "type": "Polygon", "coordinates": [ [ [ 644684.34640000120271, 1838753.187100000679493 ], [ 644636.809100001584738, 1838742.679300000891089 ], [ 644581.916500002145767, 1838771.293500000378117 ], [ 644592.908200001693331, 1838821.373299999162555 ], [ 644607.420900002820417, 1838899.937299999641255 ], [ 644622.560299999895506, 1838992.338500001002103 ], [ 644636.273100001038983, 1839074.741699998965487 ], [ 644640.008500003721565, 1839084.769600000232458 ], [ 644659.567600000649691, 1839124.181600000942126 ], [ 644698.587000001920387, 1839140.748199999332428 ], [ 644722.574100001249462, 1839126.411199999740347 ], [ 644751.4099000004353, 1839089.828600000357255 ], [ 644733.582300001522526, 1839005.755699999630451 ], [ 644708.919000000925735, 1838914.234400000423193 ], [ 644706.461800001794472, 1838840.289400000358 ], [ 644708.374800000106916, 1838805.716399998869747 ], [ 644684.34640000120271, 1838753.187100000679493 ] ] ] } },
{ "type": "Feature", "properties": { "OBJECTID": 84409, "HY_USE": 1, "HY_PNAME": null, "HY_MRIVER": null, "SHAPE_LENG": 0.0, "SHAPE_LE_1": 0.0, "LENGTH": 668.803319, "AREA": 1.26319e-06, "SHAPE_LE_2": 668.80334446100005, "SHAPE_AREA": 14910.5617059, "PERIMETER": 0.006, "ACRES": 0.0, "HECTARES": 0.0 }, "geometry": { "type": "Polygon", "coordinates": [ [ [ 644348.823000001371838, 1838767.884099998977035 ], [ 644301.82990000222344, 1838742.449300000676885 ], [ 644163.085400001029484, 1838988.929199999198318 ], [ 644210.84530000097584, 1839011.284600000130013 ], [ 644348.823000001371838, 1838767.884099998977035 ] ] ] } },
{ "type": "Feature", "properties": { "OBJECTID": 84422, "HY_USE": 7, "HY_PNAME": null, "HY_MRIVER": null, "SHAPE_LENG": 0.0, "SHAPE_LE_1": 0.0, "LENGTH": 1087.717174, "AREA": 2.6173e-06, "SHAPE_LE_2": 1087.71721972, "SHAPE_AREA": 30893.374824400002, "PERIMETER": 0.01, "ACRES": 0.0, "HECTARES": 0.0 }, "geometry": { "type": "Polygon", "coordinates": [ [ [ 639649.145300001604483, 1838899.377399999182671 ], [ 639669.553700001793914, 1838843.728700000792742 ], [ 639630.715800001984462, 1838843.838699999265373 ], [ 639529.423900000983849, 1838842.588899999391288 ], [ 639402.916100000729784, 1838810.175500000128523 ], [ 639219.965600001392886, 1838744.418900000164285 ], [ 639175.190600001718849, 1838805.456499999621883 ], [ 639282.683500001206994, 1838846.298199999611825 ], [ 639384.049600000493228, 1838874.202500000130385 ], [ 639519.677300000796095, 1838899.727299999212846 ], [ 639649.145300001604483, 1838899.377399999182671 ] ] ] } },
{ "type": "Feature", "properties": { "OBJECTID": 84431, "HY_USE": 6, "HY_PNAME": "หนองแหลมพระ", "HY_MRIVER": null, "SHAPE_LENG": 0.0, "SHAPE_LE_1": 0.0, "LENGTH": 282.170194, "AREA": 4.8471e-07, "SHAPE_LE_2": 282.17024987799999, "SHAPE_AREA": 5721.6756837499997, "PERIMETER": 0.003, "ACRES": 0.0, "HECTARES": 0.0 }, "geometry": { "type": "Polygon", "coordinates": [ [ [ 648855.226400001556613, 1838647.00870000012219 ], [ 648841.36510000214912, 1838639.3003 ], [ 648820.560900001088157, 1838641.609799999278039 ], [ 648802.073700001230463, 1838644.679199999198318 ], [ 648777.418600002070889, 1838653.917300001485273 ], [ 648764.316000001737848, 1838667.014699999243021 ], [ 648758.914900002535433, 1838682.42149999900721 ], [ 648761.223800001549534, 1838697.828400000697002 ], [ 648765.841400002362207, 1838709.386100000236183 ], [ 648777.402100001694635, 1838717.094499999890104 ], [ 648811.29250000230968, 1838716.334599999710917 ], [ 648825.162000000826083, 1838709.396099999314174 ], [ 648842.115500003797933, 1838693.999199999030679 ], [ 648850.592200001119636, 1838682.44150000042282 ], [ 648857.535200001788326, 1838664.725099999224767 ], [ 648855.226400001556613, 1838647.00870000012219 ] ] ] } },
{ "type": "Feature", "properties": { "OBJECTID": 84435, "HY_USE": 7, "HY_PNAME": "หนองแฝก", "HY_MRIVER": null, "SHAPE_LENG": 0.0, "SHAPE_LE_1": 0.0, "LENGTH": 1576.202415, "AREA": 3.6431e-06, "SHAPE_LE_2": 1576.20240126, "SHAPE_AREA": 43002.060920199998, "PERIMETER": 0.015, "ACRES": 0.0, "HECTARES": 0.0 }, "geometry": { "type": "Polygon", "coordinates": [ [ [ 639580.003900000359863, 1838585.92119999974966 ], [ 639644.626600001356564, 1838545.389399999286979 ], [ 639725.889400001498871, 1838461.396500000962988 ], [ 639778.23400000075344, 1838385.861900000134483 ], [ 639802.460300001897849, 1838332.482800000114366 ], [ 639808.488000000361353, 1838308.097700000507757 ], [ 639777.986600001109764, 1838293.710699999006465 ], [ 639736.988300001015887, 1838340.281199999153614 ], [ 639676.298800001153722, 1838427.263499998953193 ], [ 639596.5285000015283, 1838499.058899999829009 ], [ 639501.454000001656823, 1838544.24970000050962 ], [ 639390.291700001456775, 1838555.207399999490008 ], [ 639221.928100001183338, 1838532.822000000625849 ], [ 639181.548200001823716, 1838528.352900000289083 ], [ 639170.795600000536069, 1838586.141100000590086 ], [ 639339.926100000739098, 1838603.367599998600781 ], [ 639476.485500000882894, 1838606.007099999347702 ], [ 639580.003900000359863, 1838585.92119999974966 ] ] ] } },
{ "type": "Feature", "properties": { "OBJECTID": 84462, "HY_USE": 6, "HY_PNAME": "หนองบัว", "HY_MRIVER": null, "SHAPE_LENG": 0.0, "SHAPE_LE_1": 0.0, "LENGTH": 286.829664, "AREA": 5.349e-07, "SHAPE_LE_2": 286.82967642, "SHAPE_AREA": 6314.4654266300004, "PERIMETER": 0.003, "ACRES": 0.0, "HECTARES": 0.0 }, "geometry": { "type": "Polygon", "coordinates": [ [ [ 649326.187800001120195, 1837852.87040000082925 ], [ 649304.616700001526624, 1837852.1006 ], [ 649282.270400001434609, 1837864.417999999364838 ], [ 649274.560600001597777, 1837874.426000000908971 ], [ 649273.785400002030656, 1837891.372600000351667 ], [ 649273.010300002060831, 1837908.32909999974072 ], [ 649286.104700002237223, 1837925.275699998950586 ], [ 649320.770300001371652, 1837939.152799998642877 ], [ 649341.574500001966953, 1837931.454399999463931 ], [ 649361.603700001491234, 1837917.597200000658631 ], [ 649366.229600002290681, 1837902.9602 ], [ 649364.695900001097471, 1837885.24379999935627 ], [ 649356.227400002069771, 1837865.97770000086166 ], [ 649344.675000001559965, 1837856.729599999496713 ], [ 649326.187800001120195, 1837852.87040000082925 ] ] ] } },
{ "type": "Feature", "properties": { "OBJECTID": 84466, "HY_USE": 6, "HY_PNAME": null, "HY_MRIVER": null, "SHAPE_LENG": 0.0, "SHAPE_LE_1": 0.0, "LENGTH": 1022.024402, "AREA": 1.69342e-06, "SHAPE_LE_2": 1022.0243253, "SHAPE_AREA": 19990.625048800001, "PERIMETER": 0.009, "ACRES": 0.0, "HECTARES": 0.0 }, "geometry": { "type": "Polygon", "coordinates": [ [ [ 646326.646500001661479, 1837319.6689 ], [ 646277.344599999953061, 1837316.579600000288337 ], [ 646359.720599999884143, 1837499.952199999243021 ], [ 646405.138700001640245, 1837607.050399999832734 ], [ 646410.531500000623055, 1837629.395899999653921 ], [ 646405.897300003212877, 1837641.723400000482798 ], [ 646398.19570000085514, 1837654.05089999968186 ], [ 646384.326200001989491, 1837666.368399999802932 ], [ 646358.129100000485778, 1837676.376299999654293 ], [ 646335.782900001038797, 1837690.2335 ], [ 646344.251400002278388, 1837712.5789 ], [ 646382.767700001480989, 1837702.581 ], [ 646388.943800000473857, 1837683.314899999648333 ], [ 646410.515000001061708, 1837665.608499999856576 ], [ 646474.469700000248849, 1837636.354499999200925 ], [ 646452.91510000184644, 1837587.034499999135733 ], [ 646386.701000002445653, 1837442.184000000124797 ], [ 646326.646500001661479, 1837319.6689 ] ] ] } },
{ "type": "Feature", "properties": { "OBJECTID": 84500, "HY_USE": 6, "HY_PNAME": null, "HY_MRIVER": null, "SHAPE_LENG": 0.0, "SHAPE_LE_1": 0.0, "LENGTH": 729.39678, "AREA": 2.73855e-06, "SHAPE_LE_2": 729.39687675200003, "SHAPE_AREA": 32329.4426853, "PERIMETER": 0.007, "ACRES": 0.0, "HECTARES": 0.0 }, "geometry": { "type": "Polygon", "coordinates": [ [ [ 646596.392800001194701, 1836776.779400000581518 ], [ 646639.543300002231263, 1836746.745500000193715 ], [ 646665.732100001652725, 1836748.295199998887256 ], [ 646681.910400002612732, 1836762.1624 ], [ 646692.687800002284348, 1836769.100999999791384 ], [ 646705.015300001716241, 1836772.190400000428781 ], [ 646705.790400001569651, 1836759.093000000575557 ], [ 646703.489800001494586, 1836734.437999999383464 ], [ 646708.132200001506135, 1836662.7926 ], [ 646709.682400001445785, 1836641.217000000411645 ], [ 646662.70590000168886, 1836571.871099999640137 ], [ 646657.313100002007559, 1836571.871099999174476 ], [ 646532.512200000928715, 1836561.813200000673532 ], [ 646517.834600001340732, 1836693.546399999177083 ], [ 646510.133000002242625, 1836699.705100000370294 ], [ 646596.392800001194701, 1836776.779400000581518 ] ] ] } },
{ "type": "Feature", "properties": { "OBJECTID": 84522, "HY_USE": 6, "HY_PNAME": null, "HY_MRIVER": null, "SHAPE_LENG": 0.0, "SHAPE_LE_1": 0.0, "LENGTH": 640.796337, "AREA": 2.14939e-06, "SHAPE_LE_2": 640.79632809199995, "SHAPE_AREA": 25374.600150599999, "PERIMETER": 0.006, "ACRES": 0.0, "HECTARES": 0.0 }, "geometry": { "type": "Polygon", "coordinates": [ [ [ 645153.609200001228601, 1836150.84679999970831 ], [ 645142.089700002456084, 1836057.625800000270829 ], [ 644960.252400001278147, 1836109.185300000477582 ], [ 645013.372100002248771, 1836250.956499999621883 ], [ 645119.685800001490861, 1836240.19859999907203 ], [ 645135.122000002418645, 1836166.243699999060482 ], [ 645153.609200001228601, 1836150.84679999970831 ] ] ] } },
{ "type": "Feature", "properties": { "OBJECTID": 84535, "HY_USE": 6, "HY_PNAME": null, "HY_MRIVER": null, "SHAPE_LENG": 0.0, "SHAPE_LE_1": 0.0, "LENGTH": 640.127973, "AREA": 1.74512e-06, "SHAPE_LE_2": 640.12791269000002, "SHAPE_AREA": 20601.5553421, "PERIMETER": 0.006, "ACRES": 0.0, "HECTARES": 0.0 }, "geometry": { "type": "Polygon", "coordinates": [ [ [ 640186.015700000803918, 1835662.6162 ], [ 640100.679500000434928, 1835647.609300001058728 ], [ 640090.454600000753999, 1835809.8562 ], [ 640086.908900001319125, 1835907.3464 ], [ 640096.037100001703948, 1835901.987500000512227 ], [ 640175.081700001726858, 1835843.899299999466166 ], [ 640193.222600001143292, 1835792.819700000574812 ], [ 640191.515700001036748, 1835722.764 ], [ 640186.015700000803918, 1835662.6162 ] ] ] } },
{ "type": "Feature", "properties": { "OBJECTID": 84550, "HY_USE": 6, "HY_PNAME": null, "HY_MRIVER": null, "SHAPE_LENG": 0.0, "SHAPE_LE_1": 0.0, "LENGTH": 307.185517, "AREA": 6.1369e-07, "SHAPE_LE_2": 307.18547915300002, "SHAPE_AREA": 7244.7868779800001, "PERIMETER": 0.003, "ACRES": 0.0, "HECTARES": 0.0 }, "geometry": { "type": "Polygon", "coordinates": [ [ [ 640439.418800001498312, 1835634.5319 ], [ 640418.062000000965782, 1835623.164200000232086 ], [ 640399.789200000930578, 1835623.974099999526516 ], [ 640375.447500000242144, 1835634.701899999752641 ], [ 640360.266900000860915, 1835653.788000000407919 ], [ 640360.341100001242012, 1835683.48200000054203 ], [ 640375.645400001085363, 1835707.816999999107793 ], [ 640393.959400001680478, 1835721.474199999123812 ], [ 640437.349000001559034, 1835713.745799999451265 ], [ 640454.038600000203587, 1835690.090600001160055 ], [ 640453.189300000201911, 1835657.347300000721589 ], [ 640439.418800001498312, 1835634.5319 ] ] ] } },
{ "type": "Feature", "properties": { "OBJECTID": 84563, "HY_USE": 6, "HY_PNAME": null, "HY_MRIVER": null, "SHAPE_LENG": 0.0, "SHAPE_LE_1": 0.0, "LENGTH": 395.107025, "AREA": 3.3759e-07, "SHAPE_LE_2": 395.10708380300002, "SHAPE_AREA": 3985.6080591899999, "PERIMETER": 0.004, "ACRES": 0.0, "HECTARES": 0.0 }, "geometry": { "type": "Polygon", "coordinates": [ [ [ 646315.704200001433492, 1835449.639599999180064 ], [ 646313.296500001568347, 1835437.971899999072775 ], [ 646287.874500000849366, 1835444.900499999523163 ], [ 646277.864100000821054, 1835431.023399998899549 ], [ 646264.769700001110323, 1835415.616499999538064 ], [ 646247.049300001235679, 1835409.447699999669567 ], [ 646230.104100001510233, 1835417.14619999891147 ], [ 646220.85230000235606, 1835427.934000000357628 ], [ 646191.579600000986829, 1835431.003399999346584 ], [ 646183.869700000621378, 1835431.003399999812245 ], [ 646183.407900001853704, 1835441.361199998995289 ], [ 646185.403400000068359, 1835458.737700000405312 ], [ 646213.142400002339855, 1835458.7377 ], [ 646227.011900001671165, 1835456.438200000207871 ], [ 646236.255500001134351, 1835446.420199999585748 ], [ 646241.648300001397729, 1835434.872599999886006 ], [ 646247.04930000170134, 1835426.394300000509247 ], [ 646254.751000003190711, 1835431.023399998899549 ], [ 646264.761400001938455, 1835436.412299999268726 ], [ 646269.379100000602193, 1835446.430199998896569 ], [ 646270.146000000881031, 1835459.527599999215454 ], [ 646271.68790000223089, 1835470.315400000428781 ], [ 646277.08070000144653, 1835473.394699999829754 ], [ 646283.240400000708178, 1835478.793600000906736 ], [ 646294.025899999542162, 1835478.793600000673905 ], [ 646305.586600000970066, 1835474.174599999329075 ], [ 646316.372200001147576, 1835469.555500000948086 ], [ 646315.704200001433492, 1835449.639599999180064 ] ] ] } },
{ "type": "Feature", "properties": { "OBJECTID": 84571, "HY_USE": 6, "HY_PNAME": "หนองหัวไผ่", "HY_MRIVER": null, "SHAPE_LENG": 0.0, "SHAPE_LE_1": 0.0, "LENGTH": 1309.34546, "AREA": 1.019541e-05, "SHAPE_LE_2": 1309.3453440400001, "SHAPE_AREA": 120368.826952, "PERIMETER": 0.012, "ACRES": 0.0, "HECTARES": 0.0 }, "geometry": { "type": "Polygon", "coordinates": [ [ [ 646893.573000001837499, 1834894.252599999308586 ], [ 646879.711800000630319, 1834891.9331 ], [ 646866.609100001282059, 1834896.552100000437349 ], [ 646840.412100002169609, 1834903.480699999490753 ], [ 646811.906200001714751, 1834907.320000000298023 ], [ 646783.400300001492724, 1834913.478700000792742 ], [ 646761.054100001696497, 1834928.875600000610575 ], [ 646744.10060000163503, 1834951.210999999660999 ], [ 646735.615600001532584, 1834976.635800000280142 ], [ 646726.372000001720153, 1834993.582399999024346 ], [ 646701.708700002520345, 1835023.616300000110641 ], [ 646690.914900002302602, 1835045.181899999734014 ], [ 646686.289000001037493, 1835060.588799999793991 ], [ 646680.121100001502782, 1835079.08500000089407 ], [ 646671.627900001592934, 1835118.367000000551343 ], [ 646678.546100001549348, 1835167.676999999210238 ], [ 646693.166000001481734, 1835247.0308 ], [ 646730.890800001448952, 1835310.987800000235438 ], [ 646762.464100002078339, 1835345.660700000822544 ], [ 646812.541100002126768, 1835355.698699999367818 ], [ 646857.225300001446158, 1835359.557900000130758 ], [ 646891.89090000197757, 1835358.028200000524521 ], [ 646916.545900001539849, 1835341.0917 ], [ 646927.339700002339669, 1835326.454600000288337 ], [ 646953.536800001631491, 1835316.446699999272823 ], [ 646974.341100001707673, 1835304.129199999617413 ], [ 646998.229300001170486, 1835285.642899999627843 ], [ 647029.052200001198798, 1835263.317500000353903 ], [ 647020.583800000604242, 1835232.49379999935627 ], [ 647014.4324000015622, 1835192.431899999734014 ], [ 647009.822900002123788, 1835155.449400000739843 ], [ 646992.886000002152286, 1835118.466999999480322 ], [ 646971.323100001900457, 1835087.643200000748038 ], [ 646963.629700002376921, 1835056.829500000923872 ], [ 646959.020300001604483, 1835019.846999999368563 ], [ 646955.177700001513585, 1834990.573000000789762 ], [ 646945.942400001222268, 1834961.289000000804663 ], [ 646932.081100001465529, 1834930.475199998822063 ], [ 646915.144100001547486, 1834905.8103 ], [ 646893.573000001837499, 1834894.252599999308586 ] ] ] } },
{ "type": "Feature", "properties": { "OBJECTID": 84577, "HY_USE": 6, "HY_PNAME": "บึงซิว", "HY_MRIVER": null, "SHAPE_LENG": 0.0, "SHAPE_LE_1": 0.0, "LENGTH": 1074.045385, "AREA": 4.36428e-06, "SHAPE_LE_2": 1074.0455329599999, "SHAPE_AREA": 51525.255009799999, "PERIMETER": 0.01, "ACRES": 0.0, "HECTARES": 0.0 }, "geometry": { "type": "Polygon", "coordinates": [ [ [ 645767.899800001643598, 1834994.552200000733137 ], [ 645781.77760000131093, 1834969.907199998851866 ], [ 645776.393000002135523, 1834949.101399999111891 ], [ 645751.738000001292676, 1834962.958599999081343 ], [ 645728.616600001463667, 1834986.063899999251589 ], [ 645686.249500000849366, 1834976.8058 ], [ 645690.10850000125356, 1834948.301599999656901 ], [ 645710.145900001050904, 1834927.505799999460578 ], [ 645726.3243000023067, 1834926.74599999957718 ], [ 645747.120300001115538, 1834922.896799999289215 ], [ 645755.597000000998378, 1834913.6587 ], [ 645743.27770000055898, 1834899.781500000506639 ], [ 645706.303400000557303, 1834896.692099999869242 ], [ 645663.928000001469627, 1834887.434000000124797 ], [ 645634.655200001201592, 1834880.495399999897927 ], [ 645618.476900000940077, 1834883.5648 ], [ 645587.662200000951998, 1834892.033099999418482 ], [ 645566.857900001923554, 1834902.810900001320988 ], [ 645549.904400001862086, 1834922.836799999466166 ], [ 645537.56870000064373, 1834945.942099999403581 ], [ 645529.850500000873581, 1834978.295499998843297 ], [ 645517.514800002565607, 1835008.339400000637397 ], [ 645512.888800000888295, 1835039.923000000184402 ], [ 645535.985500002396293, 1835076.9154 ], [ 645562.166000001365319, 1835111.588400000473484 ], [ 645579.878099999972619, 1835133.933800000464544 ], [ 645606.842000001459382, 1835145.501499999314547 ], [ 645644.591499999980442, 1835147.051200000103563 ], [ 645706.996000001789071, 1835129.3548 ], [ 645760.932100001489744, 1835104.719799998914823 ], [ 645791.755100001115352, 1835092.402300000423566 ], [ 645795.605900000897236, 1835086.233500000555068 ], [ 645774.034700000658631, 1835083.924000000115484 ], [ 645764.799400000367314, 1835064.657899999758229 ], [ 645760.956800000974908, 1835032.29450000054203 ], [ 645767.899800001643598, 1834994.552200000733137 ] ] ] } },
{ "type": "Feature", "properties": { "OBJECTID": 84596, "HY_USE": 6, "HY_PNAME": null, "HY_MRIVER": null, "SHAPE_LENG": 0.0, "SHAPE_LE_1": 0.0, "LENGTH": 651.899661, "AREA": 6.3532e-07, "SHAPE_LE_2": 651.89971470399996, "SHAPE_AREA": 7500.7718175199998, "PERIMETER": 0.006, "ACRES": 0.0, "HECTARES": 0.0 }, "geometry": { "type": "Polygon", "coordinates": [ [ [ 643132.824800001108088, 1834392.734699999680743 ], [ 643124.933600001735613, 1834379.57740000076592 ], [ 643114.345900001586415, 1834367.199899998959154 ], [ 643093.549900000914931, 1834358.721599999349564 ], [ 643065.04400000104215, 1834361.790999999037012 ], [ 643038.847000001580454, 1834367.949700000230223 ], [ 642998.780400000163354, 1834373.328600000124425 ], [ 642977.209300001850352, 1834378.717499999562278 ], [ 642974.488100001704879, 1834387.285800000885502 ], [ 642995.688200000440702, 1834400.393100001616403 ], [ 643028.04490000102669, 1834397.323799999430776 ], [ 643066.569500001030974, 1834386.546000000322238 ], [ 643090.457700000843033, 1834385.016299999784678 ], [ 643108.16980000177864, 1834400.42310000048019 ], [ 643117.40510000125505, 1834422.7686 ], [ 643122.789600000716746, 1834448.963199999649078 ], [ 643128.941000002319925, 1834476.697599999606609 ], [ 643138.184600001201034, 1834501.362600000808015 ], [ 643148.195100001059473, 1834517.539299999829382 ], [ 643160.514400001498871, 1834531.406500000273809 ], [ 643170.524800001410767, 1834536.035499999066815 ], [ 643177.459600000758655, 1834536.035499999532476 ], [ 643184.394400001503527, 1834529.876800000201911 ], [ 643189.795400001108646, 1834522.178300000727177 ], [ 643181.318700000876561, 1834510.620699999853969 ], [ 643170.541300001204945, 1834500.592700000386685 ], [ 643158.988900001975708, 1834489.80489999987185 ], [ 643151.28730000089854, 1834473.628200000151992 ], [ 643146.669599999091588, 1834456.681700001237914 ], [ 643142.051900001824833, 1834435.875900000566617 ], [ 643135.900500001385808, 1834413.530499998945743 ], [ 643132.824800001108088, 1834392.734699999680743 ] ] ] } },
{ "type": "Feature", "properties": { "OBJECTID": 84598, "HY_USE": 6, "HY_PNAME": null, "HY_MRIVER": null, "SHAPE_LENG": 0.0, "SHAPE_LE_1": 0.0, "LENGTH": 985.835372, "AREA": 1.69652e-06, "SHAPE_LE_2": 985.83528707400001, "SHAPE_AREA": 20029.5145534, "PERIMETER": 0.009, "ACRES": 0.0, "HECTARES": 0.0 }, "geometry": { "type": "Polygon", "coordinates": [ [ [ 642633.27510000183247, 1834182.017599999438971 ], [ 642569.600700001581572, 1834119.380300000309944 ], [ 642531.026600001961924, 1834152.083699999144301 ], [ 642552.76270000054501, 1834173.209400000283495 ], [ 642617.072000000509433, 1834226.648499998729676 ], [ 642658.878400000510737, 1834259.74180000112392 ], [ 642678.445800001733005, 1834289.315700000151992 ], [ 642688.810900000622496, 1834318.259899999480695 ], [ 642704.791300000739284, 1834365.500199999660254 ], [ 642717.118800002150238, 1834424.278300000587478 ], [ 642742.746900001075119, 1834503.532099999720231 ], [ 642760.475500000407919, 1834458.111400000751019 ], [ 642803.131200001458637, 1834442.954500000691041 ], [ 642778.36070000147447, 1834424.16829999932088 ], [ 642761.184600001666695, 1834400.683099999791011 ], [ 642753.029500001692213, 1834365.5802 ], [ 642747.051300001097843, 1834322.029100000159815 ], [ 642724.053600002080202, 1834266.470399999525398 ], [ 642701.633200001902878, 1834251.473400000482798 ], [ 642687.565700001083314, 1834231.007600000360981 ], [ 642633.27510000183247, 1834182.017599999438971 ] ] ] } },
{ "type": "Feature", "properties": { "OBJECTID": 84599, "HY_USE": 6, "HY_PNAME": null, "HY_MRIVER": null, "SHAPE_LENG": 0.0, "SHAPE_LE_1": 0.0, "LENGTH": 1171.450409, "AREA": 2.46071e-06, "SHAPE_LE_2": 1171.45042326, "SHAPE_AREA": 29052.040930399999, "PERIMETER": 0.011, "ACRES": 0.0, "HECTARES": 0.0 }, "geometry": { "type": "Polygon", "coordinates": [ [ [ 643514.195100001990795, 1834349.473499999381602 ], [ 643493.852600000565872, 1834318.369799999287352 ], [ 643457.521500001312234, 1834347.983799999346957 ], [ 643446.505000001634471, 1834326.708100000629202 ], [ 643420.621300000464544, 1834283.436899998923764 ], [ 643375.244400001945905, 1834161.591700000921264 ], [ 643360.17930000112392, 1834071.460100000957027 ], [ 643370.758700001752004, 1834062.1219999990426 ], [ 643268.097900002030656, 1834003.104000000515953 ], [ 643263.554500001249835, 1834060.592299998970702 ], [ 643293.635300001362339, 1834076.239099999656901 ], [ 643289.611300000804476, 1834116.110999999335036 ], [ 643286.552100001252256, 1834169.7401 ], [ 643294.022900003008544, 1834210.211799999466166 ], [ 643323.988200001069345, 1834271.799299999838695 ], [ 643351.422200001310557, 1834262.981100000673905 ], [ 643363.997100002015941, 1834285.7765 ], [ 643426.310900001088157, 1834360.681199999060482 ], [ 643443.973500002059154, 1834364.250499999383464 ], [ 643454.932300001964904, 1834380.937100000213832 ], [ 643450.438300000620075, 1834441.484799999045208 ], [ 643474.24400000157766, 1834392.9147 ], [ 643514.195100001990795, 1834349.473499999381602 ] ] ] } },
{ "type": "Feature", "properties": { "OBJECTID": 84602, "HY_USE": 6, "HY_PNAME": null, "HY_MRIVER": null, "SHAPE_LENG": 0.0, "SHAPE_LE_1": 0.0, "LENGTH": 1036.096654, "AREA": 5.02959e-06, "SHAPE_LE_2": 1036.09668296, "SHAPE_AREA": 59382.9993254, "PERIMETER": 0.01, "ACRES": 0.0, "HECTARES": 0.0 }, "geometry": { "type": "Polygon", "coordinates": [ [ [ 647001.618300002301112, 1834196.7246 ], [ 646985.398700000951067, 1834133.417500000214204 ], [ 646954.707700002007186, 1834074.909399999305606 ], [ 646908.258900000946596, 1834038.8167 ], [ 646860.45770000142511, 1834015.001599998911843 ], [ 646818.964600001461804, 1834004.87360000028275 ], [ 646785.964700001874007, 1833999.2248 ], [ 646746.120800000964664, 1833996.725299999350682 ], [ 646733.240800001658499, 1834006.093399999430403 ], [ 646733.059400000842288, 1834047.445000001229346 ], [ 646729.563199999276549, 1834070.4603 ], [ 646700.785200001555495, 1834092.305800000671297 ], [ 646666.960700000752695, 1834136.426899999612942 ], [ 646683.485400001402013, 1834167.580499999690801 ], [ 646737.94090000144206, 1834174.459100000327453 ], [ 646786.113200000952929, 1834170.709899999201298 ], [ 646811.832000002032146, 1834202.503399999579415 ], [ 646845.829600001685321, 1834224.219000000972301 ], [ 646867.458400001050904, 1834237.686300000874326 ], [ 646871.630800001556054, 1834262.131300000241026 ], [ 646899.543000001227483, 1834286.22639999887906 ], [ 646944.375700001372024, 1834316.210299999685958 ], [ 646978.464000000851229, 1834291.225400000577793 ], [ 646999.46610000077635, 1834260.301699999487028 ], [ 647001.618300002301112, 1834196.7246 ] ] ] } },
{ "type": "Feature", "properties": { "OBJECTID": 84609, "HY_USE": 6, "HY_PNAME": null, "HY_MRIVER": null, "SHAPE_LENG": 0.0, "SHAPE_LE_1": 0.0, "LENGTH": 588.849441, "AREA": 7.9978e-07, "SHAPE_LE_2": 588.84943573800001, "SHAPE_AREA": 9442.5434245300003, "PERIMETER": 0.005, "ACRES": 0.0, "HECTARES": 0.0 }, "geometry": { "type": "Polygon", "coordinates": [ [ [ 642584.773000000976026, 1833948.665100001031533 ], [ 642577.326999999466352, 1833938.707100000465289 ], [ 642539.231200001901016, 1833951.504499999573454 ], [ 642497.424800001084805, 1833972.770199998980388 ], [ 642472.497600001981482, 1833996.0954 ], [ 642468.490100000984967, 1834037.496999999508262 ], [ 642483.72020000196062, 1834085.507200000574812 ], [ 642504.194700000924058, 1834125.029200000688434 ], [ 642522.822000001324341, 1834143.135500000556931 ], [ 642562.187700000475161, 1834111.9518 ], [ 642531.133800001465715, 1834081.767999998759478 ], [ 642513.858800000278279, 1834051.394200000911951 ], [ 642509.636900001903996, 1834023.889799999073148 ], [ 642519.960700000519864, 1833996.185399998910725 ], [ 642541.103100001811981, 1833975.209700000705197 ], [ 642568.619400000432506, 1833972.520199999446049 ], [ 642593.117800001753494, 1833972.170299999648705 ], [ 642584.773000000976026, 1833948.665100001031533 ] ] ] } }
]
}
